DATA_STATUS,plate_id,ctrl_type,value_raw
SYNTHETIC_ILLUSTRATIVE_NOT_REAL,PLT-A-PHH-Cel-ctrl,neg,100.07
SYNTHETIC_ILLUSTRATIVE_NOT_REAL,PLT-A-PHH-Cel-ctrl,neg,97.89
SYNTHETIC_ILLUSTRATIVE_NOT_REAL,PLT-A-PHH-Cel-ctrl,neg,100.52
SYNTHETIC_ILLUSTRATIVE_NOT_REAL,PLT-A-PHH-Cel-ctrl,neg,98.28
SYNTHETIC_ILLUSTRATIVE_NOT_REAL,PLT-A-PHH-Cel-ctrl,neg,101.94
SYNTHETIC_ILLUSTRATIVE_NOT_REAL,PLT-A-PHH-Cel-ctrl,neg,100.39
SYNTHETIC_ILLUSTRATIVE_NOT_REAL,PLT-A-PHH-Cel-ctrl,neg,100.18
SYNTHETIC_ILLUSTRATIVE_NOT_REAL,PLT-A-PHH-Cel-ctrl,neg,98.82
SYNTHETIC_ILLUSTRATIVE_NOT_REAL,PLT-A-PHH-Cel-ctrl,pos,9.91
SYNTHETIC_ILLUSTRATIVE_NOT_REAL,PLT-A-PHH-Cel-ctrl,pos,8.4
SYNTHETIC_ILLUSTRATIVE_NOT_REAL,PLT-A-PHH-Cel-ctrl,pos,9.09
SYNTHETIC_ILLUSTRATIVE_NOT_REAL,PLT-A-PHH-Cel-ctrl,pos,10.29
SYNTHETIC_ILLUSTRATIVE_NOT_REAL,PLT-A-PHH-Cel-ctrl,pos,8.3
SYNTHETIC_ILLUSTRATIVE_NOT_REAL,PLT-A-PHH-Cel-ctrl,pos,10.68
SYNTHETIC_ILLUSTRATIVE_NOT_REAL,PLT-A-PHH-Cel-ctrl,pos,8.6
SYNTHETIC_ILLUSTRATIVE_NOT_REAL,PLT-A-PHH-Cel-ctrl,pos,10.61
SYNTHETIC_ILLUSTRATIVE_NOT_REAL,PLT-A-PHH-LDH-ctrl,neg,97.71
SYNTHETIC_ILLUSTRATIVE_NOT_REAL,PLT-A-PHH-LDH-ctrl,neg,96.62
SYNTHETIC_ILLUSTRATIVE_NOT_REAL,PLT-A-PHH-LDH-ctrl,neg,101.63
SYNTHETIC_ILLUSTRATIVE_NOT_REAL,PLT-A-PHH-LDH-ctrl,neg,97.97
SYNTHETIC_ILLUSTRATIVE_NOT_REAL,PLT-A-PHH-LDH-ctrl,neg,99.98
SYNTHETIC_ILLUSTRATIVE_NOT_REAL,PLT-A-PHH-LDH-ctrl,neg,101.68
SYNTHETIC_ILLUSTRATIVE_NOT_REAL,PLT-A-PHH-LDH-ctrl,neg,96.71
SYNTHETIC_ILLUSTRATIVE_NOT_REAL,PLT-A-PHH-LDH-ctrl,neg,95.78
SYNTHETIC_ILLUSTRATIVE_NOT_REAL,PLT-A-PHH-LDH-ctrl,pos,10.21
SYNTHETIC_ILLUSTRATIVE_NOT_REAL,PLT-A-PHH-LDH-ctrl,pos,10.04
SYNTHETIC_ILLUSTRATIVE_NOT_REAL,PLT-A-PHH-LDH-ctrl,pos,9.8
SYNTHETIC_ILLUSTRATIVE_NOT_REAL,PLT-A-PHH-LDH-ctrl,pos,10.03
SYNTHETIC_ILLUSTRATIVE_NOT_REAL,PLT-A-PHH-LDH-ctrl,pos,9.31
SYNTHETIC_ILLUSTRATIVE_NOT_REAL,PLT-A-PHH-LDH-ctrl,pos,8.79
SYNTHETIC_ILLUSTRATIVE_NOT_REAL,PLT-A-PHH-LDH-ctrl,pos,9.87
SYNTHETIC_ILLUSTRATIVE_NOT_REAL,PLT-A-PHH-LDH-ctrl,pos,9.22
SYNTHETIC_ILLUSTRATIVE_NOT_REAL,PLT-A-PHH-ALT-ctrl,neg,99.59
SYNTHETIC_ILLUSTRATIVE_NOT_REAL,PLT-A-PHH-ALT-ctrl,neg,100.11
SYNTHETIC_ILLUSTRATIVE_NOT_REAL,PLT-A-PHH-ALT-ctrl,neg,103.02
SYNTHETIC_ILLUSTRATIVE_NOT_REAL,PLT-A-PHH-ALT-ctrl,neg,101.11
SYNTHETIC_ILLUSTRATIVE_NOT_REAL,PLT-A-PHH-ALT-ctrl,neg,99.88
SYNTHETIC_ILLUSTRATIVE_NOT_REAL,PLT-A-PHH-ALT-ctrl,neg,98.84
SYNTHETIC_ILLUSTRATIVE_NOT_REAL,PLT-A-PHH-ALT-ctrl,neg,98.73
SYNTHETIC_ILLUSTRATIVE_NOT_REAL,PLT-A-PHH-ALT-ctrl,neg,103.21
SYNTHETIC_ILLUSTRATIVE_NOT_REAL,PLT-A-PHH-ALT-ctrl,pos,10.41
SYNTHETIC_ILLUSTRATIVE_NOT_REAL,PLT-A-PHH-ALT-ctrl,pos,10.05
SYNTHETIC_ILLUSTRATIVE_NOT_REAL,PLT-A-PHH-ALT-ctrl,pos,9.72
SYNTHETIC_ILLUSTRATIVE_NOT_REAL,PLT-A-PHH-ALT-ctrl,pos,9.11
SYNTHETIC_ILLUSTRATIVE_NOT_REAL,PLT-A-PHH-ALT-ctrl,pos,9.95
SYNTHETIC_ILLUSTRATIVE_NOT_REAL,PLT-A-PHH-ALT-ctrl,pos,10.7
SYNTHETIC_ILLUSTRATIVE_NOT_REAL,PLT-A-PHH-ALT-ctrl,pos,9.69
SYNTHETIC_ILLUSTRATIVE_NOT_REAL,PLT-A-PHH-ALT-ctrl,pos,9.82
SYNTHETIC_ILLUSTRATIVE_NOT_REAL,PLT-A-PHH-AST-ctrl,neg,99.22
SYNTHETIC_ILLUSTRATIVE_NOT_REAL,PLT-A-PHH-AST-ctrl,neg,99.32
SYNTHETIC_ILLUSTRATIVE_NOT_REAL,PLT-A-PHH-AST-ctrl,neg,97.4
SYNTHETIC_ILLUSTRATIVE_NOT_REAL,PLT-A-PHH-AST-ctrl,neg,97.11
SYNTHETIC_ILLUSTRATIVE_NOT_REAL,PLT-A-PHH-AST-ctrl,neg,101.59
SYNTHETIC_ILLUSTRATIVE_NOT_REAL,PLT-A-PHH-AST-ctrl,neg,99.62
SYNTHETIC_ILLUSTRATIVE_NOT_REAL,PLT-A-PHH-AST-ctrl,neg,100.43
SYNTHETIC_ILLUSTRATIVE_NOT_REAL,PLT-A-PHH-AST-ctrl,neg,102.0
SYNTHETIC_ILLUSTRATIVE_NOT_REAL,PLT-A-PHH-AST-ctrl,pos,8.61
SYNTHETIC_ILLUSTRATIVE_NOT_REAL,PLT-A-PHH-AST-ctrl,pos,9.37
SYNTHETIC_ILLUSTRATIVE_NOT_REAL,PLT-A-PHH-AST-ctrl,pos,10.14
SYNTHETIC_ILLUSTRATIVE_NOT_REAL,PLT-A-PHH-AST-ctrl,pos,10.31
SYNTHETIC_ILLUSTRATIVE_NOT_REAL,PLT-A-PHH-AST-ctrl,pos,9.7
SYNTHETIC_ILLUSTRATIVE_NOT_REAL,PLT-A-PHH-AST-ctrl,pos,10.82
SYNTHETIC_ILLUSTRATIVE_NOT_REAL,PLT-A-PHH-AST-ctrl,pos,10.17
SYNTHETIC_ILLUSTRATIVE_NOT_REAL,PLT-A-PHH-AST-ctrl,pos,9.03
SYNTHETIC_ILLUSTRATIVE_NOT_REAL,PLT-A-PHH-Cas-ctrl,neg,100.32
SYNTHETIC_ILLUSTRATIVE_NOT_REAL,PLT-A-PHH-Cas-ctrl,neg,100.1
SYNTHETIC_ILLUSTRATIVE_NOT_REAL,PLT-A-PHH-Cas-ctrl,neg,103.82
SYNTHETIC_ILLUSTRATIVE_NOT_REAL,PLT-A-PHH-Cas-ctrl,neg,97.92
SYNTHETIC_ILLUSTRATIVE_NOT_REAL,PLT-A-PHH-Cas-ctrl,neg,96.89
SYNTHETIC_ILLUSTRATIVE_NOT_REAL,PLT-A-PHH-Cas-ctrl,neg,97.98
SYNTHETIC_ILLUSTRATIVE_NOT_REAL,PLT-A-PHH-Cas-ctrl,neg,97.33
SYNTHETIC_ILLUSTRATIVE_NOT_REAL,PLT-A-PHH-Cas-ctrl,neg,101.49
SYNTHETIC_ILLUSTRATIVE_NOT_REAL,PLT-A-PHH-Cas-ctrl,pos,10.66
SYNTHETIC_ILLUSTRATIVE_NOT_REAL,PLT-A-PHH-Cas-ctrl,pos,9.23
SYNTHETIC_ILLUSTRATIVE_NOT_REAL,PLT-A-PHH-Cas-ctrl,pos,8.89
SYNTHETIC_ILLUSTRATIVE_NOT_REAL,PLT-A-PHH-Cas-ctrl,pos,9.72
SYNTHETIC_ILLUSTRATIVE_NOT_REAL,PLT-A-PHH-Cas-ctrl,pos,11.11
SYNTHETIC_ILLUSTRATIVE_NOT_REAL,PLT-A-PHH-Cas-ctrl,pos,7.74
SYNTHETIC_ILLUSTRATIVE_NOT_REAL,PLT-A-PHH-Cas-ctrl,pos,10.42
SYNTHETIC_ILLUSTRATIVE_NOT_REAL,PLT-A-PHH-Cas-ctrl,pos,9.14
SYNTHETIC_ILLUSTRATIVE_NOT_REAL,PLT-A-PHH-HMG-ctrl,neg,100.75
SYNTHETIC_ILLUSTRATIVE_NOT_REAL,PLT-A-PHH-HMG-ctrl,neg,97.02
SYNTHETIC_ILLUSTRATIVE_NOT_REAL,PLT-A-PHH-HMG-ctrl,neg,97.41
SYNTHETIC_ILLUSTRATIVE_NOT_REAL,PLT-A-PHH-HMG-ctrl,neg,98.73
SYNTHETIC_ILLUSTRATIVE_NOT_REAL,PLT-A-PHH-HMG-ctrl,neg,102.55
SYNTHETIC_ILLUSTRATIVE_NOT_REAL,PLT-A-PHH-HMG-ctrl,neg,99.26
SYNTHETIC_ILLUSTRATIVE_NOT_REAL,PLT-A-PHH-HMG-ctrl,neg,100.54
SYNTHETIC_ILLUSTRATIVE_NOT_REAL,PLT-A-PHH-HMG-ctrl,neg,103.5
SYNTHETIC_ILLUSTRATIVE_NOT_REAL,PLT-A-PHH-HMG-ctrl,pos,11.28
SYNTHETIC_ILLUSTRATIVE_NOT_REAL,PLT-A-PHH-HMG-ctrl,pos,9.92
SYNTHETIC_ILLUSTRATIVE_NOT_REAL,PLT-A-PHH-HMG-ctrl,pos,9.81
SYNTHETIC_ILLUSTRATIVE_NOT_REAL,PLT-A-PHH-HMG-ctrl,pos,8.99
SYNTHETIC_ILLUSTRATIVE_NOT_REAL,PLT-A-PHH-HMG-ctrl,pos,9.44
SYNTHETIC_ILLUSTRATIVE_NOT_REAL,PLT-A-PHH-HMG-ctrl,pos,10.34
SYNTHETIC_ILLUSTRATIVE_NOT_REAL,PLT-A-PHH-HMG-ctrl,pos,10.32
SYNTHETIC_ILLUSTRATIVE_NOT_REAL,PLT-A-PHH-HMG-ctrl,pos,10.09
SYNTHETIC_ILLUSTRATIVE_NOT_REAL,PLT-A-PHH-ROS-ctrl,neg,100.13
SYNTHETIC_ILLUSTRATIVE_NOT_REAL,PLT-A-PHH-ROS-ctrl,neg,100.44
SYNTHETIC_ILLUSTRATIVE_NOT_REAL,PLT-A-PHH-ROS-ctrl,neg,103.07
SYNTHETIC_ILLUSTRATIVE_NOT_REAL,PLT-A-PHH-ROS-ctrl,neg,99.75
SYNTHETIC_ILLUSTRATIVE_NOT_REAL,PLT-A-PHH-ROS-ctrl,neg,98.05
SYNTHETIC_ILLUSTRATIVE_NOT_REAL,PLT-A-PHH-ROS-ctrl,neg,100.23
SYNTHETIC_ILLUSTRATIVE_NOT_REAL,PLT-A-PHH-ROS-ctrl,neg,100.9
SYNTHETIC_ILLUSTRATIVE_NOT_REAL,PLT-A-PHH-ROS-ctrl,neg,98.34
SYNTHETIC_ILLUSTRATIVE_NOT_REAL,PLT-A-PHH-ROS-ctrl,pos,8.68
SYNTHETIC_ILLUSTRATIVE_NOT_REAL,PLT-A-PHH-ROS-ctrl,pos,8.85
SYNTHETIC_ILLUSTRATIVE_NOT_REAL,PLT-A-PHH-ROS-ctrl,pos,10.53
SYNTHETIC_ILLUSTRATIVE_NOT_REAL,PLT-A-PHH-ROS-ctrl,pos,9.39
SYNTHETIC_ILLUSTRATIVE_NOT_REAL,PLT-A-PHH-ROS-ctrl,pos,9.89
SYNTHETIC_ILLUSTRATIVE_NOT_REAL,PLT-A-PHH-ROS-ctrl,pos,10.17
SYNTHETIC_ILLUSTRATIVE_NOT_REAL,PLT-A-PHH-ROS-ctrl,pos,10.5
SYNTHETIC_ILLUSTRATIVE_NOT_REAL,PLT-A-PHH-ROS-ctrl,pos,9.73
SYNTHETIC_ILLUSTRATIVE_NOT_REAL,PLT-A-PHH-Lip-ctrl,neg,104.56
SYNTHETIC_ILLUSTRATIVE_NOT_REAL,PLT-A-PHH-Lip-ctrl,neg,99.86
SYNTHETIC_ILLUSTRATIVE_NOT_REAL,PLT-A-PHH-Lip-ctrl,neg,99.52
SYNTHETIC_ILLUSTRATIVE_NOT_REAL,PLT-A-PHH-Lip-ctrl,neg,101.06
SYNTHETIC_ILLUSTRATIVE_NOT_REAL,PLT-A-PHH-Lip-ctrl,neg,101.42
SYNTHETIC_ILLUSTRATIVE_NOT_REAL,PLT-A-PHH-Lip-ctrl,neg,97.77
SYNTHETIC_ILLUSTRATIVE_NOT_REAL,PLT-A-PHH-Lip-ctrl,neg,99.59
SYNTHETIC_ILLUSTRATIVE_NOT_REAL,PLT-A-PHH-Lip-ctrl,neg,101.84
SYNTHETIC_ILLUSTRATIVE_NOT_REAL,PLT-A-PHH-Lip-ctrl,pos,10.22
SYNTHETIC_ILLUSTRATIVE_NOT_REAL,PLT-A-PHH-Lip-ctrl,pos,10.1
SYNTHETIC_ILLUSTRATIVE_NOT_REAL,PLT-A-PHH-Lip-ctrl,pos,11.24
SYNTHETIC_ILLUSTRATIVE_NOT_REAL,PLT-A-PHH-Lip-ctrl,pos,9.46
SYNTHETIC_ILLUSTRATIVE_NOT_REAL,PLT-A-PHH-Lip-ctrl,pos,10.07
SYNTHETIC_ILLUSTRATIVE_NOT_REAL,PLT-A-PHH-Lip-ctrl,pos,9.58
SYNTHETIC_ILLUSTRATIVE_NOT_REAL,PLT-A-PHH-Lip-ctrl,pos,11.19
SYNTHETIC_ILLUSTRATIVE_NOT_REAL,PLT-A-PHH-Lip-ctrl,pos,8.44
SYNTHETIC_ILLUSTRATIVE_NOT_REAL,PLT-A-PHH-Mit-ctrl,neg,101.26
SYNTHETIC_ILLUSTRATIVE_NOT_REAL,PLT-A-PHH-Mit-ctrl,neg,98.84
SYNTHETIC_ILLUSTRATIVE_NOT_REAL,PLT-A-PHH-Mit-ctrl,neg,97.66
SYNTHETIC_ILLUSTRATIVE_NOT_REAL,PLT-A-PHH-Mit-ctrl,neg,98.4
SYNTHETIC_ILLUSTRATIVE_NOT_REAL,PLT-A-PHH-Mit-ctrl,neg,102.9
SYNTHETIC_ILLUSTRATIVE_NOT_REAL,PLT-A-PHH-Mit-ctrl,neg,100.44
SYNTHETIC_ILLUSTRATIVE_NOT_REAL,PLT-A-PHH-Mit-ctrl,neg,102.32
SYNTHETIC_ILLUSTRATIVE_NOT_REAL,PLT-A-PHH-Mit-ctrl,neg,99.04
SYNTHETIC_ILLUSTRATIVE_NOT_REAL,PLT-A-PHH-Mit-ctrl,pos,10.75
SYNTHETIC_ILLUSTRATIVE_NOT_REAL,PLT-A-PHH-Mit-ctrl,pos,9.52
SYNTHETIC_ILLUSTRATIVE_NOT_REAL,PLT-A-PHH-Mit-ctrl,pos,9.87
SYNTHETIC_ILLUSTRATIVE_NOT_REAL,PLT-A-PHH-Mit-ctrl,pos,11.99
SYNTHETIC_ILLUSTRATIVE_NOT_REAL,PLT-A-PHH-Mit-ctrl,pos,10.61
SYNTHETIC_ILLUSTRATIVE_NOT_REAL,PLT-A-PHH-Mit-ctrl,pos,9.6
SYNTHETIC_ILLUSTRATIVE_NOT_REAL,PLT-A-PHH-Mit-ctrl,pos,9.93
SYNTHETIC_ILLUSTRATIVE_NOT_REAL,PLT-A-PHH-Mit-ctrl,pos,10.26
SYNTHETIC_ILLUSTRATIVE_NOT_REAL,PLT-A-PHH-Bil-ctrl,neg,98.71
SYNTHETIC_ILLUSTRATIVE_NOT_REAL,PLT-A-PHH-Bil-ctrl,neg,100.71
SYNTHETIC_ILLUSTRATIVE_NOT_REAL,PLT-A-PHH-Bil-ctrl,neg,99.94
SYNTHETIC_ILLUSTRATIVE_NOT_REAL,PLT-A-PHH-Bil-ctrl,neg,98.93
SYNTHETIC_ILLUSTRATIVE_NOT_REAL,PLT-A-PHH-Bil-ctrl,neg,99.02
SYNTHETIC_ILLUSTRATIVE_NOT_REAL,PLT-A-PHH-Bil-ctrl,neg,100.13
SYNTHETIC_ILLUSTRATIVE_NOT_REAL,PLT-A-PHH-Bil-ctrl,neg,100.06
SYNTHETIC_ILLUSTRATIVE_NOT_REAL,PLT-A-PHH-Bil-ctrl,neg,98.87
SYNTHETIC_ILLUSTRATIVE_NOT_REAL,PLT-A-PHH-Bil-ctrl,pos,9.66
SYNTHETIC_ILLUSTRATIVE_NOT_REAL,PLT-A-PHH-Bil-ctrl,pos,10.89
SYNTHETIC_ILLUSTRATIVE_NOT_REAL,PLT-A-PHH-Bil-ctrl,pos,10.17
SYNTHETIC_ILLUSTRATIVE_NOT_REAL,PLT-A-PHH-Bil-ctrl,pos,10.71
SYNTHETIC_ILLUSTRATIVE_NOT_REAL,PLT-A-PHH-Bil-ctrl,pos,10.96
SYNTHETIC_ILLUSTRATIVE_NOT_REAL,PLT-A-PHH-Bil-ctrl,pos,10.47
SYNTHETIC_ILLUSTRATIVE_NOT_REAL,PLT-A-PHH-Bil-ctrl,pos,11.82
SYNTHETIC_ILLUSTRATIVE_NOT_REAL,PLT-A-PHH-Bil-ctrl,pos,9.34
SYNTHETIC_ILLUSTRATIVE_NOT_REAL,PLT-A-PHH-Gen-ctrl,neg,103.51
SYNTHETIC_ILLUSTRATIVE_NOT_REAL,PLT-A-PHH-Gen-ctrl,neg,100.39
SYNTHETIC_ILLUSTRATIVE_NOT_REAL,PLT-A-PHH-Gen-ctrl,neg,100.25
SYNTHETIC_ILLUSTRATIVE_NOT_REAL,PLT-A-PHH-Gen-ctrl,neg,98.05
SYNTHETIC_ILLUSTRATIVE_NOT_REAL,PLT-A-PHH-Gen-ctrl,neg,101.17
SYNTHETIC_ILLUSTRATIVE_NOT_REAL,PLT-A-PHH-Gen-ctrl,neg,99.51
SYNTHETIC_ILLUSTRATIVE_NOT_REAL,PLT-A-PHH-Gen-ctrl,neg,101.66
SYNTHETIC_ILLUSTRATIVE_NOT_REAL,PLT-A-PHH-Gen-ctrl,neg,99.91
SYNTHETIC_ILLUSTRATIVE_NOT_REAL,PLT-A-PHH-Gen-ctrl,pos,11.39
SYNTHETIC_ILLUSTRATIVE_NOT_REAL,PLT-A-PHH-Gen-ctrl,pos,8.41
SYNTHETIC_ILLUSTRATIVE_NOT_REAL,PLT-A-PHH-Gen-ctrl,pos,9.76
SYNTHETIC_ILLUSTRATIVE_NOT_REAL,PLT-A-PHH-Gen-ctrl,pos,10.71
SYNTHETIC_ILLUSTRATIVE_NOT_REAL,PLT-A-PHH-Gen-ctrl,pos,9.72
SYNTHETIC_ILLUSTRATIVE_NOT_REAL,PLT-A-PHH-Gen-ctrl,pos,9.37
SYNTHETIC_ILLUSTRATIVE_NOT_REAL,PLT-A-PHH-Gen-ctrl,pos,9.79
SYNTHETIC_ILLUSTRATIVE_NOT_REAL,PLT-A-PHH-Gen-ctrl,pos,8.9
SYNTHETIC_ILLUSTRATIVE_NOT_REAL,PLT-A-PHH-RNA-ctrl,neg,98.5
SYNTHETIC_ILLUSTRATIVE_NOT_REAL,PLT-A-PHH-RNA-ctrl,neg,99.02
SYNTHETIC_ILLUSTRATIVE_NOT_REAL,PLT-A-PHH-RNA-ctrl,neg,98.65
SYNTHETIC_ILLUSTRATIVE_NOT_REAL,PLT-A-PHH-RNA-ctrl,neg,100.32
SYNTHETIC_ILLUSTRATIVE_NOT_REAL,PLT-A-PHH-RNA-ctrl,neg,98.56
SYNTHETIC_ILLUSTRATIVE_NOT_REAL,PLT-A-PHH-RNA-ctrl,neg,102.28
SYNTHETIC_ILLUSTRATIVE_NOT_REAL,PLT-A-PHH-RNA-ctrl,neg,98.44
SYNTHETIC_ILLUSTRATIVE_NOT_REAL,PLT-A-PHH-RNA-ctrl,neg,95.45
SYNTHETIC_ILLUSTRATIVE_NOT_REAL,PLT-A-PHH-RNA-ctrl,pos,9.42
SYNTHETIC_ILLUSTRATIVE_NOT_REAL,PLT-A-PHH-RNA-ctrl,pos,8.39
SYNTHETIC_ILLUSTRATIVE_NOT_REAL,PLT-A-PHH-RNA-ctrl,pos,9.97
SYNTHETIC_ILLUSTRATIVE_NOT_REAL,PLT-A-PHH-RNA-ctrl,pos,10.85
SYNTHETIC_ILLUSTRATIVE_NOT_REAL,PLT-A-PHH-RNA-ctrl,pos,10.52
SYNTHETIC_ILLUSTRATIVE_NOT_REAL,PLT-A-PHH-RNA-ctrl,pos,8.93
SYNTHETIC_ILLUSTRATIVE_NOT_REAL,PLT-A-PHH-RNA-ctrl,pos,9.39
SYNTHETIC_ILLUSTRATIVE_NOT_REAL,PLT-A-PHH-RNA-ctrl,pos,11.42
SYNTHETIC_ILLUSTRATIVE_NOT_REAL,PLT-A-PBM-IFN-ctrl,neg,97.01
SYNTHETIC_ILLUSTRATIVE_NOT_REAL,PLT-A-PBM-IFN-ctrl,neg,98.28
SYNTHETIC_ILLUSTRATIVE_NOT_REAL,PLT-A-PBM-IFN-ctrl,neg,97.08
SYNTHETIC_ILLUSTRATIVE_NOT_REAL,PLT-A-PBM-IFN-ctrl,neg,97.61
SYNTHETIC_ILLUSTRATIVE_NOT_REAL,PLT-A-PBM-IFN-ctrl,neg,102.61
SYNTHETIC_ILLUSTRATIVE_NOT_REAL,PLT-A-PBM-IFN-ctrl,neg,100.45
SYNTHETIC_ILLUSTRATIVE_NOT_REAL,PLT-A-PBM-IFN-ctrl,neg,96.96
SYNTHETIC_ILLUSTRATIVE_NOT_REAL,PLT-A-PBM-IFN-ctrl,neg,101.31
SYNTHETIC_ILLUSTRATIVE_NOT_REAL,PLT-A-PBM-IFN-ctrl,pos,11.01
SYNTHETIC_ILLUSTRATIVE_NOT_REAL,PLT-A-PBM-IFN-ctrl,pos,9.71
SYNTHETIC_ILLUSTRATIVE_NOT_REAL,PLT-A-PBM-IFN-ctrl,pos,9.46
SYNTHETIC_ILLUSTRATIVE_NOT_REAL,PLT-A-PBM-IFN-ctrl,pos,9.73
SYNTHETIC_ILLUSTRATIVE_NOT_REAL,PLT-A-PBM-IFN-ctrl,pos,10.23
SYNTHETIC_ILLUSTRATIVE_NOT_REAL,PLT-A-PBM-IFN-ctrl,pos,10.51
SYNTHETIC_ILLUSTRATIVE_NOT_REAL,PLT-A-PBM-IFN-ctrl,pos,10.95
SYNTHETIC_ILLUSTRATIVE_NOT_REAL,PLT-A-PBM-IFN-ctrl,pos,10.97
SYNTHETIC_ILLUSTRATIVE_NOT_REAL,PLT-A-PBM-IFN-ctrl,neg,101.68
SYNTHETIC_ILLUSTRATIVE_NOT_REAL,PLT-A-PBM-IFN-ctrl,neg,99.88
SYNTHETIC_ILLUSTRATIVE_NOT_REAL,PLT-A-PBM-IFN-ctrl,neg,101.55
SYNTHETIC_ILLUSTRATIVE_NOT_REAL,PLT-A-PBM-IFN-ctrl,neg,96.82
SYNTHETIC_ILLUSTRATIVE_NOT_REAL,PLT-A-PBM-IFN-ctrl,neg,102.21
SYNTHETIC_ILLUSTRATIVE_NOT_REAL,PLT-A-PBM-IFN-ctrl,neg,98.79
SYNTHETIC_ILLUSTRATIVE_NOT_REAL,PLT-A-PBM-IFN-ctrl,neg,101.24
SYNTHETIC_ILLUSTRATIVE_NOT_REAL,PLT-A-PBM-IFN-ctrl,neg,100.36
SYNTHETIC_ILLUSTRATIVE_NOT_REAL,PLT-A-PBM-IFN-ctrl,pos,7.93
SYNTHETIC_ILLUSTRATIVE_NOT_REAL,PLT-A-PBM-IFN-ctrl,pos,9.4
SYNTHETIC_ILLUSTRATIVE_NOT_REAL,PLT-A-PBM-IFN-ctrl,pos,10.18
SYNTHETIC_ILLUSTRATIVE_NOT_REAL,PLT-A-PBM-IFN-ctrl,pos,11.24
SYNTHETIC_ILLUSTRATIVE_NOT_REAL,PLT-A-PBM-IFN-ctrl,pos,10.21
SYNTHETIC_ILLUSTRATIVE_NOT_REAL,PLT-A-PBM-IFN-ctrl,pos,8.87
SYNTHETIC_ILLUSTRATIVE_NOT_REAL,PLT-A-PBM-IFN-ctrl,pos,11.14
SYNTHETIC_ILLUSTRATIVE_NOT_REAL,PLT-A-PBM-IL1-ctrl,neg,99.65
SYNTHETIC_ILLUSTRATIVE_NOT_REAL,PLT-A-PBM-IL1-ctrl,neg,95.59
SYNTHETIC_ILLUSTRATIVE_NOT_REAL,PLT-A-PBM-IL1-ctrl,neg,96.6
SYNTHETIC_ILLUSTRATIVE_NOT_REAL,PLT-A-PBM-IL1-ctrl,neg,100.18
SYNTHETIC_ILLUSTRATIVE_NOT_REAL,PLT-A-PBM-IL1-ctrl,neg,98.02
SYNTHETIC_ILLUSTRATIVE_NOT_REAL,PLT-A-PBM-IL1-ctrl,neg,99.67
SYNTHETIC_ILLUSTRATIVE_NOT_REAL,PLT-A-PBM-IL1-ctrl,neg,99.78
SYNTHETIC_ILLUSTRATIVE_NOT_REAL,PLT-A-PBM-IL1-ctrl,neg,103.86
SYNTHETIC_ILLUSTRATIVE_NOT_REAL,PLT-A-PBM-IL1-ctrl,pos,11.04
SYNTHETIC_ILLUSTRATIVE_NOT_REAL,PLT-A-PBM-IL1-ctrl,pos,9.96
SYNTHETIC_ILLUSTRATIVE_NOT_REAL,PLT-A-PBM-IL1-ctrl,pos,10.97
SYNTHETIC_ILLUSTRATIVE_NOT_REAL,PLT-A-PBM-IL1-ctrl,pos,9.38
SYNTHETIC_ILLUSTRATIVE_NOT_REAL,PLT-A-PBM-IL1-ctrl,pos,9.73
SYNTHETIC_ILLUSTRATIVE_NOT_REAL,PLT-A-PBM-IL1-ctrl,pos,10.73
SYNTHETIC_ILLUSTRATIVE_NOT_REAL,PLT-A-PBM-IL1-ctrl,pos,9.01
SYNTHETIC_ILLUSTRATIVE_NOT_REAL,PLT-A-PBM-IL1-ctrl,pos,9.78
SYNTHETIC_ILLUSTRATIVE_NOT_REAL,PLT-A-PBM-IL6-ctrl,neg,98.19
SYNTHETIC_ILLUSTRATIVE_NOT_REAL,PLT-A-PBM-IL6-ctrl,neg,97.99
SYNTHETIC_ILLUSTRATIVE_NOT_REAL,PLT-A-PBM-IL6-ctrl,neg,99.21
SYNTHETIC_ILLUSTRATIVE_NOT_REAL,PLT-A-PBM-IL6-ctrl,neg,99.15
SYNTHETIC_ILLUSTRATIVE_NOT_REAL,PLT-A-PBM-IL6-ctrl,neg,101.49
SYNTHETIC_ILLUSTRATIVE_NOT_REAL,PLT-A-PBM-IL6-ctrl,neg,99.2
SYNTHETIC_ILLUSTRATIVE_NOT_REAL,PLT-A-PBM-IL6-ctrl,neg,99.61
SYNTHETIC_ILLUSTRATIVE_NOT_REAL,PLT-A-PBM-IL6-ctrl,neg,97.56
SYNTHETIC_ILLUSTRATIVE_NOT_REAL,PLT-A-PBM-IL6-ctrl,pos,11.32
SYNTHETIC_ILLUSTRATIVE_NOT_REAL,PLT-A-PBM-IL6-ctrl,pos,10.41
SYNTHETIC_ILLUSTRATIVE_NOT_REAL,PLT-A-PBM-IL6-ctrl,pos,11.43
SYNTHETIC_ILLUSTRATIVE_NOT_REAL,PLT-A-PBM-IL6-ctrl,pos,10.64
SYNTHETIC_ILLUSTRATIVE_NOT_REAL,PLT-A-PBM-IL6-ctrl,pos,11.19
SYNTHETIC_ILLUSTRATIVE_NOT_REAL,PLT-A-PBM-IL6-ctrl,pos,9.8
SYNTHETIC_ILLUSTRATIVE_NOT_REAL,PLT-A-PBM-IL6-ctrl,pos,10.57
SYNTHETIC_ILLUSTRATIVE_NOT_REAL,PLT-A-PBM-IL6-ctrl,pos,12.16
SYNTHETIC_ILLUSTRATIVE_NOT_REAL,PLT-A-PBM-IL8-ctrl,neg,102.51
SYNTHETIC_ILLUSTRATIVE_NOT_REAL,PLT-A-PBM-IL8-ctrl,neg,101.34
SYNTHETIC_ILLUSTRATIVE_NOT_REAL,PLT-A-PBM-IL8-ctrl,neg,100.04
SYNTHETIC_ILLUSTRATIVE_NOT_REAL,PLT-A-PBM-IL8-ctrl,neg,104.38
SYNTHETIC_ILLUSTRATIVE_NOT_REAL,PLT-A-PBM-IL8-ctrl,neg,101.37
SYNTHETIC_ILLUSTRATIVE_NOT_REAL,PLT-A-PBM-IL8-ctrl,neg,99.27
SYNTHETIC_ILLUSTRATIVE_NOT_REAL,PLT-A-PBM-IL8-ctrl,neg,101.51
SYNTHETIC_ILLUSTRATIVE_NOT_REAL,PLT-A-PBM-IL8-ctrl,neg,100.84
SYNTHETIC_ILLUSTRATIVE_NOT_REAL,PLT-A-PBM-IL8-ctrl,pos,9.3
SYNTHETIC_ILLUSTRATIVE_NOT_REAL,PLT-A-PBM-IL8-ctrl,pos,10.06
SYNTHETIC_ILLUSTRATIVE_NOT_REAL,PLT-A-PBM-IL8-ctrl,pos,9.86
SYNTHETIC_ILLUSTRATIVE_NOT_REAL,PLT-A-PBM-IL8-ctrl,pos,8.38
SYNTHETIC_ILLUSTRATIVE_NOT_REAL,PLT-A-PBM-IL8-ctrl,pos,9.77
SYNTHETIC_ILLUSTRATIVE_NOT_REAL,PLT-A-PBM-IL8-ctrl,pos,9.64
SYNTHETIC_ILLUSTRATIVE_NOT_REAL,PLT-A-PBM-IL8-ctrl,pos,8.65
SYNTHETIC_ILLUSTRATIVE_NOT_REAL,PLT-A-PBM-IL1-ctrl,neg,101.69
SYNTHETIC_ILLUSTRATIVE_NOT_REAL,PLT-A-PBM-IL1-ctrl,neg,99.09
SYNTHETIC_ILLUSTRATIVE_NOT_REAL,PLT-A-PBM-IL1-ctrl,neg,101.57
SYNTHETIC_ILLUSTRATIVE_NOT_REAL,PLT-A-PBM-IL1-ctrl,neg,97.07
SYNTHETIC_ILLUSTRATIVE_NOT_REAL,PLT-A-PBM-IL1-ctrl,neg,96.54
SYNTHETIC_ILLUSTRATIVE_NOT_REAL,PLT-A-PBM-IL1-ctrl,neg,97.42
SYNTHETIC_ILLUSTRATIVE_NOT_REAL,PLT-A-PBM-IL1-ctrl,neg,99.18
SYNTHETIC_ILLUSTRATIVE_NOT_REAL,PLT-A-PBM-IL1-ctrl,neg,99.35
SYNTHETIC_ILLUSTRATIVE_NOT_REAL,PLT-A-PBM-IL1-ctrl,pos,9.59
SYNTHETIC_ILLUSTRATIVE_NOT_REAL,PLT-A-PBM-IL1-ctrl,pos,10.08
SYNTHETIC_ILLUSTRATIVE_NOT_REAL,PLT-A-PBM-IL1-ctrl,pos,8.29
SYNTHETIC_ILLUSTRATIVE_NOT_REAL,PLT-A-PBM-IL1-ctrl,pos,10.4
SYNTHETIC_ILLUSTRATIVE_NOT_REAL,PLT-A-PBM-IL1-ctrl,pos,8.86
SYNTHETIC_ILLUSTRATIVE_NOT_REAL,PLT-A-PBM-IL1-ctrl,pos,9.47
SYNTHETIC_ILLUSTRATIVE_NOT_REAL,PLT-A-PBM-IL1-ctrl,pos,9.67
SYNTHETIC_ILLUSTRATIVE_NOT_REAL,PLT-A-PBM-IL1-ctrl,pos,9.08
SYNTHETIC_ILLUSTRATIVE_NOT_REAL,PLT-A-PBM-IL1-ctrl,neg,102.03
SYNTHETIC_ILLUSTRATIVE_NOT_REAL,PLT-A-PBM-IL1-ctrl,neg,100.28
SYNTHETIC_ILLUSTRATIVE_NOT_REAL,PLT-A-PBM-IL1-ctrl,neg,97.79
SYNTHETIC_ILLUSTRATIVE_NOT_REAL,PLT-A-PBM-IL1-ctrl,neg,99.24
SYNTHETIC_ILLUSTRATIVE_NOT_REAL,PLT-A-PBM-IL1-ctrl,neg,98.49
SYNTHETIC_ILLUSTRATIVE_NOT_REAL,PLT-A-PBM-IL1-ctrl,neg,100.59
SYNTHETIC_ILLUSTRATIVE_NOT_REAL,PLT-A-PBM-IL1-ctrl,neg,100.22
SYNTHETIC_ILLUSTRATIVE_NOT_REAL,PLT-A-PBM-IL1-ctrl,neg,102.3
SYNTHETIC_ILLUSTRATIVE_NOT_REAL,PLT-A-PBM-IL1-ctrl,pos,10.57
SYNTHETIC_ILLUSTRATIVE_NOT_REAL,PLT-A-PBM-IL1-ctrl,pos,8.75
SYNTHETIC_ILLUSTRATIVE_NOT_REAL,PLT-A-PBM-IL1-ctrl,pos,10.33
SYNTHETIC_ILLUSTRATIVE_NOT_REAL,PLT-A-PBM-IL1-ctrl,pos,10.72
SYNTHETIC_ILLUSTRATIVE_NOT_REAL,PLT-A-PBM-IL1-ctrl,pos,10.36
SYNTHETIC_ILLUSTRATIVE_NOT_REAL,PLT-A-PBM-IL1-ctrl,pos,10.82
SYNTHETIC_ILLUSTRATIVE_NOT_REAL,PLT-A-PBM-IL1-ctrl,pos,9.56
SYNTHETIC_ILLUSTRATIVE_NOT_REAL,PLT-A-PBM-IL1-ctrl,pos,9.24
SYNTHETIC_ILLUSTRATIVE_NOT_REAL,PLT-A-PBM-TNF-ctrl,neg,98.98
SYNTHETIC_ILLUSTRATIVE_NOT_REAL,PLT-A-PBM-TNF-ctrl,neg,103.47
SYNTHETIC_ILLUSTRATIVE_NOT_REAL,PLT-A-PBM-TNF-ctrl,neg,99.79
SYNTHETIC_ILLUSTRATIVE_NOT_REAL,PLT-A-PBM-TNF-ctrl,neg,101.97
SYNTHETIC_ILLUSTRATIVE_NOT_REAL,PLT-A-PBM-TNF-ctrl,neg,99.82
SYNTHETIC_ILLUSTRATIVE_NOT_REAL,PLT-A-PBM-TNF-ctrl,neg,99.51
SYNTHETIC_ILLUSTRATIVE_NOT_REAL,PLT-A-PBM-TNF-ctrl,neg,104.06
SYNTHETIC_ILLUSTRATIVE_NOT_REAL,PLT-A-PBM-TNF-ctrl,neg,99.38
SYNTHETIC_ILLUSTRATIVE_NOT_REAL,PLT-A-PBM-TNF-ctrl,pos,8.98
SYNTHETIC_ILLUSTRATIVE_NOT_REAL,PLT-A-PBM-TNF-ctrl,pos,9.43
SYNTHETIC_ILLUSTRATIVE_NOT_REAL,PLT-A-PBM-TNF-ctrl,pos,9.75
SYNTHETIC_ILLUSTRATIVE_NOT_REAL,PLT-A-PBM-TNF-ctrl,pos,11.72
SYNTHETIC_ILLUSTRATIVE_NOT_REAL,PLT-A-PBM-TNF-ctrl,pos,10.17
SYNTHETIC_ILLUSTRATIVE_NOT_REAL,PLT-A-PBM-TNF-ctrl,pos,10.75
SYNTHETIC_ILLUSTRATIVE_NOT_REAL,PLT-A-PBM-TNF-ctrl,pos,9.2
SYNTHETIC_ILLUSTRATIVE_NOT_REAL,PLT-A-PBM-TNF-ctrl,pos,10.28
SYNTHETIC_ILLUSTRATIVE_NOT_REAL,PLT-A-PBM-MCP-ctrl,neg,99.51
SYNTHETIC_ILLUSTRATIVE_NOT_REAL,PLT-A-PBM-MCP-ctrl,neg,96.89
SYNTHETIC_ILLUSTRATIVE_NOT_REAL,PLT-A-PBM-MCP-ctrl,neg,101.19
SYNTHETIC_ILLUSTRATIVE_NOT_REAL,PLT-A-PBM-MCP-ctrl,neg,100.58
SYNTHETIC_ILLUSTRATIVE_NOT_REAL,PLT-A-PBM-MCP-ctrl,neg,99.69
SYNTHETIC_ILLUSTRATIVE_NOT_REAL,PLT-A-PBM-MCP-ctrl,neg,101.97
SYNTHETIC_ILLUSTRATIVE_NOT_REAL,PLT-A-PBM-MCP-ctrl,neg,102.44
SYNTHETIC_ILLUSTRATIVE_NOT_REAL,PLT-A-PBM-MCP-ctrl,neg,97.82
SYNTHETIC_ILLUSTRATIVE_NOT_REAL,PLT-A-PBM-MCP-ctrl,pos,9.38
SYNTHETIC_ILLUSTRATIVE_NOT_REAL,PLT-A-PBM-MCP-ctrl,pos,11.24
SYNTHETIC_ILLUSTRATIVE_NOT_REAL,PLT-A-PBM-MCP-ctrl,pos,11.14
SYNTHETIC_ILLUSTRATIVE_NOT_REAL,PLT-A-PBM-MCP-ctrl,pos,9.41
SYNTHETIC_ILLUSTRATIVE_NOT_REAL,PLT-A-PBM-MCP-ctrl,pos,9.06
SYNTHETIC_ILLUSTRATIVE_NOT_REAL,PLT-A-PBM-MCP-ctrl,pos,9.49
SYNTHETIC_ILLUSTRATIVE_NOT_REAL,PLT-A-PBM-MCP-ctrl,pos,9.6
SYNTHETIC_ILLUSTRATIVE_NOT_REAL,PLT-A-PBM-MCP-ctrl,pos,8.73
SYNTHETIC_ILLUSTRATIVE_NOT_REAL,PLT-A-PBM-IP1-ctrl,neg,98.48
SYNTHETIC_ILLUSTRATIVE_NOT_REAL,PLT-A-PBM-IP1-ctrl,neg,100.77
SYNTHETIC_ILLUSTRATIVE_NOT_REAL,PLT-A-PBM-IP1-ctrl,neg,98.89
SYNTHETIC_ILLUSTRATIVE_NOT_REAL,PLT-A-PBM-IP1-ctrl,neg,99.1
SYNTHETIC_ILLUSTRATIVE_NOT_REAL,PLT-A-PBM-IP1-ctrl,neg,103.34
SYNTHETIC_ILLUSTRATIVE_NOT_REAL,PLT-A-PBM-IP1-ctrl,neg,101.72
SYNTHETIC_ILLUSTRATIVE_NOT_REAL,PLT-A-PBM-IP1-ctrl,neg,101.61
SYNTHETIC_ILLUSTRATIVE_NOT_REAL,PLT-A-PBM-IP1-ctrl,neg,101.06
SYNTHETIC_ILLUSTRATIVE_NOT_REAL,PLT-A-PBM-IP1-ctrl,pos,10.39
SYNTHETIC_ILLUSTRATIVE_NOT_REAL,PLT-A-PBM-IP1-ctrl,pos,11.17
SYNTHETIC_ILLUSTRATIVE_NOT_REAL,PLT-A-PBM-IP1-ctrl,pos,9.98
SYNTHETIC_ILLUSTRATIVE_NOT_REAL,PLT-A-PBM-IP1-ctrl,pos,11.48
SYNTHETIC_ILLUSTRATIVE_NOT_REAL,PLT-A-PBM-IP1-ctrl,pos,9.24
SYNTHETIC_ILLUSTRATIVE_NOT_REAL,PLT-A-PBM-IP1-ctrl,pos,9.8
SYNTHETIC_ILLUSTRATIVE_NOT_REAL,PLT-A-PBM-IP1-ctrl,pos,8.9
SYNTHETIC_ILLUSTRATIVE_NOT_REAL,PLT-A-PBM-IP1-ctrl,pos,9.72
SYNTHETIC_ILLUSTRATIVE_NOT_REAL,PLT-A-PBM-GM_-ctrl,neg,102.57
SYNTHETIC_ILLUSTRATIVE_NOT_REAL,PLT-A-PBM-GM_-ctrl,neg,98.03
SYNTHETIC_ILLUSTRATIVE_NOT_REAL,PLT-A-PBM-GM_-ctrl,neg,103.14
SYNTHETIC_ILLUSTRATIVE_NOT_REAL,PLT-A-PBM-GM_-ctrl,neg,98.14
SYNTHETIC_ILLUSTRATIVE_NOT_REAL,PLT-A-PBM-GM_-ctrl,neg,100.55
SYNTHETIC_ILLUSTRATIVE_NOT_REAL,PLT-A-PBM-GM_-ctrl,neg,102.32
SYNTHETIC_ILLUSTRATIVE_NOT_REAL,PLT-A-PBM-GM_-ctrl,neg,101.43
SYNTHETIC_ILLUSTRATIVE_NOT_REAL,PLT-A-PBM-GM_-ctrl,neg,98.12
SYNTHETIC_ILLUSTRATIVE_NOT_REAL,PLT-A-PBM-GM_-ctrl,pos,9.44
SYNTHETIC_ILLUSTRATIVE_NOT_REAL,PLT-A-PBM-GM_-ctrl,pos,9.63
SYNTHETIC_ILLUSTRATIVE_NOT_REAL,PLT-A-PBM-GM_-ctrl,pos,9.96
SYNTHETIC_ILLUSTRATIVE_NOT_REAL,PLT-A-PBM-GM_-ctrl,pos,10.92
SYNTHETIC_ILLUSTRATIVE_NOT_REAL,PLT-A-PBM-GM_-ctrl,pos,8.97
SYNTHETIC_ILLUSTRATIVE_NOT_REAL,PLT-A-PBM-GM_-ctrl,pos,10.37
SYNTHETIC_ILLUSTRATIVE_NOT_REAL,PLT-A-PBM-GM_-ctrl,pos,10.49
SYNTHETIC_ILLUSTRATIVE_NOT_REAL,PLT-A-PBM-GM_-ctrl,pos,10.45
SYNTHETIC_ILLUSTRATIVE_NOT_REAL,PLT-A-PBM-IL4-ctrl,neg,98.83
SYNTHETIC_ILLUSTRATIVE_NOT_REAL,PLT-A-PBM-IL4-ctrl,neg,101.93
SYNTHETIC_ILLUSTRATIVE_NOT_REAL,PLT-A-PBM-IL4-ctrl,neg,98.39
SYNTHETIC_ILLUSTRATIVE_NOT_REAL,PLT-A-PBM-IL4-ctrl,neg,99.74
SYNTHETIC_ILLUSTRATIVE_NOT_REAL,PLT-A-PBM-IL4-ctrl,neg,96.18
SYNTHETIC_ILLUSTRATIVE_NOT_REAL,PLT-A-PBM-IL4-ctrl,neg,99.68
SYNTHETIC_ILLUSTRATIVE_NOT_REAL,PLT-A-PBM-IL4-ctrl,neg,100.18
SYNTHETIC_ILLUSTRATIVE_NOT_REAL,PLT-A-PBM-IL4-ctrl,neg,98.59
SYNTHETIC_ILLUSTRATIVE_NOT_REAL,PLT-A-PBM-IL4-ctrl,pos,9.42
SYNTHETIC_ILLUSTRATIVE_NOT_REAL,PLT-A-PBM-IL4-ctrl,pos,11.51
SYNTHETIC_ILLUSTRATIVE_NOT_REAL,PLT-A-PBM-IL4-ctrl,pos,9.03
SYNTHETIC_ILLUSTRATIVE_NOT_REAL,PLT-A-PBM-IL4-ctrl,pos,9.16
SYNTHETIC_ILLUSTRATIVE_NOT_REAL,PLT-A-PBM-IL4-ctrl,pos,9.35
SYNTHETIC_ILLUSTRATIVE_NOT_REAL,PLT-A-PBM-IL4-ctrl,pos,10.96
SYNTHETIC_ILLUSTRATIVE_NOT_REAL,PLT-A-PBM-IL4-ctrl,pos,11.68
SYNTHETIC_ILLUSTRATIVE_NOT_REAL,PLT-A-PBM-IL4-ctrl,pos,10.27
SYNTHETIC_ILLUSTRATIVE_NOT_REAL,PLT-A-PBM-IL1-ctrl,neg,98.83
SYNTHETIC_ILLUSTRATIVE_NOT_REAL,PLT-A-PBM-IL1-ctrl,neg,98.15
SYNTHETIC_ILLUSTRATIVE_NOT_REAL,PLT-A-PBM-IL1-ctrl,neg,102.38
SYNTHETIC_ILLUSTRATIVE_NOT_REAL,PLT-A-PBM-IL1-ctrl,neg,99.97
SYNTHETIC_ILLUSTRATIVE_NOT_REAL,PLT-A-PBM-IL1-ctrl,neg,101.91
SYNTHETIC_ILLUSTRATIVE_NOT_REAL,PLT-A-PBM-IL1-ctrl,neg,99.5
SYNTHETIC_ILLUSTRATIVE_NOT_REAL,PLT-A-PBM-IL1-ctrl,neg,100.14
SYNTHETIC_ILLUSTRATIVE_NOT_REAL,PLT-A-PBM-IL1-ctrl,neg,99.66
SYNTHETIC_ILLUSTRATIVE_NOT_REAL,PLT-A-PBM-IL1-ctrl,pos,10.37
SYNTHETIC_ILLUSTRATIVE_NOT_REAL,PLT-A-PBM-IL1-ctrl,pos,10.66
SYNTHETIC_ILLUSTRATIVE_NOT_REAL,PLT-A-PBM-IL1-ctrl,pos,10.19
SYNTHETIC_ILLUSTRATIVE_NOT_REAL,PLT-A-PBM-IL1-ctrl,pos,9.46
SYNTHETIC_ILLUSTRATIVE_NOT_REAL,PLT-A-PBM-IL1-ctrl,pos,11.33
SYNTHETIC_ILLUSTRATIVE_NOT_REAL,PLT-A-PBM-IL1-ctrl,pos,9.77
SYNTHETIC_ILLUSTRATIVE_NOT_REAL,PLT-A-PBM-TLR-ctrl,neg,100.69
SYNTHETIC_ILLUSTRATIVE_NOT_REAL,PLT-A-PBM-TLR-ctrl,neg,99.48
SYNTHETIC_ILLUSTRATIVE_NOT_REAL,PLT-A-PBM-TLR-ctrl,neg,98.46
SYNTHETIC_ILLUSTRATIVE_NOT_REAL,PLT-A-PBM-TLR-ctrl,neg,101.09
SYNTHETIC_ILLUSTRATIVE_NOT_REAL,PLT-A-PBM-TLR-ctrl,neg,104.96
SYNTHETIC_ILLUSTRATIVE_NOT_REAL,PLT-A-PBM-TLR-ctrl,neg,99.4
SYNTHETIC_ILLUSTRATIVE_NOT_REAL,PLT-A-PBM-TLR-ctrl,neg,100.67
SYNTHETIC_ILLUSTRATIVE_NOT_REAL,PLT-A-PBM-TLR-ctrl,neg,100.75
SYNTHETIC_ILLUSTRATIVE_NOT_REAL,PLT-A-PBM-TLR-ctrl,pos,7.95
SYNTHETIC_ILLUSTRATIVE_NOT_REAL,PLT-A-PBM-TLR-ctrl,pos,10.1
SYNTHETIC_ILLUSTRATIVE_NOT_REAL,PLT-A-PBM-TLR-ctrl,pos,9.43
SYNTHETIC_ILLUSTRATIVE_NOT_REAL,PLT-A-PBM-TLR-ctrl,pos,11.11
SYNTHETIC_ILLUSTRATIVE_NOT_REAL,PLT-A-PBM-TLR-ctrl,pos,9.8
SYNTHETIC_ILLUSTRATIVE_NOT_REAL,PLT-A-PBM-TLR-ctrl,pos,9.38
SYNTHETIC_ILLUSTRATIVE_NOT_REAL,PLT-A-PBM-TLR-ctrl,pos,9.83
SYNTHETIC_ILLUSTRATIVE_NOT_REAL,PLT-A-PBM-TLR-ctrl,pos,10.13
SYNTHETIC_ILLUSTRATIVE_NOT_REAL,PLT-A-PBM-NK_-ctrl,neg,101.09
SYNTHETIC_ILLUSTRATIVE_NOT_REAL,PLT-A-PBM-NK_-ctrl,neg,99.2
SYNTHETIC_ILLUSTRATIVE_NOT_REAL,PLT-A-PBM-NK_-ctrl,neg,103.83
SYNTHETIC_ILLUSTRATIVE_NOT_REAL,PLT-A-PBM-NK_-ctrl,neg,97.89
SYNTHETIC_ILLUSTRATIVE_NOT_REAL,PLT-A-PBM-NK_-ctrl,neg,95.51
SYNTHETIC_ILLUSTRATIVE_NOT_REAL,PLT-A-PBM-NK_-ctrl,neg,100.13
SYNTHETIC_ILLUSTRATIVE_NOT_REAL,PLT-A-PBM-NK_-ctrl,neg,99.3
SYNTHETIC_ILLUSTRATIVE_NOT_REAL,PLT-A-PBM-NK_-ctrl,neg,99.17
SYNTHETIC_ILLUSTRATIVE_NOT_REAL,PLT-A-PBM-NK_-ctrl,pos,8.29
SYNTHETIC_ILLUSTRATIVE_NOT_REAL,PLT-A-PBM-NK_-ctrl,pos,10.34
SYNTHETIC_ILLUSTRATIVE_NOT_REAL,PLT-A-PBM-NK_-ctrl,pos,11.34
SYNTHETIC_ILLUSTRATIVE_NOT_REAL,PLT-A-PBM-NK_-ctrl,pos,8.47
SYNTHETIC_ILLUSTRATIVE_NOT_REAL,PLT-A-PBM-NK_-ctrl,pos,10.94
SYNTHETIC_ILLUSTRATIVE_NOT_REAL,PLT-A-PBM-NK_-ctrl,pos,9.55
SYNTHETIC_ILLUSTRATIVE_NOT_REAL,PLT-A-PBM-NK_-ctrl,pos,11.88
SYNTHETIC_ILLUSTRATIVE_NOT_REAL,PLT-A-PBM-NK_-ctrl,pos,10.35
SYNTHETIC_ILLUSTRATIVE_NOT_REAL,PLT-A-PBM-C3a-ctrl,neg,103.54
SYNTHETIC_ILLUSTRATIVE_NOT_REAL,PLT-A-PBM-C3a-ctrl,neg,96.97
SYNTHETIC_ILLUSTRATIVE_NOT_REAL,PLT-A-PBM-C3a-ctrl,neg,100.45
SYNTHETIC_ILLUSTRATIVE_NOT_REAL,PLT-A-PBM-C3a-ctrl,neg,101.22
SYNTHETIC_ILLUSTRATIVE_NOT_REAL,PLT-A-PBM-C3a-ctrl,neg,101.28
SYNTHETIC_ILLUSTRATIVE_NOT_REAL,PLT-A-PBM-C3a-ctrl,neg,97.55
SYNTHETIC_ILLUSTRATIVE_NOT_REAL,PLT-A-PBM-C3a-ctrl,neg,99.36
SYNTHETIC_ILLUSTRATIVE_NOT_REAL,PLT-A-PBM-C3a-ctrl,neg,100.28
SYNTHETIC_ILLUSTRATIVE_NOT_REAL,PLT-A-PBM-C3a-ctrl,pos,10.64
SYNTHETIC_ILLUSTRATIVE_NOT_REAL,PLT-A-PBM-C3a-ctrl,pos,9.48
SYNTHETIC_ILLUSTRATIVE_NOT_REAL,PLT-A-PBM-C3a-ctrl,pos,9.07
SYNTHETIC_ILLUSTRATIVE_NOT_REAL,PLT-A-PBM-C3a-ctrl,pos,10.8
SYNTHETIC_ILLUSTRATIVE_NOT_REAL,PLT-A-PBM-C3a-ctrl,pos,10.88
SYNTHETIC_ILLUSTRATIVE_NOT_REAL,PLT-A-PBM-C3a-ctrl,pos,10.3
SYNTHETIC_ILLUSTRATIVE_NOT_REAL,PLT-A-PBM-C3a-ctrl,pos,9.51
SYNTHETIC_ILLUSTRATIVE_NOT_REAL,PLT-A-PBM-C3a-ctrl,pos,10.33
SYNTHETIC_ILLUSTRATIVE_NOT_REAL,PLT-A-PBM-C5a-ctrl,neg,100.12
SYNTHETIC_ILLUSTRATIVE_NOT_REAL,PLT-A-PBM-C5a-ctrl,neg,102.05
SYNTHETIC_ILLUSTRATIVE_NOT_REAL,PLT-A-PBM-C5a-ctrl,neg,102.09
SYNTHETIC_ILLUSTRATIVE_NOT_REAL,PLT-A-PBM-C5a-ctrl,neg,99.32
SYNTHETIC_ILLUSTRATIVE_NOT_REAL,PLT-A-PBM-C5a-ctrl,neg,101.34
SYNTHETIC_ILLUSTRATIVE_NOT_REAL,PLT-A-PBM-C5a-ctrl,neg,97.12
SYNTHETIC_ILLUSTRATIVE_NOT_REAL,PLT-A-PBM-C5a-ctrl,neg,104.57
SYNTHETIC_ILLUSTRATIVE_NOT_REAL,PLT-A-PBM-C5a-ctrl,neg,102.39
SYNTHETIC_ILLUSTRATIVE_NOT_REAL,PLT-A-PBM-C5a-ctrl,pos,9.83
SYNTHETIC_ILLUSTRATIVE_NOT_REAL,PLT-A-PBM-C5a-ctrl,pos,9.07
SYNTHETIC_ILLUSTRATIVE_NOT_REAL,PLT-A-PBM-C5a-ctrl,pos,10.3
SYNTHETIC_ILLUSTRATIVE_NOT_REAL,PLT-A-PBM-C5a-ctrl,pos,8.5
SYNTHETIC_ILLUSTRATIVE_NOT_REAL,PLT-A-PBM-C5a-ctrl,pos,9.38
SYNTHETIC_ILLUSTRATIVE_NOT_REAL,PLT-A-PBM-C5a-ctrl,pos,10.6
SYNTHETIC_ILLUSTRATIVE_NOT_REAL,PLT-A-PBM-C5a-ctrl,pos,10.06
SYNTHETIC_ILLUSTRATIVE_NOT_REAL,PLT-A-PBM-C5a-ctrl,pos,9.61
SYNTHETIC_ILLUSTRATIVE_NOT_REAL,PLT-A-PBM-C1q-ctrl,neg,102.57
SYNTHETIC_ILLUSTRATIVE_NOT_REAL,PLT-A-PBM-C1q-ctrl,neg,98.55
SYNTHETIC_ILLUSTRATIVE_NOT_REAL,PLT-A-PBM-C1q-ctrl,neg,97.91
SYNTHETIC_ILLUSTRATIVE_NOT_REAL,PLT-A-PBM-C1q-ctrl,neg,101.59
SYNTHETIC_ILLUSTRATIVE_NOT_REAL,PLT-A-PBM-C1q-ctrl,neg,101.41
SYNTHETIC_ILLUSTRATIVE_NOT_REAL,PLT-A-PBM-C1q-ctrl,neg,102.19
SYNTHETIC_ILLUSTRATIVE_NOT_REAL,PLT-A-PBM-C1q-ctrl,neg,97.86
SYNTHETIC_ILLUSTRATIVE_NOT_REAL,PLT-A-PBM-C1q-ctrl,neg,102.16
SYNTHETIC_ILLUSTRATIVE_NOT_REAL,PLT-A-PBM-C1q-ctrl,pos,10.39
SYNTHETIC_ILLUSTRATIVE_NOT_REAL,PLT-A-PBM-C1q-ctrl,pos,11.41
SYNTHETIC_ILLUSTRATIVE_NOT_REAL,PLT-A-PBM-C1q-ctrl,pos,9.0
SYNTHETIC_ILLUSTRATIVE_NOT_REAL,PLT-A-PBM-C1q-ctrl,pos,10.17
SYNTHETIC_ILLUSTRATIVE_NOT_REAL,PLT-A-PBM-C1q-ctrl,pos,9.78
SYNTHETIC_ILLUSTRATIVE_NOT_REAL,PLT-A-PBM-C1q-ctrl,pos,8.73
SYNTHETIC_ILLUSTRATIVE_NOT_REAL,PLT-A-PBM-C1q-ctrl,pos,9.43
SYNTHETIC_ILLUSTRATIVE_NOT_REAL,PLT-A-PBM-C1q-ctrl,pos,10.9
SYNTHETIC_ILLUSTRATIVE_NOT_REAL,PLT-B-PHH-Cel-ctrl,neg,100.53
SYNTHETIC_ILLUSTRATIVE_NOT_REAL,PLT-B-PHH-Cel-ctrl,neg,101.22
SYNTHETIC_ILLUSTRATIVE_NOT_REAL,PLT-B-PHH-Cel-ctrl,neg,103.54
SYNTHETIC_ILLUSTRATIVE_NOT_REAL,PLT-B-PHH-Cel-ctrl,neg,100.72
SYNTHETIC_ILLUSTRATIVE_NOT_REAL,PLT-B-PHH-Cel-ctrl,neg,101.76
SYNTHETIC_ILLUSTRATIVE_NOT_REAL,PLT-B-PHH-Cel-ctrl,neg,98.8
SYNTHETIC_ILLUSTRATIVE_NOT_REAL,PLT-B-PHH-Cel-ctrl,neg,101.43
SYNTHETIC_ILLUSTRATIVE_NOT_REAL,PLT-B-PHH-Cel-ctrl,neg,100.31
SYNTHETIC_ILLUSTRATIVE_NOT_REAL,PLT-B-PHH-Cel-ctrl,pos,9.63
SYNTHETIC_ILLUSTRATIVE_NOT_REAL,PLT-B-PHH-Cel-ctrl,pos,9.92
SYNTHETIC_ILLUSTRATIVE_NOT_REAL,PLT-B-PHH-Cel-ctrl,pos,9.95
SYNTHETIC_ILLUSTRATIVE_NOT_REAL,PLT-B-PHH-Cel-ctrl,pos,10.15
SYNTHETIC_ILLUSTRATIVE_NOT_REAL,PLT-B-PHH-Cel-ctrl,pos,10.32
SYNTHETIC_ILLUSTRATIVE_NOT_REAL,PLT-B-PHH-Cel-ctrl,pos,9.59
SYNTHETIC_ILLUSTRATIVE_NOT_REAL,PLT-B-PHH-Cel-ctrl,pos,9.41
SYNTHETIC_ILLUSTRATIVE_NOT_REAL,PLT-B-PHH-Cel-ctrl,pos,10.6
SYNTHETIC_ILLUSTRATIVE_NOT_REAL,PLT-B-PHH-LDH-ctrl,neg,99.61
SYNTHETIC_ILLUSTRATIVE_NOT_REAL,PLT-B-PHH-LDH-ctrl,neg,101.93
SYNTHETIC_ILLUSTRATIVE_NOT_REAL,PLT-B-PHH-LDH-ctrl,neg,102.2
SYNTHETIC_ILLUSTRATIVE_NOT_REAL,PLT-B-PHH-LDH-ctrl,neg,97.4
SYNTHETIC_ILLUSTRATIVE_NOT_REAL,PLT-B-PHH-LDH-ctrl,neg,102.11
SYNTHETIC_ILLUSTRATIVE_NOT_REAL,PLT-B-PHH-LDH-ctrl,neg,101.03
SYNTHETIC_ILLUSTRATIVE_NOT_REAL,PLT-B-PHH-LDH-ctrl,neg,101.92
SYNTHETIC_ILLUSTRATIVE_NOT_REAL,PLT-B-PHH-LDH-ctrl,neg,100.93
SYNTHETIC_ILLUSTRATIVE_NOT_REAL,PLT-B-PHH-LDH-ctrl,pos,9.0
SYNTHETIC_ILLUSTRATIVE_NOT_REAL,PLT-B-PHH-LDH-ctrl,pos,9.06
SYNTHETIC_ILLUSTRATIVE_NOT_REAL,PLT-B-PHH-LDH-ctrl,pos,11.46
SYNTHETIC_ILLUSTRATIVE_NOT_REAL,PLT-B-PHH-LDH-ctrl,pos,10.2
SYNTHETIC_ILLUSTRATIVE_NOT_REAL,PLT-B-PHH-LDH-ctrl,pos,8.87
SYNTHETIC_ILLUSTRATIVE_NOT_REAL,PLT-B-PHH-LDH-ctrl,pos,10.28
SYNTHETIC_ILLUSTRATIVE_NOT_REAL,PLT-B-PHH-LDH-ctrl,pos,9.71
SYNTHETIC_ILLUSTRATIVE_NOT_REAL,PLT-B-PHH-LDH-ctrl,pos,8.53
SYNTHETIC_ILLUSTRATIVE_NOT_REAL,PLT-B-PHH-ALT-ctrl,neg,100.13
SYNTHETIC_ILLUSTRATIVE_NOT_REAL,PLT-B-PHH-ALT-ctrl,neg,100.87
SYNTHETIC_ILLUSTRATIVE_NOT_REAL,PLT-B-PHH-ALT-ctrl,neg,97.9
SYNTHETIC_ILLUSTRATIVE_NOT_REAL,PLT-B-PHH-ALT-ctrl,neg,97.26
SYNTHETIC_ILLUSTRATIVE_NOT_REAL,PLT-B-PHH-ALT-ctrl,neg,104.32
SYNTHETIC_ILLUSTRATIVE_NOT_REAL,PLT-B-PHH-ALT-ctrl,neg,99.26
SYNTHETIC_ILLUSTRATIVE_NOT_REAL,PLT-B-PHH-ALT-ctrl,neg,104.16
SYNTHETIC_ILLUSTRATIVE_NOT_REAL,PLT-B-PHH-ALT-ctrl,neg,101.07
SYNTHETIC_ILLUSTRATIVE_NOT_REAL,PLT-B-PHH-ALT-ctrl,pos,10.06
SYNTHETIC_ILLUSTRATIVE_NOT_REAL,PLT-B-PHH-ALT-ctrl,pos,10.38
SYNTHETIC_ILLUSTRATIVE_NOT_REAL,PLT-B-PHH-ALT-ctrl,pos,10.51
SYNTHETIC_ILLUSTRATIVE_NOT_REAL,PLT-B-PHH-ALT-ctrl,pos,10.94
SYNTHETIC_ILLUSTRATIVE_NOT_REAL,PLT-B-PHH-ALT-ctrl,pos,10.35
SYNTHETIC_ILLUSTRATIVE_NOT_REAL,PLT-B-PHH-ALT-ctrl,pos,10.12
SYNTHETIC_ILLUSTRATIVE_NOT_REAL,PLT-B-PHH-ALT-ctrl,pos,10.14
SYNTHETIC_ILLUSTRATIVE_NOT_REAL,PLT-B-PHH-ALT-ctrl,pos,11.08
SYNTHETIC_ILLUSTRATIVE_NOT_REAL,PLT-B-PHH-AST-ctrl,neg,101.84
SYNTHETIC_ILLUSTRATIVE_NOT_REAL,PLT-B-PHH-AST-ctrl,neg,100.12
SYNTHETIC_ILLUSTRATIVE_NOT_REAL,PLT-B-PHH-AST-ctrl,neg,100.9
SYNTHETIC_ILLUSTRATIVE_NOT_REAL,PLT-B-PHH-AST-ctrl,neg,99.35
SYNTHETIC_ILLUSTRATIVE_NOT_REAL,PLT-B-PHH-AST-ctrl,neg,97.18
SYNTHETIC_ILLUSTRATIVE_NOT_REAL,PLT-B-PHH-AST-ctrl,neg,98.0
SYNTHETIC_ILLUSTRATIVE_NOT_REAL,PLT-B-PHH-AST-ctrl,neg,101.53
SYNTHETIC_ILLUSTRATIVE_NOT_REAL,PLT-B-PHH-AST-ctrl,neg,100.89
SYNTHETIC_ILLUSTRATIVE_NOT_REAL,PLT-B-PHH-AST-ctrl,pos,11.27
SYNTHETIC_ILLUSTRATIVE_NOT_REAL,PLT-B-PHH-AST-ctrl,pos,10.04
SYNTHETIC_ILLUSTRATIVE_NOT_REAL,PLT-B-PHH-AST-ctrl,pos,10.69
SYNTHETIC_ILLUSTRATIVE_NOT_REAL,PLT-B-PHH-AST-ctrl,pos,11.06
SYNTHETIC_ILLUSTRATIVE_NOT_REAL,PLT-B-PHH-AST-ctrl,pos,10.8
SYNTHETIC_ILLUSTRATIVE_NOT_REAL,PLT-B-PHH-AST-ctrl,pos,9.51
SYNTHETIC_ILLUSTRATIVE_NOT_REAL,PLT-B-PHH-AST-ctrl,pos,9.85
SYNTHETIC_ILLUSTRATIVE_NOT_REAL,PLT-B-PHH-AST-ctrl,pos,10.1
SYNTHETIC_ILLUSTRATIVE_NOT_REAL,PLT-B-PHH-Cas-ctrl,neg,99.65
SYNTHETIC_ILLUSTRATIVE_NOT_REAL,PLT-B-PHH-Cas-ctrl,neg,96.46
SYNTHETIC_ILLUSTRATIVE_NOT_REAL,PLT-B-PHH-Cas-ctrl,neg,100.23
SYNTHETIC_ILLUSTRATIVE_NOT_REAL,PLT-B-PHH-Cas-ctrl,neg,101.29
SYNTHETIC_ILLUSTRATIVE_NOT_REAL,PLT-B-PHH-Cas-ctrl,neg,99.7
SYNTHETIC_ILLUSTRATIVE_NOT_REAL,PLT-B-PHH-Cas-ctrl,neg,100.92
SYNTHETIC_ILLUSTRATIVE_NOT_REAL,PLT-B-PHH-Cas-ctrl,neg,98.13
SYNTHETIC_ILLUSTRATIVE_NOT_REAL,PLT-B-PHH-Cas-ctrl,neg,97.09
SYNTHETIC_ILLUSTRATIVE_NOT_REAL,PLT-B-PHH-Cas-ctrl,pos,9.49
SYNTHETIC_ILLUSTRATIVE_NOT_REAL,PLT-B-PHH-Cas-ctrl,pos,10.93
SYNTHETIC_ILLUSTRATIVE_NOT_REAL,PLT-B-PHH-Cas-ctrl,pos,10.82
SYNTHETIC_ILLUSTRATIVE_NOT_REAL,PLT-B-PHH-Cas-ctrl,pos,9.64
SYNTHETIC_ILLUSTRATIVE_NOT_REAL,PLT-B-PHH-Cas-ctrl,pos,10.96
SYNTHETIC_ILLUSTRATIVE_NOT_REAL,PLT-B-PHH-Cas-ctrl,pos,9.74
SYNTHETIC_ILLUSTRATIVE_NOT_REAL,PLT-B-PHH-Cas-ctrl,pos,11.21
SYNTHETIC_ILLUSTRATIVE_NOT_REAL,PLT-B-PHH-Cas-ctrl,pos,10.39
SYNTHETIC_ILLUSTRATIVE_NOT_REAL,PLT-B-PHH-HMG-ctrl,neg,98.57
SYNTHETIC_ILLUSTRATIVE_NOT_REAL,PLT-B-PHH-HMG-ctrl,neg,97.88
SYNTHETIC_ILLUSTRATIVE_NOT_REAL,PLT-B-PHH-HMG-ctrl,neg,100.48
SYNTHETIC_ILLUSTRATIVE_NOT_REAL,PLT-B-PHH-HMG-ctrl,neg,101.05
SYNTHETIC_ILLUSTRATIVE_NOT_REAL,PLT-B-PHH-HMG-ctrl,neg,96.48
SYNTHETIC_ILLUSTRATIVE_NOT_REAL,PLT-B-PHH-HMG-ctrl,neg,103.38
SYNTHETIC_ILLUSTRATIVE_NOT_REAL,PLT-B-PHH-HMG-ctrl,neg,100.06
SYNTHETIC_ILLUSTRATIVE_NOT_REAL,PLT-B-PHH-HMG-ctrl,neg,99.79
SYNTHETIC_ILLUSTRATIVE_NOT_REAL,PLT-B-PHH-HMG-ctrl,pos,10.85
SYNTHETIC_ILLUSTRATIVE_NOT_REAL,PLT-B-PHH-HMG-ctrl,pos,10.06
SYNTHETIC_ILLUSTRATIVE_NOT_REAL,PLT-B-PHH-HMG-ctrl,pos,9.52
SYNTHETIC_ILLUSTRATIVE_NOT_REAL,PLT-B-PHH-HMG-ctrl,pos,11.76
SYNTHETIC_ILLUSTRATIVE_NOT_REAL,PLT-B-PHH-HMG-ctrl,pos,9.14
SYNTHETIC_ILLUSTRATIVE_NOT_REAL,PLT-B-PHH-HMG-ctrl,pos,9.92
SYNTHETIC_ILLUSTRATIVE_NOT_REAL,PLT-B-PHH-HMG-ctrl,pos,10.68
SYNTHETIC_ILLUSTRATIVE_NOT_REAL,PLT-B-PHH-ROS-ctrl,neg,95.27
SYNTHETIC_ILLUSTRATIVE_NOT_REAL,PLT-B-PHH-ROS-ctrl,neg,100.72
SYNTHETIC_ILLUSTRATIVE_NOT_REAL,PLT-B-PHH-ROS-ctrl,neg,101.43
SYNTHETIC_ILLUSTRATIVE_NOT_REAL,PLT-B-PHH-ROS-ctrl,neg,97.76
SYNTHETIC_ILLUSTRATIVE_NOT_REAL,PLT-B-PHH-ROS-ctrl,neg,98.71
SYNTHETIC_ILLUSTRATIVE_NOT_REAL,PLT-B-PHH-ROS-ctrl,neg,100.87
SYNTHETIC_ILLUSTRATIVE_NOT_REAL,PLT-B-PHH-ROS-ctrl,neg,103.26
SYNTHETIC_ILLUSTRATIVE_NOT_REAL,PLT-B-PHH-ROS-ctrl,neg,98.16
SYNTHETIC_ILLUSTRATIVE_NOT_REAL,PLT-B-PHH-ROS-ctrl,pos,8.74
SYNTHETIC_ILLUSTRATIVE_NOT_REAL,PLT-B-PHH-ROS-ctrl,pos,10.78
SYNTHETIC_ILLUSTRATIVE_NOT_REAL,PLT-B-PHH-ROS-ctrl,pos,11.22
SYNTHETIC_ILLUSTRATIVE_NOT_REAL,PLT-B-PHH-ROS-ctrl,pos,9.73
SYNTHETIC_ILLUSTRATIVE_NOT_REAL,PLT-B-PHH-ROS-ctrl,pos,8.23
SYNTHETIC_ILLUSTRATIVE_NOT_REAL,PLT-B-PHH-ROS-ctrl,pos,11.16
SYNTHETIC_ILLUSTRATIVE_NOT_REAL,PLT-B-PHH-ROS-ctrl,pos,9.84
SYNTHETIC_ILLUSTRATIVE_NOT_REAL,PLT-B-PHH-ROS-ctrl,pos,10.9
SYNTHETIC_ILLUSTRATIVE_NOT_REAL,PLT-B-PHH-Lip-ctrl,neg,96.97
SYNTHETIC_ILLUSTRATIVE_NOT_REAL,PLT-B-PHH-Lip-ctrl,neg,99.37
SYNTHETIC_ILLUSTRATIVE_NOT_REAL,PLT-B-PHH-Lip-ctrl,neg,103.9
SYNTHETIC_ILLUSTRATIVE_NOT_REAL,PLT-B-PHH-Lip-ctrl,neg,100.1
SYNTHETIC_ILLUSTRATIVE_NOT_REAL,PLT-B-PHH-Lip-ctrl,neg,100.94
SYNTHETIC_ILLUSTRATIVE_NOT_REAL,PLT-B-PHH-Lip-ctrl,neg,99.71
SYNTHETIC_ILLUSTRATIVE_NOT_REAL,PLT-B-PHH-Lip-ctrl,neg,97.65
SYNTHETIC_ILLUSTRATIVE_NOT_REAL,PLT-B-PHH-Lip-ctrl,neg,99.93
SYNTHETIC_ILLUSTRATIVE_NOT_REAL,PLT-B-PHH-Lip-ctrl,pos,10.33
SYNTHETIC_ILLUSTRATIVE_NOT_REAL,PLT-B-PHH-Lip-ctrl,pos,9.18
SYNTHETIC_ILLUSTRATIVE_NOT_REAL,PLT-B-PHH-Lip-ctrl,pos,10.27
SYNTHETIC_ILLUSTRATIVE_NOT_REAL,PLT-B-PHH-Lip-ctrl,pos,11.0
SYNTHETIC_ILLUSTRATIVE_NOT_REAL,PLT-B-PHH-Lip-ctrl,pos,10.86
SYNTHETIC_ILLUSTRATIVE_NOT_REAL,PLT-B-PHH-Lip-ctrl,pos,8.73
SYNTHETIC_ILLUSTRATIVE_NOT_REAL,PLT-B-PHH-Lip-ctrl,pos,9.22
SYNTHETIC_ILLUSTRATIVE_NOT_REAL,PLT-B-PHH-Lip-ctrl,pos,8.71
SYNTHETIC_ILLUSTRATIVE_NOT_REAL,PLT-B-PHH-Mit-ctrl,neg,97.09
SYNTHETIC_ILLUSTRATIVE_NOT_REAL,PLT-B-PHH-Mit-ctrl,neg,100.1
SYNTHETIC_ILLUSTRATIVE_NOT_REAL,PLT-B-PHH-Mit-ctrl,neg,100.25
SYNTHETIC_ILLUSTRATIVE_NOT_REAL,PLT-B-PHH-Mit-ctrl,neg,97.76
SYNTHETIC_ILLUSTRATIVE_NOT_REAL,PLT-B-PHH-Mit-ctrl,neg,98.75
SYNTHETIC_ILLUSTRATIVE_NOT_REAL,PLT-B-PHH-Mit-ctrl,neg,98.28
SYNTHETIC_ILLUSTRATIVE_NOT_REAL,PLT-B-PHH-Mit-ctrl,neg,101.82
SYNTHETIC_ILLUSTRATIVE_NOT_REAL,PLT-B-PHH-Mit-ctrl,neg,94.94
SYNTHETIC_ILLUSTRATIVE_NOT_REAL,PLT-B-PHH-Mit-ctrl,pos,9.73
SYNTHETIC_ILLUSTRATIVE_NOT_REAL,PLT-B-PHH-Mit-ctrl,pos,8.67
SYNTHETIC_ILLUSTRATIVE_NOT_REAL,PLT-B-PHH-Mit-ctrl,pos,9.65
SYNTHETIC_ILLUSTRATIVE_NOT_REAL,PLT-B-PHH-Mit-ctrl,pos,10.68
SYNTHETIC_ILLUSTRATIVE_NOT_REAL,PLT-B-PHH-Mit-ctrl,pos,9.5
SYNTHETIC_ILLUSTRATIVE_NOT_REAL,PLT-B-PHH-Mit-ctrl,pos,10.11
SYNTHETIC_ILLUSTRATIVE_NOT_REAL,PLT-B-PHH-Mit-ctrl,pos,9.32
SYNTHETIC_ILLUSTRATIVE_NOT_REAL,PLT-B-PHH-Mit-ctrl,pos,11.55
SYNTHETIC_ILLUSTRATIVE_NOT_REAL,PLT-B-PHH-Bil-ctrl,neg,97.76
SYNTHETIC_ILLUSTRATIVE_NOT_REAL,PLT-B-PHH-Bil-ctrl,neg,102.29
SYNTHETIC_ILLUSTRATIVE_NOT_REAL,PLT-B-PHH-Bil-ctrl,neg,98.14
SYNTHETIC_ILLUSTRATIVE_NOT_REAL,PLT-B-PHH-Bil-ctrl,neg,102.15
SYNTHETIC_ILLUSTRATIVE_NOT_REAL,PLT-B-PHH-Bil-ctrl,neg,100.49
SYNTHETIC_ILLUSTRATIVE_NOT_REAL,PLT-B-PHH-Bil-ctrl,neg,101.76
SYNTHETIC_ILLUSTRATIVE_NOT_REAL,PLT-B-PHH-Bil-ctrl,neg,103.49
SYNTHETIC_ILLUSTRATIVE_NOT_REAL,PLT-B-PHH-Bil-ctrl,neg,101.38
SYNTHETIC_ILLUSTRATIVE_NOT_REAL,PLT-B-PHH-Bil-ctrl,pos,10.62
SYNTHETIC_ILLUSTRATIVE_NOT_REAL,PLT-B-PHH-Bil-ctrl,pos,9.27
SYNTHETIC_ILLUSTRATIVE_NOT_REAL,PLT-B-PHH-Bil-ctrl,pos,9.44
SYNTHETIC_ILLUSTRATIVE_NOT_REAL,PLT-B-PHH-Bil-ctrl,pos,10.52
SYNTHETIC_ILLUSTRATIVE_NOT_REAL,PLT-B-PHH-Bil-ctrl,pos,11.23
SYNTHETIC_ILLUSTRATIVE_NOT_REAL,PLT-B-PHH-Bil-ctrl,pos,11.11
SYNTHETIC_ILLUSTRATIVE_NOT_REAL,PLT-B-PHH-Bil-ctrl,pos,11.85
SYNTHETIC_ILLUSTRATIVE_NOT_REAL,PLT-B-PHH-Bil-ctrl,pos,10.25
SYNTHETIC_ILLUSTRATIVE_NOT_REAL,PLT-B-PHH-Gen-ctrl,neg,100.75
SYNTHETIC_ILLUSTRATIVE_NOT_REAL,PLT-B-PHH-Gen-ctrl,neg,102.41
SYNTHETIC_ILLUSTRATIVE_NOT_REAL,PLT-B-PHH-Gen-ctrl,neg,102.09
SYNTHETIC_ILLUSTRATIVE_NOT_REAL,PLT-B-PHH-Gen-ctrl,neg,98.85
SYNTHETIC_ILLUSTRATIVE_NOT_REAL,PLT-B-PHH-Gen-ctrl,neg,99.67
SYNTHETIC_ILLUSTRATIVE_NOT_REAL,PLT-B-PHH-Gen-ctrl,neg,97.42
SYNTHETIC_ILLUSTRATIVE_NOT_REAL,PLT-B-PHH-Gen-ctrl,neg,103.35
SYNTHETIC_ILLUSTRATIVE_NOT_REAL,PLT-B-PHH-Gen-ctrl,neg,100.88
SYNTHETIC_ILLUSTRATIVE_NOT_REAL,PLT-B-PHH-Gen-ctrl,pos,11.12
SYNTHETIC_ILLUSTRATIVE_NOT_REAL,PLT-B-PHH-Gen-ctrl,pos,9.74
SYNTHETIC_ILLUSTRATIVE_NOT_REAL,PLT-B-PHH-Gen-ctrl,pos,8.36
SYNTHETIC_ILLUSTRATIVE_NOT_REAL,PLT-B-PHH-Gen-ctrl,pos,11.23
SYNTHETIC_ILLUSTRATIVE_NOT_REAL,PLT-B-PHH-Gen-ctrl,pos,10.07
SYNTHETIC_ILLUSTRATIVE_NOT_REAL,PLT-B-PHH-Gen-ctrl,pos,10.11
SYNTHETIC_ILLUSTRATIVE_NOT_REAL,PLT-B-PHH-Gen-ctrl,pos,10.04
SYNTHETIC_ILLUSTRATIVE_NOT_REAL,PLT-B-PHH-Gen-ctrl,pos,10.52
SYNTHETIC_ILLUSTRATIVE_NOT_REAL,PLT-B-PHH-RNA-ctrl,neg,102.46
SYNTHETIC_ILLUSTRATIVE_NOT_REAL,PLT-B-PHH-RNA-ctrl,neg,99.12
SYNTHETIC_ILLUSTRATIVE_NOT_REAL,PLT-B-PHH-RNA-ctrl,neg,99.02
SYNTHETIC_ILLUSTRATIVE_NOT_REAL,PLT-B-PHH-RNA-ctrl,neg,98.62
SYNTHETIC_ILLUSTRATIVE_NOT_REAL,PLT-B-PHH-RNA-ctrl,neg,99.71
SYNTHETIC_ILLUSTRATIVE_NOT_REAL,PLT-B-PHH-RNA-ctrl,neg,103.67
SYNTHETIC_ILLUSTRATIVE_NOT_REAL,PLT-B-PHH-RNA-ctrl,neg,97.69
SYNTHETIC_ILLUSTRATIVE_NOT_REAL,PLT-B-PHH-RNA-ctrl,neg,103.27
SYNTHETIC_ILLUSTRATIVE_NOT_REAL,PLT-B-PHH-RNA-ctrl,pos,9.19
SYNTHETIC_ILLUSTRATIVE_NOT_REAL,PLT-B-PHH-RNA-ctrl,pos,9.81
SYNTHETIC_ILLUSTRATIVE_NOT_REAL,PLT-B-PHH-RNA-ctrl,pos,10.67
SYNTHETIC_ILLUSTRATIVE_NOT_REAL,PLT-B-PHH-RNA-ctrl,pos,10.5
SYNTHETIC_ILLUSTRATIVE_NOT_REAL,PLT-B-PHH-RNA-ctrl,pos,10.23
SYNTHETIC_ILLUSTRATIVE_NOT_REAL,PLT-B-PHH-RNA-ctrl,pos,8.68
SYNTHETIC_ILLUSTRATIVE_NOT_REAL,PLT-B-PHH-RNA-ctrl,pos,10.29
SYNTHETIC_ILLUSTRATIVE_NOT_REAL,PLT-B-PHH-RNA-ctrl,pos,9.18
SYNTHETIC_ILLUSTRATIVE_NOT_REAL,PLT-B-PBM-IFN-ctrl,neg,101.78
SYNTHETIC_ILLUSTRATIVE_NOT_REAL,PLT-B-PBM-IFN-ctrl,neg,100.72
SYNTHETIC_ILLUSTRATIVE_NOT_REAL,PLT-B-PBM-IFN-ctrl,neg,100.59
SYNTHETIC_ILLUSTRATIVE_NOT_REAL,PLT-B-PBM-IFN-ctrl,neg,101.31
SYNTHETIC_ILLUSTRATIVE_NOT_REAL,PLT-B-PBM-IFN-ctrl,neg,101.0
SYNTHETIC_ILLUSTRATIVE_NOT_REAL,PLT-B-PBM-IFN-ctrl,neg,98.29
SYNTHETIC_ILLUSTRATIVE_NOT_REAL,PLT-B-PBM-IFN-ctrl,neg,99.35
SYNTHETIC_ILLUSTRATIVE_NOT_REAL,PLT-B-PBM-IFN-ctrl,neg,104.68
SYNTHETIC_ILLUSTRATIVE_NOT_REAL,PLT-B-PBM-IFN-ctrl,pos,9.03
SYNTHETIC_ILLUSTRATIVE_NOT_REAL,PLT-B-PBM-IFN-ctrl,pos,9.62
SYNTHETIC_ILLUSTRATIVE_NOT_REAL,PLT-B-PBM-IFN-ctrl,pos,10.85
SYNTHETIC_ILLUSTRATIVE_NOT_REAL,PLT-B-PBM-IFN-ctrl,pos,9.87
SYNTHETIC_ILLUSTRATIVE_NOT_REAL,PLT-B-PBM-IFN-ctrl,pos,9.35
SYNTHETIC_ILLUSTRATIVE_NOT_REAL,PLT-B-PBM-IFN-ctrl,pos,8.94
SYNTHETIC_ILLUSTRATIVE_NOT_REAL,PLT-B-PBM-IFN-ctrl,pos,10.43
SYNTHETIC_ILLUSTRATIVE_NOT_REAL,PLT-B-PBM-IFN-ctrl,pos,10.82
SYNTHETIC_ILLUSTRATIVE_NOT_REAL,PLT-B-PBM-IFN-ctrl,neg,98.3
SYNTHETIC_ILLUSTRATIVE_NOT_REAL,PLT-B-PBM-IFN-ctrl,neg,100.55
SYNTHETIC_ILLUSTRATIVE_NOT_REAL,PLT-B-PBM-IFN-ctrl,neg,98.03
SYNTHETIC_ILLUSTRATIVE_NOT_REAL,PLT-B-PBM-IFN-ctrl,neg,101.45
SYNTHETIC_ILLUSTRATIVE_NOT_REAL,PLT-B-PBM-IFN-ctrl,neg,98.95
SYNTHETIC_ILLUSTRATIVE_NOT_REAL,PLT-B-PBM-IFN-ctrl,neg,101.92
SYNTHETIC_ILLUSTRATIVE_NOT_REAL,PLT-B-PBM-IFN-ctrl,neg,102.72
SYNTHETIC_ILLUSTRATIVE_NOT_REAL,PLT-B-PBM-IFN-ctrl,neg,95.94
SYNTHETIC_ILLUSTRATIVE_NOT_REAL,PLT-B-PBM-IFN-ctrl,pos,10.23
SYNTHETIC_ILLUSTRATIVE_NOT_REAL,PLT-B-PBM-IFN-ctrl,pos,9.44
SYNTHETIC_ILLUSTRATIVE_NOT_REAL,PLT-B-PBM-IFN-ctrl,pos,8.87
SYNTHETIC_ILLUSTRATIVE_NOT_REAL,PLT-B-PBM-IFN-ctrl,pos,9.51
SYNTHETIC_ILLUSTRATIVE_NOT_REAL,PLT-B-PBM-IFN-ctrl,pos,9.82
SYNTHETIC_ILLUSTRATIVE_NOT_REAL,PLT-B-PBM-IFN-ctrl,pos,10.83
SYNTHETIC_ILLUSTRATIVE_NOT_REAL,PLT-B-PBM-IFN-ctrl,pos,8.78
SYNTHETIC_ILLUSTRATIVE_NOT_REAL,PLT-B-PBM-IFN-ctrl,pos,10.84
SYNTHETIC_ILLUSTRATIVE_NOT_REAL,PLT-B-PBM-IL1-ctrl,neg,99.84
SYNTHETIC_ILLUSTRATIVE_NOT_REAL,PLT-B-PBM-IL1-ctrl,neg,99.87
SYNTHETIC_ILLUSTRATIVE_NOT_REAL,PLT-B-PBM-IL1-ctrl,neg,101.45
SYNTHETIC_ILLUSTRATIVE_NOT_REAL,PLT-B-PBM-IL1-ctrl,neg,99.06
SYNTHETIC_ILLUSTRATIVE_NOT_REAL,PLT-B-PBM-IL1-ctrl,neg,97.47
SYNTHETIC_ILLUSTRATIVE_NOT_REAL,PLT-B-PBM-IL1-ctrl,neg,97.51
SYNTHETIC_ILLUSTRATIVE_NOT_REAL,PLT-B-PBM-IL1-ctrl,neg,104.23
SYNTHETIC_ILLUSTRATIVE_NOT_REAL,PLT-B-PBM-IL1-ctrl,neg,95.3
SYNTHETIC_ILLUSTRATIVE_NOT_REAL,PLT-B-PBM-IL1-ctrl,pos,9.86
SYNTHETIC_ILLUSTRATIVE_NOT_REAL,PLT-B-PBM-IL1-ctrl,pos,11.17
SYNTHETIC_ILLUSTRATIVE_NOT_REAL,PLT-B-PBM-IL1-ctrl,pos,10.39
SYNTHETIC_ILLUSTRATIVE_NOT_REAL,PLT-B-PBM-IL1-ctrl,pos,9.34
SYNTHETIC_ILLUSTRATIVE_NOT_REAL,PLT-B-PBM-IL1-ctrl,pos,10.0
SYNTHETIC_ILLUSTRATIVE_NOT_REAL,PLT-B-PBM-IL1-ctrl,pos,10.69
SYNTHETIC_ILLUSTRATIVE_NOT_REAL,PLT-B-PBM-IL1-ctrl,pos,10.97
SYNTHETIC_ILLUSTRATIVE_NOT_REAL,PLT-B-PBM-IL1-ctrl,pos,9.28
SYNTHETIC_ILLUSTRATIVE_NOT_REAL,PLT-B-PBM-IL6-ctrl,neg,99.32
SYNTHETIC_ILLUSTRATIVE_NOT_REAL,PLT-B-PBM-IL6-ctrl,neg,101.72
SYNTHETIC_ILLUSTRATIVE_NOT_REAL,PLT-B-PBM-IL6-ctrl,neg,98.58
SYNTHETIC_ILLUSTRATIVE_NOT_REAL,PLT-B-PBM-IL6-ctrl,neg,97.42
SYNTHETIC_ILLUSTRATIVE_NOT_REAL,PLT-B-PBM-IL6-ctrl,neg,98.99
SYNTHETIC_ILLUSTRATIVE_NOT_REAL,PLT-B-PBM-IL6-ctrl,neg,100.07
SYNTHETIC_ILLUSTRATIVE_NOT_REAL,PLT-B-PBM-IL6-ctrl,neg,98.13
SYNTHETIC_ILLUSTRATIVE_NOT_REAL,PLT-B-PBM-IL6-ctrl,neg,100.55
SYNTHETIC_ILLUSTRATIVE_NOT_REAL,PLT-B-PBM-IL6-ctrl,pos,11.45
SYNTHETIC_ILLUSTRATIVE_NOT_REAL,PLT-B-PBM-IL6-ctrl,pos,9.53
SYNTHETIC_ILLUSTRATIVE_NOT_REAL,PLT-B-PBM-IL6-ctrl,pos,10.03
SYNTHETIC_ILLUSTRATIVE_NOT_REAL,PLT-B-PBM-IL6-ctrl,pos,11.07
SYNTHETIC_ILLUSTRATIVE_NOT_REAL,PLT-B-PBM-IL6-ctrl,pos,9.47
SYNTHETIC_ILLUSTRATIVE_NOT_REAL,PLT-B-PBM-IL6-ctrl,pos,9.31
SYNTHETIC_ILLUSTRATIVE_NOT_REAL,PLT-B-PBM-IL6-ctrl,pos,9.12
SYNTHETIC_ILLUSTRATIVE_NOT_REAL,PLT-B-PBM-IL6-ctrl,pos,10.31
SYNTHETIC_ILLUSTRATIVE_NOT_REAL,PLT-B-PBM-IL8-ctrl,neg,97.1
SYNTHETIC_ILLUSTRATIVE_NOT_REAL,PLT-B-PBM-IL8-ctrl,neg,98.19
SYNTHETIC_ILLUSTRATIVE_NOT_REAL,PLT-B-PBM-IL8-ctrl,neg,102.74
SYNTHETIC_ILLUSTRATIVE_NOT_REAL,PLT-B-PBM-IL8-ctrl,neg,97.23
SYNTHETIC_ILLUSTRATIVE_NOT_REAL,PLT-B-PBM-IL8-ctrl,neg,102.38
SYNTHETIC_ILLUSTRATIVE_NOT_REAL,PLT-B-PBM-IL8-ctrl,neg,102.55
SYNTHETIC_ILLUSTRATIVE_NOT_REAL,PLT-B-PBM-IL8-ctrl,neg,99.54
SYNTHETIC_ILLUSTRATIVE_NOT_REAL,PLT-B-PBM-IL8-ctrl,neg,99.8
SYNTHETIC_ILLUSTRATIVE_NOT_REAL,PLT-B-PBM-IL8-ctrl,pos,9.47
SYNTHETIC_ILLUSTRATIVE_NOT_REAL,PLT-B-PBM-IL8-ctrl,pos,9.94
SYNTHETIC_ILLUSTRATIVE_NOT_REAL,PLT-B-PBM-IL8-ctrl,pos,10.49
SYNTHETIC_ILLUSTRATIVE_NOT_REAL,PLT-B-PBM-IL8-ctrl,pos,9.97
SYNTHETIC_ILLUSTRATIVE_NOT_REAL,PLT-B-PBM-IL8-ctrl,pos,10.76
SYNTHETIC_ILLUSTRATIVE_NOT_REAL,PLT-B-PBM-IL8-ctrl,pos,10.91
SYNTHETIC_ILLUSTRATIVE_NOT_REAL,PLT-B-PBM-IL8-ctrl,pos,10.23
SYNTHETIC_ILLUSTRATIVE_NOT_REAL,PLT-B-PBM-IL8-ctrl,pos,10.22
SYNTHETIC_ILLUSTRATIVE_NOT_REAL,PLT-B-PBM-IL1-ctrl,neg,98.78
SYNTHETIC_ILLUSTRATIVE_NOT_REAL,PLT-B-PBM-IL1-ctrl,neg,102.28
SYNTHETIC_ILLUSTRATIVE_NOT_REAL,PLT-B-PBM-IL1-ctrl,neg,103.7
SYNTHETIC_ILLUSTRATIVE_NOT_REAL,PLT-B-PBM-IL1-ctrl,neg,98.0
SYNTHETIC_ILLUSTRATIVE_NOT_REAL,PLT-B-PBM-IL1-ctrl,neg,100.46
SYNTHETIC_ILLUSTRATIVE_NOT_REAL,PLT-B-PBM-IL1-ctrl,neg,99.19
SYNTHETIC_ILLUSTRATIVE_NOT_REAL,PLT-B-PBM-IL1-ctrl,neg,100.91
SYNTHETIC_ILLUSTRATIVE_NOT_REAL,PLT-B-PBM-IL1-ctrl,neg,100.52
SYNTHETIC_ILLUSTRATIVE_NOT_REAL,PLT-B-PBM-IL1-ctrl,pos,11.51
SYNTHETIC_ILLUSTRATIVE_NOT_REAL,PLT-B-PBM-IL1-ctrl,pos,10.43
SYNTHETIC_ILLUSTRATIVE_NOT_REAL,PLT-B-PBM-IL1-ctrl,pos,9.95
SYNTHETIC_ILLUSTRATIVE_NOT_REAL,PLT-B-PBM-IL1-ctrl,pos,10.85
SYNTHETIC_ILLUSTRATIVE_NOT_REAL,PLT-B-PBM-IL1-ctrl,pos,9.74
SYNTHETIC_ILLUSTRATIVE_NOT_REAL,PLT-B-PBM-IL1-ctrl,pos,9.66
SYNTHETIC_ILLUSTRATIVE_NOT_REAL,PLT-B-PBM-IL1-ctrl,pos,11.74
SYNTHETIC_ILLUSTRATIVE_NOT_REAL,PLT-B-PBM-IL1-ctrl,pos,9.3
SYNTHETIC_ILLUSTRATIVE_NOT_REAL,PLT-B-PBM-IL1-ctrl,neg,98.67
SYNTHETIC_ILLUSTRATIVE_NOT_REAL,PLT-B-PBM-IL1-ctrl,neg,100.07
SYNTHETIC_ILLUSTRATIVE_NOT_REAL,PLT-B-PBM-IL1-ctrl,neg,100.67
SYNTHETIC_ILLUSTRATIVE_NOT_REAL,PLT-B-PBM-IL1-ctrl,neg,101.81
SYNTHETIC_ILLUSTRATIVE_NOT_REAL,PLT-B-PBM-IL1-ctrl,neg,100.09
SYNTHETIC_ILLUSTRATIVE_NOT_REAL,PLT-B-PBM-IL1-ctrl,neg,103.33
SYNTHETIC_ILLUSTRATIVE_NOT_REAL,PLT-B-PBM-IL1-ctrl,neg,99.4
SYNTHETIC_ILLUSTRATIVE_NOT_REAL,PLT-B-PBM-IL1-ctrl,pos,9.58
SYNTHETIC_ILLUSTRATIVE_NOT_REAL,PLT-B-PBM-IL1-ctrl,pos,7.92
SYNTHETIC_ILLUSTRATIVE_NOT_REAL,PLT-B-PBM-IL1-ctrl,pos,9.31
SYNTHETIC_ILLUSTRATIVE_NOT_REAL,PLT-B-PBM-IL1-ctrl,pos,10.76
SYNTHETIC_ILLUSTRATIVE_NOT_REAL,PLT-B-PBM-IL1-ctrl,pos,10.17
SYNTHETIC_ILLUSTRATIVE_NOT_REAL,PLT-B-PBM-IL1-ctrl,pos,10.24
SYNTHETIC_ILLUSTRATIVE_NOT_REAL,PLT-B-PBM-IL1-ctrl,pos,8.34
SYNTHETIC_ILLUSTRATIVE_NOT_REAL,PLT-B-PBM-TNF-ctrl,neg,99.43
SYNTHETIC_ILLUSTRATIVE_NOT_REAL,PLT-B-PBM-TNF-ctrl,neg,103.33
SYNTHETIC_ILLUSTRATIVE_NOT_REAL,PLT-B-PBM-TNF-ctrl,neg,99.06
SYNTHETIC_ILLUSTRATIVE_NOT_REAL,PLT-B-PBM-TNF-ctrl,neg,96.7
SYNTHETIC_ILLUSTRATIVE_NOT_REAL,PLT-B-PBM-TNF-ctrl,neg,102.7
SYNTHETIC_ILLUSTRATIVE_NOT_REAL,PLT-B-PBM-TNF-ctrl,neg,101.0
SYNTHETIC_ILLUSTRATIVE_NOT_REAL,PLT-B-PBM-TNF-ctrl,neg,97.51
SYNTHETIC_ILLUSTRATIVE_NOT_REAL,PLT-B-PBM-TNF-ctrl,neg,101.46
SYNTHETIC_ILLUSTRATIVE_NOT_REAL,PLT-B-PBM-TNF-ctrl,pos,9.14
SYNTHETIC_ILLUSTRATIVE_NOT_REAL,PLT-B-PBM-TNF-ctrl,pos,8.89
SYNTHETIC_ILLUSTRATIVE_NOT_REAL,PLT-B-PBM-TNF-ctrl,pos,9.84
SYNTHETIC_ILLUSTRATIVE_NOT_REAL,PLT-B-PBM-TNF-ctrl,pos,9.58
SYNTHETIC_ILLUSTRATIVE_NOT_REAL,PLT-B-PBM-TNF-ctrl,pos,9.08
SYNTHETIC_ILLUSTRATIVE_NOT_REAL,PLT-B-PBM-TNF-ctrl,pos,9.67
SYNTHETIC_ILLUSTRATIVE_NOT_REAL,PLT-B-PBM-TNF-ctrl,pos,9.16
SYNTHETIC_ILLUSTRATIVE_NOT_REAL,PLT-B-PBM-TNF-ctrl,pos,10.01
SYNTHETIC_ILLUSTRATIVE_NOT_REAL,PLT-B-PBM-MCP-ctrl,neg,96.03
SYNTHETIC_ILLUSTRATIVE_NOT_REAL,PLT-B-PBM-MCP-ctrl,neg,101.37
SYNTHETIC_ILLUSTRATIVE_NOT_REAL,PLT-B-PBM-MCP-ctrl,neg,101.23
SYNTHETIC_ILLUSTRATIVE_NOT_REAL,PLT-B-PBM-MCP-ctrl,neg,101.87
SYNTHETIC_ILLUSTRATIVE_NOT_REAL,PLT-B-PBM-MCP-ctrl,neg,99.48
SYNTHETIC_ILLUSTRATIVE_NOT_REAL,PLT-B-PBM-MCP-ctrl,neg,97.38
SYNTHETIC_ILLUSTRATIVE_NOT_REAL,PLT-B-PBM-MCP-ctrl,neg,98.89
SYNTHETIC_ILLUSTRATIVE_NOT_REAL,PLT-B-PBM-MCP-ctrl,neg,101.05
SYNTHETIC_ILLUSTRATIVE_NOT_REAL,PLT-B-PBM-MCP-ctrl,pos,9.35
SYNTHETIC_ILLUSTRATIVE_NOT_REAL,PLT-B-PBM-MCP-ctrl,pos,9.4
SYNTHETIC_ILLUSTRATIVE_NOT_REAL,PLT-B-PBM-MCP-ctrl,pos,8.84
SYNTHETIC_ILLUSTRATIVE_NOT_REAL,PLT-B-PBM-MCP-ctrl,pos,9.03
SYNTHETIC_ILLUSTRATIVE_NOT_REAL,PLT-B-PBM-MCP-ctrl,pos,10.64
SYNTHETIC_ILLUSTRATIVE_NOT_REAL,PLT-B-PBM-MCP-ctrl,pos,10.33
SYNTHETIC_ILLUSTRATIVE_NOT_REAL,PLT-B-PBM-MCP-ctrl,pos,9.1
SYNTHETIC_ILLUSTRATIVE_NOT_REAL,PLT-B-PBM-IP1-ctrl,neg,98.9
SYNTHETIC_ILLUSTRATIVE_NOT_REAL,PLT-B-PBM-IP1-ctrl,neg,101.41
SYNTHETIC_ILLUSTRATIVE_NOT_REAL,PLT-B-PBM-IP1-ctrl,neg,100.22
SYNTHETIC_ILLUSTRATIVE_NOT_REAL,PLT-B-PBM-IP1-ctrl,neg,103.64
SYNTHETIC_ILLUSTRATIVE_NOT_REAL,PLT-B-PBM-IP1-ctrl,neg,99.27
SYNTHETIC_ILLUSTRATIVE_NOT_REAL,PLT-B-PBM-IP1-ctrl,neg,95.13
SYNTHETIC_ILLUSTRATIVE_NOT_REAL,PLT-B-PBM-IP1-ctrl,neg,100.5
SYNTHETIC_ILLUSTRATIVE_NOT_REAL,PLT-B-PBM-IP1-ctrl,pos,10.28
SYNTHETIC_ILLUSTRATIVE_NOT_REAL,PLT-B-PBM-IP1-ctrl,pos,10.03
SYNTHETIC_ILLUSTRATIVE_NOT_REAL,PLT-B-PBM-IP1-ctrl,pos,9.32
SYNTHETIC_ILLUSTRATIVE_NOT_REAL,PLT-B-PBM-IP1-ctrl,pos,11.17
SYNTHETIC_ILLUSTRATIVE_NOT_REAL,PLT-B-PBM-IP1-ctrl,pos,9.44
SYNTHETIC_ILLUSTRATIVE_NOT_REAL,PLT-B-PBM-IP1-ctrl,pos,10.55
SYNTHETIC_ILLUSTRATIVE_NOT_REAL,PLT-B-PBM-IP1-ctrl,pos,9.75
SYNTHETIC_ILLUSTRATIVE_NOT_REAL,PLT-B-PBM-IP1-ctrl,pos,9.02
SYNTHETIC_ILLUSTRATIVE_NOT_REAL,PLT-B-PBM-GM_-ctrl,neg,98.22
SYNTHETIC_ILLUSTRATIVE_NOT_REAL,PLT-B-PBM-GM_-ctrl,neg,98.45
SYNTHETIC_ILLUSTRATIVE_NOT_REAL,PLT-B-PBM-GM_-ctrl,neg,99.54
SYNTHETIC_ILLUSTRATIVE_NOT_REAL,PLT-B-PBM-GM_-ctrl,neg,100.36
SYNTHETIC_ILLUSTRATIVE_NOT_REAL,PLT-B-PBM-GM_-ctrl,neg,101.84
SYNTHETIC_ILLUSTRATIVE_NOT_REAL,PLT-B-PBM-GM_-ctrl,neg,101.24
SYNTHETIC_ILLUSTRATIVE_NOT_REAL,PLT-B-PBM-GM_-ctrl,neg,99.75
SYNTHETIC_ILLUSTRATIVE_NOT_REAL,PLT-B-PBM-GM_-ctrl,neg,100.05
SYNTHETIC_ILLUSTRATIVE_NOT_REAL,PLT-B-PBM-GM_-ctrl,pos,11.41
SYNTHETIC_ILLUSTRATIVE_NOT_REAL,PLT-B-PBM-GM_-ctrl,pos,9.51
SYNTHETIC_ILLUSTRATIVE_NOT_REAL,PLT-B-PBM-GM_-ctrl,pos,10.24
SYNTHETIC_ILLUSTRATIVE_NOT_REAL,PLT-B-PBM-GM_-ctrl,pos,11.25
SYNTHETIC_ILLUSTRATIVE_NOT_REAL,PLT-B-PBM-GM_-ctrl,pos,10.28
SYNTHETIC_ILLUSTRATIVE_NOT_REAL,PLT-B-PBM-GM_-ctrl,pos,8.37
SYNTHETIC_ILLUSTRATIVE_NOT_REAL,PLT-B-PBM-GM_-ctrl,pos,10.3
SYNTHETIC_ILLUSTRATIVE_NOT_REAL,PLT-B-PBM-GM_-ctrl,pos,9.69
SYNTHETIC_ILLUSTRATIVE_NOT_REAL,PLT-B-PBM-IL4-ctrl,neg,99.17
SYNTHETIC_ILLUSTRATIVE_NOT_REAL,PLT-B-PBM-IL4-ctrl,neg,98.94
SYNTHETIC_ILLUSTRATIVE_NOT_REAL,PLT-B-PBM-IL4-ctrl,neg,101.46
SYNTHETIC_ILLUSTRATIVE_NOT_REAL,PLT-B-PBM-IL4-ctrl,neg,98.57
SYNTHETIC_ILLUSTRATIVE_NOT_REAL,PLT-B-PBM-IL4-ctrl,neg,100.88
SYNTHETIC_ILLUSTRATIVE_NOT_REAL,PLT-B-PBM-IL4-ctrl,neg,103.06
SYNTHETIC_ILLUSTRATIVE_NOT_REAL,PLT-B-PBM-IL4-ctrl,neg,100.72
SYNTHETIC_ILLUSTRATIVE_NOT_REAL,PLT-B-PBM-IL4-ctrl,neg,96.79
SYNTHETIC_ILLUSTRATIVE_NOT_REAL,PLT-B-PBM-IL4-ctrl,pos,10.1
SYNTHETIC_ILLUSTRATIVE_NOT_REAL,PLT-B-PBM-IL4-ctrl,pos,10.84
SYNTHETIC_ILLUSTRATIVE_NOT_REAL,PLT-B-PBM-IL4-ctrl,pos,9.78
SYNTHETIC_ILLUSTRATIVE_NOT_REAL,PLT-B-PBM-IL4-ctrl,pos,10.89
SYNTHETIC_ILLUSTRATIVE_NOT_REAL,PLT-B-PBM-IL4-ctrl,pos,10.5
SYNTHETIC_ILLUSTRATIVE_NOT_REAL,PLT-B-PBM-IL4-ctrl,pos,10.34
SYNTHETIC_ILLUSTRATIVE_NOT_REAL,PLT-B-PBM-IL4-ctrl,pos,9.8
SYNTHETIC_ILLUSTRATIVE_NOT_REAL,PLT-B-PBM-IL4-ctrl,pos,9.6
SYNTHETIC_ILLUSTRATIVE_NOT_REAL,PLT-B-PBM-IL1-ctrl,neg,98.96
SYNTHETIC_ILLUSTRATIVE_NOT_REAL,PLT-B-PBM-IL1-ctrl,neg,99.5
SYNTHETIC_ILLUSTRATIVE_NOT_REAL,PLT-B-PBM-IL1-ctrl,neg,100.21
SYNTHETIC_ILLUSTRATIVE_NOT_REAL,PLT-B-PBM-IL1-ctrl,neg,98.31
SYNTHETIC_ILLUSTRATIVE_NOT_REAL,PLT-B-PBM-IL1-ctrl,neg,98.08
SYNTHETIC_ILLUSTRATIVE_NOT_REAL,PLT-B-PBM-IL1-ctrl,neg,99.24
SYNTHETIC_ILLUSTRATIVE_NOT_REAL,PLT-B-PBM-IL1-ctrl,neg,101.75
SYNTHETIC_ILLUSTRATIVE_NOT_REAL,PLT-B-PBM-IL1-ctrl,neg,99.14
SYNTHETIC_ILLUSTRATIVE_NOT_REAL,PLT-B-PBM-IL1-ctrl,pos,9.85
SYNTHETIC_ILLUSTRATIVE_NOT_REAL,PLT-B-PBM-IL1-ctrl,pos,9.64
SYNTHETIC_ILLUSTRATIVE_NOT_REAL,PLT-B-PBM-IL1-ctrl,pos,8.92
SYNTHETIC_ILLUSTRATIVE_NOT_REAL,PLT-B-PBM-IL1-ctrl,pos,11.2
SYNTHETIC_ILLUSTRATIVE_NOT_REAL,PLT-B-PBM-IL1-ctrl,pos,8.14
SYNTHETIC_ILLUSTRATIVE_NOT_REAL,PLT-B-PBM-IL1-ctrl,pos,9.49
SYNTHETIC_ILLUSTRATIVE_NOT_REAL,PLT-B-PBM-IL1-ctrl,pos,10.46
SYNTHETIC_ILLUSTRATIVE_NOT_REAL,PLT-B-PBM-IL1-ctrl,pos,8.9
SYNTHETIC_ILLUSTRATIVE_NOT_REAL,PLT-B-PBM-TLR-ctrl,neg,100.62
SYNTHETIC_ILLUSTRATIVE_NOT_REAL,PLT-B-PBM-TLR-ctrl,neg,102.01
SYNTHETIC_ILLUSTRATIVE_NOT_REAL,PLT-B-PBM-TLR-ctrl,neg,102.56
SYNTHETIC_ILLUSTRATIVE_NOT_REAL,PLT-B-PBM-TLR-ctrl,neg,102.05
SYNTHETIC_ILLUSTRATIVE_NOT_REAL,PLT-B-PBM-TLR-ctrl,neg,101.85
SYNTHETIC_ILLUSTRATIVE_NOT_REAL,PLT-B-PBM-TLR-ctrl,neg,98.19
SYNTHETIC_ILLUSTRATIVE_NOT_REAL,PLT-B-PBM-TLR-ctrl,neg,100.87
SYNTHETIC_ILLUSTRATIVE_NOT_REAL,PLT-B-PBM-TLR-ctrl,neg,98.94
SYNTHETIC_ILLUSTRATIVE_NOT_REAL,PLT-B-PBM-TLR-ctrl,pos,9.06
SYNTHETIC_ILLUSTRATIVE_NOT_REAL,PLT-B-PBM-TLR-ctrl,pos,9.09
SYNTHETIC_ILLUSTRATIVE_NOT_REAL,PLT-B-PBM-TLR-ctrl,pos,10.35
SYNTHETIC_ILLUSTRATIVE_NOT_REAL,PLT-B-PBM-TLR-ctrl,pos,10.85
SYNTHETIC_ILLUSTRATIVE_NOT_REAL,PLT-B-PBM-TLR-ctrl,pos,8.91
SYNTHETIC_ILLUSTRATIVE_NOT_REAL,PLT-B-PBM-TLR-ctrl,pos,11.4
SYNTHETIC_ILLUSTRATIVE_NOT_REAL,PLT-B-PBM-TLR-ctrl,pos,11.18
SYNTHETIC_ILLUSTRATIVE_NOT_REAL,PLT-B-PBM-TLR-ctrl,pos,9.7
SYNTHETIC_ILLUSTRATIVE_NOT_REAL,PLT-B-PBM-NK_-ctrl,neg,100.04
SYNTHETIC_ILLUSTRATIVE_NOT_REAL,PLT-B-PBM-NK_-ctrl,neg,100.43
SYNTHETIC_ILLUSTRATIVE_NOT_REAL,PLT-B-PBM-NK_-ctrl,neg,104.08
SYNTHETIC_ILLUSTRATIVE_NOT_REAL,PLT-B-PBM-NK_-ctrl,neg,98.76
SYNTHETIC_ILLUSTRATIVE_NOT_REAL,PLT-B-PBM-NK_-ctrl,neg,100.93
SYNTHETIC_ILLUSTRATIVE_NOT_REAL,PLT-B-PBM-NK_-ctrl,neg,101.45
SYNTHETIC_ILLUSTRATIVE_NOT_REAL,PLT-B-PBM-NK_-ctrl,neg,98.09
SYNTHETIC_ILLUSTRATIVE_NOT_REAL,PLT-B-PBM-NK_-ctrl,neg,100.38
SYNTHETIC_ILLUSTRATIVE_NOT_REAL,PLT-B-PBM-NK_-ctrl,pos,10.13
SYNTHETIC_ILLUSTRATIVE_NOT_REAL,PLT-B-PBM-NK_-ctrl,pos,9.62
SYNTHETIC_ILLUSTRATIVE_NOT_REAL,PLT-B-PBM-NK_-ctrl,pos,10.45
SYNTHETIC_ILLUSTRATIVE_NOT_REAL,PLT-B-PBM-NK_-ctrl,pos,10.82
SYNTHETIC_ILLUSTRATIVE_NOT_REAL,PLT-B-PBM-NK_-ctrl,pos,10.9
SYNTHETIC_ILLUSTRATIVE_NOT_REAL,PLT-B-PBM-NK_-ctrl,pos,9.85
SYNTHETIC_ILLUSTRATIVE_NOT_REAL,PLT-B-PBM-NK_-ctrl,pos,10.15
SYNTHETIC_ILLUSTRATIVE_NOT_REAL,PLT-B-PBM-NK_-ctrl,pos,11.88
SYNTHETIC_ILLUSTRATIVE_NOT_REAL,PLT-B-PBM-C3a-ctrl,neg,96.85
SYNTHETIC_ILLUSTRATIVE_NOT_REAL,PLT-B-PBM-C3a-ctrl,neg,101.12
SYNTHETIC_ILLUSTRATIVE_NOT_REAL,PLT-B-PBM-C3a-ctrl,neg,98.82
SYNTHETIC_ILLUSTRATIVE_NOT_REAL,PLT-B-PBM-C3a-ctrl,neg,98.38
SYNTHETIC_ILLUSTRATIVE_NOT_REAL,PLT-B-PBM-C3a-ctrl,neg,98.3
SYNTHETIC_ILLUSTRATIVE_NOT_REAL,PLT-B-PBM-C3a-ctrl,neg,102.42
SYNTHETIC_ILLUSTRATIVE_NOT_REAL,PLT-B-PBM-C3a-ctrl,neg,101.66
SYNTHETIC_ILLUSTRATIVE_NOT_REAL,PLT-B-PBM-C3a-ctrl,neg,98.57
SYNTHETIC_ILLUSTRATIVE_NOT_REAL,PLT-B-PBM-C3a-ctrl,pos,9.09
SYNTHETIC_ILLUSTRATIVE_NOT_REAL,PLT-B-PBM-C3a-ctrl,pos,10.01
SYNTHETIC_ILLUSTRATIVE_NOT_REAL,PLT-B-PBM-C3a-ctrl,pos,9.63
SYNTHETIC_ILLUSTRATIVE_NOT_REAL,PLT-B-PBM-C3a-ctrl,pos,11.33
SYNTHETIC_ILLUSTRATIVE_NOT_REAL,PLT-B-PBM-C3a-ctrl,pos,8.83
SYNTHETIC_ILLUSTRATIVE_NOT_REAL,PLT-B-PBM-C3a-ctrl,pos,8.54
SYNTHETIC_ILLUSTRATIVE_NOT_REAL,PLT-B-PBM-C3a-ctrl,pos,9.8
SYNTHETIC_ILLUSTRATIVE_NOT_REAL,PLT-B-PBM-C5a-ctrl,neg,96.58
SYNTHETIC_ILLUSTRATIVE_NOT_REAL,PLT-B-PBM-C5a-ctrl,neg,97.67
SYNTHETIC_ILLUSTRATIVE_NOT_REAL,PLT-B-PBM-C5a-ctrl,neg,99.23
SYNTHETIC_ILLUSTRATIVE_NOT_REAL,PLT-B-PBM-C5a-ctrl,neg,98.82
SYNTHETIC_ILLUSTRATIVE_NOT_REAL,PLT-B-PBM-C5a-ctrl,neg,100.62
SYNTHETIC_ILLUSTRATIVE_NOT_REAL,PLT-B-PBM-C5a-ctrl,neg,96.14
SYNTHETIC_ILLUSTRATIVE_NOT_REAL,PLT-B-PBM-C5a-ctrl,neg,101.44
SYNTHETIC_ILLUSTRATIVE_NOT_REAL,PLT-B-PBM-C5a-ctrl,neg,101.49
SYNTHETIC_ILLUSTRATIVE_NOT_REAL,PLT-B-PBM-C5a-ctrl,pos,9.87
SYNTHETIC_ILLUSTRATIVE_NOT_REAL,PLT-B-PBM-C5a-ctrl,pos,8.89
SYNTHETIC_ILLUSTRATIVE_NOT_REAL,PLT-B-PBM-C5a-ctrl,pos,10.0
SYNTHETIC_ILLUSTRATIVE_NOT_REAL,PLT-B-PBM-C5a-ctrl,pos,9.57
SYNTHETIC_ILLUSTRATIVE_NOT_REAL,PLT-B-PBM-C5a-ctrl,pos,10.45
SYNTHETIC_ILLUSTRATIVE_NOT_REAL,PLT-B-PBM-C5a-ctrl,pos,9.93
SYNTHETIC_ILLUSTRATIVE_NOT_REAL,PLT-B-PBM-C5a-ctrl,pos,10.58
SYNTHETIC_ILLUSTRATIVE_NOT_REAL,PLT-B-PBM-C5a-ctrl,pos,9.65
SYNTHETIC_ILLUSTRATIVE_NOT_REAL,PLT-B-PBM-C1q-ctrl,neg,101.67
SYNTHETIC_ILLUSTRATIVE_NOT_REAL,PLT-B-PBM-C1q-ctrl,neg,99.88
SYNTHETIC_ILLUSTRATIVE_NOT_REAL,PLT-B-PBM-C1q-ctrl,neg,101.63
SYNTHETIC_ILLUSTRATIVE_NOT_REAL,PLT-B-PBM-C1q-ctrl,neg,96.46
SYNTHETIC_ILLUSTRATIVE_NOT_REAL,PLT-B-PBM-C1q-ctrl,neg,98.43
SYNTHETIC_ILLUSTRATIVE_NOT_REAL,PLT-B-PBM-C1q-ctrl,neg,102.89
SYNTHETIC_ILLUSTRATIVE_NOT_REAL,PLT-B-PBM-C1q-ctrl,neg,103.52
SYNTHETIC_ILLUSTRATIVE_NOT_REAL,PLT-B-PBM-C1q-ctrl,neg,100.5
SYNTHETIC_ILLUSTRATIVE_NOT_REAL,PLT-B-PBM-C1q-ctrl,pos,9.92
SYNTHETIC_ILLUSTRATIVE_NOT_REAL,PLT-B-PBM-C1q-ctrl,pos,8.99
SYNTHETIC_ILLUSTRATIVE_NOT_REAL,PLT-B-PBM-C1q-ctrl,pos,10.29
SYNTHETIC_ILLUSTRATIVE_NOT_REAL,PLT-B-PBM-C1q-ctrl,pos,10.62
SYNTHETIC_ILLUSTRATIVE_NOT_REAL,PLT-B-PBM-C1q-ctrl,pos,8.81
SYNTHETIC_ILLUSTRATIVE_NOT_REAL,PLT-B-PBM-C1q-ctrl,pos,10.45
SYNTHETIC_ILLUSTRATIVE_NOT_REAL,PLT-B-PBM-C1q-ctrl,pos,10.39
SYNTHETIC_ILLUSTRATIVE_NOT_REAL,PLT-B-PBM-C1q-ctrl,pos,10.35
SYNTHETIC_ILLUSTRATIVE_NOT_REAL,PLT-C-PHH-Cel-ctrl,neg,100.13
SYNTHETIC_ILLUSTRATIVE_NOT_REAL,PLT-C-PHH-Cel-ctrl,neg,100.28
SYNTHETIC_ILLUSTRATIVE_NOT_REAL,PLT-C-PHH-Cel-ctrl,neg,104.81
SYNTHETIC_ILLUSTRATIVE_NOT_REAL,PLT-C-PHH-Cel-ctrl,neg,100.03
SYNTHETIC_ILLUSTRATIVE_NOT_REAL,PLT-C-PHH-Cel-ctrl,neg,99.53
SYNTHETIC_ILLUSTRATIVE_NOT_REAL,PLT-C-PHH-Cel-ctrl,neg,99.27
SYNTHETIC_ILLUSTRATIVE_NOT_REAL,PLT-C-PHH-Cel-ctrl,neg,99.93
SYNTHETIC_ILLUSTRATIVE_NOT_REAL,PLT-C-PHH-Cel-ctrl,neg,100.49
SYNTHETIC_ILLUSTRATIVE_NOT_REAL,PLT-C-PHH-Cel-ctrl,pos,9.1
SYNTHETIC_ILLUSTRATIVE_NOT_REAL,PLT-C-PHH-Cel-ctrl,pos,8.42
SYNTHETIC_ILLUSTRATIVE_NOT_REAL,PLT-C-PHH-Cel-ctrl,pos,10.24
SYNTHETIC_ILLUSTRATIVE_NOT_REAL,PLT-C-PHH-Cel-ctrl,pos,8.72
SYNTHETIC_ILLUSTRATIVE_NOT_REAL,PLT-C-PHH-Cel-ctrl,pos,10.21
SYNTHETIC_ILLUSTRATIVE_NOT_REAL,PLT-C-PHH-Cel-ctrl,pos,10.11
SYNTHETIC_ILLUSTRATIVE_NOT_REAL,PLT-C-PHH-Cel-ctrl,pos,10.92
SYNTHETIC_ILLUSTRATIVE_NOT_REAL,PLT-C-PHH-Cel-ctrl,pos,11.34
SYNTHETIC_ILLUSTRATIVE_NOT_REAL,PLT-C-PHH-LDH-ctrl,neg,101.55
SYNTHETIC_ILLUSTRATIVE_NOT_REAL,PLT-C-PHH-LDH-ctrl,neg,103.18
SYNTHETIC_ILLUSTRATIVE_NOT_REAL,PLT-C-PHH-LDH-ctrl,neg,99.42
SYNTHETIC_ILLUSTRATIVE_NOT_REAL,PLT-C-PHH-LDH-ctrl,neg,103.47
SYNTHETIC_ILLUSTRATIVE_NOT_REAL,PLT-C-PHH-LDH-ctrl,neg,101.57
SYNTHETIC_ILLUSTRATIVE_NOT_REAL,PLT-C-PHH-LDH-ctrl,neg,103.68
SYNTHETIC_ILLUSTRATIVE_NOT_REAL,PLT-C-PHH-LDH-ctrl,neg,101.7
SYNTHETIC_ILLUSTRATIVE_NOT_REAL,PLT-C-PHH-LDH-ctrl,pos,9.3
SYNTHETIC_ILLUSTRATIVE_NOT_REAL,PLT-C-PHH-LDH-ctrl,pos,10.91
SYNTHETIC_ILLUSTRATIVE_NOT_REAL,PLT-C-PHH-LDH-ctrl,pos,10.26
SYNTHETIC_ILLUSTRATIVE_NOT_REAL,PLT-C-PHH-LDH-ctrl,pos,10.33
SYNTHETIC_ILLUSTRATIVE_NOT_REAL,PLT-C-PHH-LDH-ctrl,pos,10.12
SYNTHETIC_ILLUSTRATIVE_NOT_REAL,PLT-C-PHH-LDH-ctrl,pos,11.09
SYNTHETIC_ILLUSTRATIVE_NOT_REAL,PLT-C-PHH-LDH-ctrl,pos,10.44
SYNTHETIC_ILLUSTRATIVE_NOT_REAL,PLT-C-PHH-LDH-ctrl,pos,9.44
SYNTHETIC_ILLUSTRATIVE_NOT_REAL,PLT-C-PHH-ALT-ctrl,neg,99.33
SYNTHETIC_ILLUSTRATIVE_NOT_REAL,PLT-C-PHH-ALT-ctrl,neg,99.75
SYNTHETIC_ILLUSTRATIVE_NOT_REAL,PLT-C-PHH-ALT-ctrl,neg,99.35
SYNTHETIC_ILLUSTRATIVE_NOT_REAL,PLT-C-PHH-ALT-ctrl,neg,97.56
SYNTHETIC_ILLUSTRATIVE_NOT_REAL,PLT-C-PHH-ALT-ctrl,neg,100.23
SYNTHETIC_ILLUSTRATIVE_NOT_REAL,PLT-C-PHH-ALT-ctrl,neg,100.77
SYNTHETIC_ILLUSTRATIVE_NOT_REAL,PLT-C-PHH-ALT-ctrl,neg,100.82
SYNTHETIC_ILLUSTRATIVE_NOT_REAL,PLT-C-PHH-ALT-ctrl,neg,97.64
SYNTHETIC_ILLUSTRATIVE_NOT_REAL,PLT-C-PHH-ALT-ctrl,pos,9.93
SYNTHETIC_ILLUSTRATIVE_NOT_REAL,PLT-C-PHH-ALT-ctrl,pos,8.63
SYNTHETIC_ILLUSTRATIVE_NOT_REAL,PLT-C-PHH-ALT-ctrl,pos,10.75
SYNTHETIC_ILLUSTRATIVE_NOT_REAL,PLT-C-PHH-ALT-ctrl,pos,9.21
SYNTHETIC_ILLUSTRATIVE_NOT_REAL,PLT-C-PHH-ALT-ctrl,pos,9.8
SYNTHETIC_ILLUSTRATIVE_NOT_REAL,PLT-C-PHH-ALT-ctrl,pos,9.66
SYNTHETIC_ILLUSTRATIVE_NOT_REAL,PLT-C-PHH-ALT-ctrl,pos,9.56
SYNTHETIC_ILLUSTRATIVE_NOT_REAL,PLT-C-PHH-ALT-ctrl,pos,9.17
SYNTHETIC_ILLUSTRATIVE_NOT_REAL,PLT-C-PHH-AST-ctrl,neg,100.68
SYNTHETIC_ILLUSTRATIVE_NOT_REAL,PLT-C-PHH-AST-ctrl,neg,103.22
SYNTHETIC_ILLUSTRATIVE_NOT_REAL,PLT-C-PHH-AST-ctrl,neg,100.95
SYNTHETIC_ILLUSTRATIVE_NOT_REAL,PLT-C-PHH-AST-ctrl,neg,100.17
SYNTHETIC_ILLUSTRATIVE_NOT_REAL,PLT-C-PHH-AST-ctrl,neg,99.06
SYNTHETIC_ILLUSTRATIVE_NOT_REAL,PLT-C-PHH-AST-ctrl,neg,97.08
SYNTHETIC_ILLUSTRATIVE_NOT_REAL,PLT-C-PHH-AST-ctrl,neg,98.89
SYNTHETIC_ILLUSTRATIVE_NOT_REAL,PLT-C-PHH-AST-ctrl,neg,100.23
SYNTHETIC_ILLUSTRATIVE_NOT_REAL,PLT-C-PHH-AST-ctrl,pos,9.83
SYNTHETIC_ILLUSTRATIVE_NOT_REAL,PLT-C-PHH-AST-ctrl,pos,10.09
SYNTHETIC_ILLUSTRATIVE_NOT_REAL,PLT-C-PHH-AST-ctrl,pos,10.63
SYNTHETIC_ILLUSTRATIVE_NOT_REAL,PLT-C-PHH-AST-ctrl,pos,10.38
SYNTHETIC_ILLUSTRATIVE_NOT_REAL,PLT-C-PHH-AST-ctrl,pos,10.26
SYNTHETIC_ILLUSTRATIVE_NOT_REAL,PLT-C-PHH-AST-ctrl,pos,10.56
SYNTHETIC_ILLUSTRATIVE_NOT_REAL,PLT-C-PHH-AST-ctrl,pos,10.18
SYNTHETIC_ILLUSTRATIVE_NOT_REAL,PLT-C-PHH-AST-ctrl,pos,10.01
SYNTHETIC_ILLUSTRATIVE_NOT_REAL,PLT-C-PHH-Cas-ctrl,neg,100.35
SYNTHETIC_ILLUSTRATIVE_NOT_REAL,PLT-C-PHH-Cas-ctrl,neg,104.11
SYNTHETIC_ILLUSTRATIVE_NOT_REAL,PLT-C-PHH-Cas-ctrl,neg,97.15
SYNTHETIC_ILLUSTRATIVE_NOT_REAL,PLT-C-PHH-Cas-ctrl,neg,101.24
SYNTHETIC_ILLUSTRATIVE_NOT_REAL,PLT-C-PHH-Cas-ctrl,neg,100.15
SYNTHETIC_ILLUSTRATIVE_NOT_REAL,PLT-C-PHH-Cas-ctrl,neg,99.89
SYNTHETIC_ILLUSTRATIVE_NOT_REAL,PLT-C-PHH-Cas-ctrl,neg,99.35
SYNTHETIC_ILLUSTRATIVE_NOT_REAL,PLT-C-PHH-Cas-ctrl,neg,99.49
SYNTHETIC_ILLUSTRATIVE_NOT_REAL,PLT-C-PHH-Cas-ctrl,pos,10.88
SYNTHETIC_ILLUSTRATIVE_NOT_REAL,PLT-C-PHH-Cas-ctrl,pos,10.53
SYNTHETIC_ILLUSTRATIVE_NOT_REAL,PLT-C-PHH-Cas-ctrl,pos,9.26
SYNTHETIC_ILLUSTRATIVE_NOT_REAL,PLT-C-PHH-Cas-ctrl,pos,11.3
SYNTHETIC_ILLUSTRATIVE_NOT_REAL,PLT-C-PHH-Cas-ctrl,pos,9.02
SYNTHETIC_ILLUSTRATIVE_NOT_REAL,PLT-C-PHH-Cas-ctrl,pos,10.58
SYNTHETIC_ILLUSTRATIVE_NOT_REAL,PLT-C-PHH-Cas-ctrl,pos,10.2
SYNTHETIC_ILLUSTRATIVE_NOT_REAL,PLT-C-PHH-Cas-ctrl,pos,11.01
SYNTHETIC_ILLUSTRATIVE_NOT_REAL,PLT-C-PHH-HMG-ctrl,neg,98.27
SYNTHETIC_ILLUSTRATIVE_NOT_REAL,PLT-C-PHH-HMG-ctrl,neg,100.77
SYNTHETIC_ILLUSTRATIVE_NOT_REAL,PLT-C-PHH-HMG-ctrl,neg,104.76
SYNTHETIC_ILLUSTRATIVE_NOT_REAL,PLT-C-PHH-HMG-ctrl,neg,97.34
SYNTHETIC_ILLUSTRATIVE_NOT_REAL,PLT-C-PHH-HMG-ctrl,neg,102.62
SYNTHETIC_ILLUSTRATIVE_NOT_REAL,PLT-C-PHH-HMG-ctrl,neg,102.5
SYNTHETIC_ILLUSTRATIVE_NOT_REAL,PLT-C-PHH-HMG-ctrl,neg,96.39
SYNTHETIC_ILLUSTRATIVE_NOT_REAL,PLT-C-PHH-HMG-ctrl,neg,97.29
SYNTHETIC_ILLUSTRATIVE_NOT_REAL,PLT-C-PHH-HMG-ctrl,pos,9.28
SYNTHETIC_ILLUSTRATIVE_NOT_REAL,PLT-C-PHH-HMG-ctrl,pos,10.84
SYNTHETIC_ILLUSTRATIVE_NOT_REAL,PLT-C-PHH-HMG-ctrl,pos,9.72
SYNTHETIC_ILLUSTRATIVE_NOT_REAL,PLT-C-PHH-HMG-ctrl,pos,9.93
SYNTHETIC_ILLUSTRATIVE_NOT_REAL,PLT-C-PHH-HMG-ctrl,pos,10.63
SYNTHETIC_ILLUSTRATIVE_NOT_REAL,PLT-C-PHH-HMG-ctrl,pos,10.16
SYNTHETIC_ILLUSTRATIVE_NOT_REAL,PLT-C-PHH-HMG-ctrl,pos,10.24
SYNTHETIC_ILLUSTRATIVE_NOT_REAL,PLT-C-PHH-HMG-ctrl,pos,9.8
SYNTHETIC_ILLUSTRATIVE_NOT_REAL,PLT-C-PHH-ROS-ctrl,neg,94.32
SYNTHETIC_ILLUSTRATIVE_NOT_REAL,PLT-C-PHH-ROS-ctrl,neg,99.97
SYNTHETIC_ILLUSTRATIVE_NOT_REAL,PLT-C-PHH-ROS-ctrl,neg,96.77
SYNTHETIC_ILLUSTRATIVE_NOT_REAL,PLT-C-PHH-ROS-ctrl,neg,98.19
SYNTHETIC_ILLUSTRATIVE_NOT_REAL,PLT-C-PHH-ROS-ctrl,neg,97.67
SYNTHETIC_ILLUSTRATIVE_NOT_REAL,PLT-C-PHH-ROS-ctrl,neg,101.33
SYNTHETIC_ILLUSTRATIVE_NOT_REAL,PLT-C-PHH-ROS-ctrl,neg,97.65
SYNTHETIC_ILLUSTRATIVE_NOT_REAL,PLT-C-PHH-ROS-ctrl,neg,100.62
SYNTHETIC_ILLUSTRATIVE_NOT_REAL,PLT-C-PHH-ROS-ctrl,pos,9.64
SYNTHETIC_ILLUSTRATIVE_NOT_REAL,PLT-C-PHH-ROS-ctrl,pos,9.04
SYNTHETIC_ILLUSTRATIVE_NOT_REAL,PLT-C-PHH-ROS-ctrl,pos,8.77
SYNTHETIC_ILLUSTRATIVE_NOT_REAL,PLT-C-PHH-ROS-ctrl,pos,10.39
SYNTHETIC_ILLUSTRATIVE_NOT_REAL,PLT-C-PHH-ROS-ctrl,pos,10.33
SYNTHETIC_ILLUSTRATIVE_NOT_REAL,PLT-C-PHH-ROS-ctrl,pos,10.64
SYNTHETIC_ILLUSTRATIVE_NOT_REAL,PLT-C-PHH-ROS-ctrl,pos,11.49
SYNTHETIC_ILLUSTRATIVE_NOT_REAL,PLT-C-PHH-ROS-ctrl,pos,10.24
SYNTHETIC_ILLUSTRATIVE_NOT_REAL,PLT-C-PHH-Lip-ctrl,neg,102.36
SYNTHETIC_ILLUSTRATIVE_NOT_REAL,PLT-C-PHH-Lip-ctrl,neg,100.28
SYNTHETIC_ILLUSTRATIVE_NOT_REAL,PLT-C-PHH-Lip-ctrl,neg,101.03
SYNTHETIC_ILLUSTRATIVE_NOT_REAL,PLT-C-PHH-Lip-ctrl,neg,98.48
SYNTHETIC_ILLUSTRATIVE_NOT_REAL,PLT-C-PHH-Lip-ctrl,neg,102.04
SYNTHETIC_ILLUSTRATIVE_NOT_REAL,PLT-C-PHH-Lip-ctrl,neg,98.32
SYNTHETIC_ILLUSTRATIVE_NOT_REAL,PLT-C-PHH-Lip-ctrl,neg,100.12
SYNTHETIC_ILLUSTRATIVE_NOT_REAL,PLT-C-PHH-Lip-ctrl,neg,96.46
SYNTHETIC_ILLUSTRATIVE_NOT_REAL,PLT-C-PHH-Lip-ctrl,pos,9.44
SYNTHETIC_ILLUSTRATIVE_NOT_REAL,PLT-C-PHH-Lip-ctrl,pos,10.36
SYNTHETIC_ILLUSTRATIVE_NOT_REAL,PLT-C-PHH-Lip-ctrl,pos,9.6
SYNTHETIC_ILLUSTRATIVE_NOT_REAL,PLT-C-PHH-Lip-ctrl,pos,9.61
SYNTHETIC_ILLUSTRATIVE_NOT_REAL,PLT-C-PHH-Lip-ctrl,pos,10.59
SYNTHETIC_ILLUSTRATIVE_NOT_REAL,PLT-C-PHH-Lip-ctrl,pos,9.9
SYNTHETIC_ILLUSTRATIVE_NOT_REAL,PLT-C-PHH-Lip-ctrl,pos,10.95
SYNTHETIC_ILLUSTRATIVE_NOT_REAL,PLT-C-PHH-Lip-ctrl,pos,8.03
SYNTHETIC_ILLUSTRATIVE_NOT_REAL,PLT-C-PHH-Mit-ctrl,neg,96.58
SYNTHETIC_ILLUSTRATIVE_NOT_REAL,PLT-C-PHH-Mit-ctrl,neg,101.59
SYNTHETIC_ILLUSTRATIVE_NOT_REAL,PLT-C-PHH-Mit-ctrl,neg,99.79
SYNTHETIC_ILLUSTRATIVE_NOT_REAL,PLT-C-PHH-Mit-ctrl,neg,98.71
SYNTHETIC_ILLUSTRATIVE_NOT_REAL,PLT-C-PHH-Mit-ctrl,neg,100.71
SYNTHETIC_ILLUSTRATIVE_NOT_REAL,PLT-C-PHH-Mit-ctrl,neg,98.75
SYNTHETIC_ILLUSTRATIVE_NOT_REAL,PLT-C-PHH-Mit-ctrl,neg,96.06
SYNTHETIC_ILLUSTRATIVE_NOT_REAL,PLT-C-PHH-Mit-ctrl,neg,101.5
SYNTHETIC_ILLUSTRATIVE_NOT_REAL,PLT-C-PHH-Mit-ctrl,pos,9.44
SYNTHETIC_ILLUSTRATIVE_NOT_REAL,PLT-C-PHH-Mit-ctrl,pos,9.16
SYNTHETIC_ILLUSTRATIVE_NOT_REAL,PLT-C-PHH-Mit-ctrl,pos,8.89
SYNTHETIC_ILLUSTRATIVE_NOT_REAL,PLT-C-PHH-Mit-ctrl,pos,10.15
SYNTHETIC_ILLUSTRATIVE_NOT_REAL,PLT-C-PHH-Mit-ctrl,pos,9.31
SYNTHETIC_ILLUSTRATIVE_NOT_REAL,PLT-C-PHH-Mit-ctrl,pos,10.45
SYNTHETIC_ILLUSTRATIVE_NOT_REAL,PLT-C-PHH-Mit-ctrl,pos,9.74
SYNTHETIC_ILLUSTRATIVE_NOT_REAL,PLT-C-PHH-Mit-ctrl,pos,10.82
SYNTHETIC_ILLUSTRATIVE_NOT_REAL,PLT-C-PHH-Bil-ctrl,neg,97.47
SYNTHETIC_ILLUSTRATIVE_NOT_REAL,PLT-C-PHH-Bil-ctrl,neg,100.02
SYNTHETIC_ILLUSTRATIVE_NOT_REAL,PLT-C-PHH-Bil-ctrl,neg,101.11
SYNTHETIC_ILLUSTRATIVE_NOT_REAL,PLT-C-PHH-Bil-ctrl,neg,98.37
SYNTHETIC_ILLUSTRATIVE_NOT_REAL,PLT-C-PHH-Bil-ctrl,neg,98.27
SYNTHETIC_ILLUSTRATIVE_NOT_REAL,PLT-C-PHH-Bil-ctrl,neg,100.41
SYNTHETIC_ILLUSTRATIVE_NOT_REAL,PLT-C-PHH-Bil-ctrl,neg,99.72
SYNTHETIC_ILLUSTRATIVE_NOT_REAL,PLT-C-PHH-Bil-ctrl,neg,99.45
SYNTHETIC_ILLUSTRATIVE_NOT_REAL,PLT-C-PHH-Bil-ctrl,pos,10.13
SYNTHETIC_ILLUSTRATIVE_NOT_REAL,PLT-C-PHH-Bil-ctrl,pos,10.15
SYNTHETIC_ILLUSTRATIVE_NOT_REAL,PLT-C-PHH-Bil-ctrl,pos,9.23
SYNTHETIC_ILLUSTRATIVE_NOT_REAL,PLT-C-PHH-Bil-ctrl,pos,9.44
SYNTHETIC_ILLUSTRATIVE_NOT_REAL,PLT-C-PHH-Bil-ctrl,pos,10.33
SYNTHETIC_ILLUSTRATIVE_NOT_REAL,PLT-C-PHH-Bil-ctrl,pos,10.86
SYNTHETIC_ILLUSTRATIVE_NOT_REAL,PLT-C-PHH-Bil-ctrl,pos,11.05
SYNTHETIC_ILLUSTRATIVE_NOT_REAL,PLT-C-PHH-Bil-ctrl,pos,9.3
SYNTHETIC_ILLUSTRATIVE_NOT_REAL,PLT-C-PHH-Gen-ctrl,neg,100.52
SYNTHETIC_ILLUSTRATIVE_NOT_REAL,PLT-C-PHH-Gen-ctrl,neg,98.78
SYNTHETIC_ILLUSTRATIVE_NOT_REAL,PLT-C-PHH-Gen-ctrl,neg,100.63
SYNTHETIC_ILLUSTRATIVE_NOT_REAL,PLT-C-PHH-Gen-ctrl,neg,99.55
SYNTHETIC_ILLUSTRATIVE_NOT_REAL,PLT-C-PHH-Gen-ctrl,neg,95.29
SYNTHETIC_ILLUSTRATIVE_NOT_REAL,PLT-C-PHH-Gen-ctrl,neg,99.67
SYNTHETIC_ILLUSTRATIVE_NOT_REAL,PLT-C-PHH-Gen-ctrl,neg,98.77
SYNTHETIC_ILLUSTRATIVE_NOT_REAL,PLT-C-PHH-Gen-ctrl,neg,98.3
SYNTHETIC_ILLUSTRATIVE_NOT_REAL,PLT-C-PHH-Gen-ctrl,pos,10.3
SYNTHETIC_ILLUSTRATIVE_NOT_REAL,PLT-C-PHH-Gen-ctrl,pos,9.59
SYNTHETIC_ILLUSTRATIVE_NOT_REAL,PLT-C-PHH-Gen-ctrl,pos,10.41
SYNTHETIC_ILLUSTRATIVE_NOT_REAL,PLT-C-PHH-Gen-ctrl,pos,10.85
SYNTHETIC_ILLUSTRATIVE_NOT_REAL,PLT-C-PHH-Gen-ctrl,pos,10.09
SYNTHETIC_ILLUSTRATIVE_NOT_REAL,PLT-C-PHH-Gen-ctrl,pos,8.76
SYNTHETIC_ILLUSTRATIVE_NOT_REAL,PLT-C-PHH-Gen-ctrl,pos,9.4
SYNTHETIC_ILLUSTRATIVE_NOT_REAL,PLT-C-PHH-Gen-ctrl,pos,10.7
SYNTHETIC_ILLUSTRATIVE_NOT_REAL,PLT-C-PHH-RNA-ctrl,neg,98.93
SYNTHETIC_ILLUSTRATIVE_NOT_REAL,PLT-C-PHH-RNA-ctrl,neg,101.61
SYNTHETIC_ILLUSTRATIVE_NOT_REAL,PLT-C-PHH-RNA-ctrl,neg,102.44
SYNTHETIC_ILLUSTRATIVE_NOT_REAL,PLT-C-PHH-RNA-ctrl,neg,100.76
SYNTHETIC_ILLUSTRATIVE_NOT_REAL,PLT-C-PHH-RNA-ctrl,neg,102.61
SYNTHETIC_ILLUSTRATIVE_NOT_REAL,PLT-C-PHH-RNA-ctrl,neg,98.74
SYNTHETIC_ILLUSTRATIVE_NOT_REAL,PLT-C-PHH-RNA-ctrl,neg,101.79
SYNTHETIC_ILLUSTRATIVE_NOT_REAL,PLT-C-PHH-RNA-ctrl,neg,100.51
SYNTHETIC_ILLUSTRATIVE_NOT_REAL,PLT-C-PHH-RNA-ctrl,pos,9.21
SYNTHETIC_ILLUSTRATIVE_NOT_REAL,PLT-C-PHH-RNA-ctrl,pos,9.93
SYNTHETIC_ILLUSTRATIVE_NOT_REAL,PLT-C-PHH-RNA-ctrl,pos,9.57
SYNTHETIC_ILLUSTRATIVE_NOT_REAL,PLT-C-PHH-RNA-ctrl,pos,9.55
SYNTHETIC_ILLUSTRATIVE_NOT_REAL,PLT-C-PHH-RNA-ctrl,pos,10.06
SYNTHETIC_ILLUSTRATIVE_NOT_REAL,PLT-C-PHH-RNA-ctrl,pos,10.83
SYNTHETIC_ILLUSTRATIVE_NOT_REAL,PLT-C-PHH-RNA-ctrl,pos,9.74
SYNTHETIC_ILLUSTRATIVE_NOT_REAL,PLT-C-PHH-RNA-ctrl,pos,10.09
SYNTHETIC_ILLUSTRATIVE_NOT_REAL,PLT-C-PBM-IFN-ctrl,neg,97.24
SYNTHETIC_ILLUSTRATIVE_NOT_REAL,PLT-C-PBM-IFN-ctrl,neg,97.78
SYNTHETIC_ILLUSTRATIVE_NOT_REAL,PLT-C-PBM-IFN-ctrl,neg,98.97
SYNTHETIC_ILLUSTRATIVE_NOT_REAL,PLT-C-PBM-IFN-ctrl,neg,101.66
SYNTHETIC_ILLUSTRATIVE_NOT_REAL,PLT-C-PBM-IFN-ctrl,neg,101.63
SYNTHETIC_ILLUSTRATIVE_NOT_REAL,PLT-C-PBM-IFN-ctrl,neg,98.77
SYNTHETIC_ILLUSTRATIVE_NOT_REAL,PLT-C-PBM-IFN-ctrl,neg,100.95
SYNTHETIC_ILLUSTRATIVE_NOT_REAL,PLT-C-PBM-IFN-ctrl,neg,99.21
SYNTHETIC_ILLUSTRATIVE_NOT_REAL,PLT-C-PBM-IFN-ctrl,pos,10.07
SYNTHETIC_ILLUSTRATIVE_NOT_REAL,PLT-C-PBM-IFN-ctrl,pos,10.1
SYNTHETIC_ILLUSTRATIVE_NOT_REAL,PLT-C-PBM-IFN-ctrl,pos,10.47
SYNTHETIC_ILLUSTRATIVE_NOT_REAL,PLT-C-PBM-IFN-ctrl,pos,9.49
SYNTHETIC_ILLUSTRATIVE_NOT_REAL,PLT-C-PBM-IFN-ctrl,pos,9.88
SYNTHETIC_ILLUSTRATIVE_NOT_REAL,PLT-C-PBM-IFN-ctrl,pos,10.15
SYNTHETIC_ILLUSTRATIVE_NOT_REAL,PLT-C-PBM-IFN-ctrl,pos,10.05
SYNTHETIC_ILLUSTRATIVE_NOT_REAL,PLT-C-PBM-IFN-ctrl,pos,9.35
SYNTHETIC_ILLUSTRATIVE_NOT_REAL,PLT-C-PBM-IFN-ctrl,neg,102.03
SYNTHETIC_ILLUSTRATIVE_NOT_REAL,PLT-C-PBM-IFN-ctrl,neg,101.32
SYNTHETIC_ILLUSTRATIVE_NOT_REAL,PLT-C-PBM-IFN-ctrl,neg,98.22
SYNTHETIC_ILLUSTRATIVE_NOT_REAL,PLT-C-PBM-IFN-ctrl,neg,99.95
SYNTHETIC_ILLUSTRATIVE_NOT_REAL,PLT-C-PBM-IFN-ctrl,neg,99.85
SYNTHETIC_ILLUSTRATIVE_NOT_REAL,PLT-C-PBM-IFN-ctrl,neg,101.19
SYNTHETIC_ILLUSTRATIVE_NOT_REAL,PLT-C-PBM-IFN-ctrl,neg,101.25
SYNTHETIC_ILLUSTRATIVE_NOT_REAL,PLT-C-PBM-IFN-ctrl,neg,97.35
SYNTHETIC_ILLUSTRATIVE_NOT_REAL,PLT-C-PBM-IFN-ctrl,pos,8.9
SYNTHETIC_ILLUSTRATIVE_NOT_REAL,PLT-C-PBM-IFN-ctrl,pos,10.79
SYNTHETIC_ILLUSTRATIVE_NOT_REAL,PLT-C-PBM-IFN-ctrl,pos,10.06
SYNTHETIC_ILLUSTRATIVE_NOT_REAL,PLT-C-PBM-IFN-ctrl,pos,10.3
SYNTHETIC_ILLUSTRATIVE_NOT_REAL,PLT-C-PBM-IFN-ctrl,pos,10.24
SYNTHETIC_ILLUSTRATIVE_NOT_REAL,PLT-C-PBM-IFN-ctrl,pos,11.19
SYNTHETIC_ILLUSTRATIVE_NOT_REAL,PLT-C-PBM-IFN-ctrl,pos,9.02
SYNTHETIC_ILLUSTRATIVE_NOT_REAL,PLT-C-PBM-IFN-ctrl,pos,10.84
SYNTHETIC_ILLUSTRATIVE_NOT_REAL,PLT-C-PBM-IL1-ctrl,neg,103.1
SYNTHETIC_ILLUSTRATIVE_NOT_REAL,PLT-C-PBM-IL1-ctrl,neg,101.03
SYNTHETIC_ILLUSTRATIVE_NOT_REAL,PLT-C-PBM-IL1-ctrl,neg,101.32
SYNTHETIC_ILLUSTRATIVE_NOT_REAL,PLT-C-PBM-IL1-ctrl,neg,98.54
SYNTHETIC_ILLUSTRATIVE_NOT_REAL,PLT-C-PBM-IL1-ctrl,neg,99.64
SYNTHETIC_ILLUSTRATIVE_NOT_REAL,PLT-C-PBM-IL1-ctrl,neg,100.35
SYNTHETIC_ILLUSTRATIVE_NOT_REAL,PLT-C-PBM-IL1-ctrl,neg,100.17
SYNTHETIC_ILLUSTRATIVE_NOT_REAL,PLT-C-PBM-IL1-ctrl,neg,98.25
SYNTHETIC_ILLUSTRATIVE_NOT_REAL,PLT-C-PBM-IL1-ctrl,pos,9.36
SYNTHETIC_ILLUSTRATIVE_NOT_REAL,PLT-C-PBM-IL1-ctrl,pos,10.38
SYNTHETIC_ILLUSTRATIVE_NOT_REAL,PLT-C-PBM-IL1-ctrl,pos,10.22
SYNTHETIC_ILLUSTRATIVE_NOT_REAL,PLT-C-PBM-IL1-ctrl,pos,8.32
SYNTHETIC_ILLUSTRATIVE_NOT_REAL,PLT-C-PBM-IL1-ctrl,pos,10.05
SYNTHETIC_ILLUSTRATIVE_NOT_REAL,PLT-C-PBM-IL1-ctrl,pos,10.97
SYNTHETIC_ILLUSTRATIVE_NOT_REAL,PLT-C-PBM-IL1-ctrl,pos,9.47
SYNTHETIC_ILLUSTRATIVE_NOT_REAL,PLT-C-PBM-IL1-ctrl,pos,10.16
SYNTHETIC_ILLUSTRATIVE_NOT_REAL,PLT-C-PBM-IL6-ctrl,neg,100.23
SYNTHETIC_ILLUSTRATIVE_NOT_REAL,PLT-C-PBM-IL6-ctrl,neg,98.11
SYNTHETIC_ILLUSTRATIVE_NOT_REAL,PLT-C-PBM-IL6-ctrl,neg,99.74
SYNTHETIC_ILLUSTRATIVE_NOT_REAL,PLT-C-PBM-IL6-ctrl,neg,101.24
SYNTHETIC_ILLUSTRATIVE_NOT_REAL,PLT-C-PBM-IL6-ctrl,neg,103.53
SYNTHETIC_ILLUSTRATIVE_NOT_REAL,PLT-C-PBM-IL6-ctrl,neg,98.2
SYNTHETIC_ILLUSTRATIVE_NOT_REAL,PLT-C-PBM-IL6-ctrl,neg,101.15
SYNTHETIC_ILLUSTRATIVE_NOT_REAL,PLT-C-PBM-IL6-ctrl,neg,104.09
SYNTHETIC_ILLUSTRATIVE_NOT_REAL,PLT-C-PBM-IL6-ctrl,pos,10.03
SYNTHETIC_ILLUSTRATIVE_NOT_REAL,PLT-C-PBM-IL6-ctrl,pos,11.13
SYNTHETIC_ILLUSTRATIVE_NOT_REAL,PLT-C-PBM-IL6-ctrl,pos,7.95
SYNTHETIC_ILLUSTRATIVE_NOT_REAL,PLT-C-PBM-IL6-ctrl,pos,11.11
SYNTHETIC_ILLUSTRATIVE_NOT_REAL,PLT-C-PBM-IL6-ctrl,pos,9.97
SYNTHETIC_ILLUSTRATIVE_NOT_REAL,PLT-C-PBM-IL6-ctrl,pos,8.51
SYNTHETIC_ILLUSTRATIVE_NOT_REAL,PLT-C-PBM-IL6-ctrl,pos,10.59
SYNTHETIC_ILLUSTRATIVE_NOT_REAL,PLT-C-PBM-IL6-ctrl,pos,10.8
SYNTHETIC_ILLUSTRATIVE_NOT_REAL,PLT-C-PBM-IL8-ctrl,neg,100.9
SYNTHETIC_ILLUSTRATIVE_NOT_REAL,PLT-C-PBM-IL8-ctrl,neg,101.75
SYNTHETIC_ILLUSTRATIVE_NOT_REAL,PLT-C-PBM-IL8-ctrl,neg,102.72
SYNTHETIC_ILLUSTRATIVE_NOT_REAL,PLT-C-PBM-IL8-ctrl,neg,96.16
SYNTHETIC_ILLUSTRATIVE_NOT_REAL,PLT-C-PBM-IL8-ctrl,neg,99.81
SYNTHETIC_ILLUSTRATIVE_NOT_REAL,PLT-C-PBM-IL8-ctrl,neg,101.35
SYNTHETIC_ILLUSTRATIVE_NOT_REAL,PLT-C-PBM-IL8-ctrl,neg,102.36
SYNTHETIC_ILLUSTRATIVE_NOT_REAL,PLT-C-PBM-IL8-ctrl,neg,103.27
SYNTHETIC_ILLUSTRATIVE_NOT_REAL,PLT-C-PBM-IL8-ctrl,pos,9.24
SYNTHETIC_ILLUSTRATIVE_NOT_REAL,PLT-C-PBM-IL8-ctrl,pos,9.68
SYNTHETIC_ILLUSTRATIVE_NOT_REAL,PLT-C-PBM-IL8-ctrl,pos,9.14
SYNTHETIC_ILLUSTRATIVE_NOT_REAL,PLT-C-PBM-IL8-ctrl,pos,10.62
SYNTHETIC_ILLUSTRATIVE_NOT_REAL,PLT-C-PBM-IL8-ctrl,pos,8.93
SYNTHETIC_ILLUSTRATIVE_NOT_REAL,PLT-C-PBM-IL8-ctrl,pos,10.91
SYNTHETIC_ILLUSTRATIVE_NOT_REAL,PLT-C-PBM-IL8-ctrl,pos,10.72
SYNTHETIC_ILLUSTRATIVE_NOT_REAL,PLT-C-PBM-IL8-ctrl,pos,10.36
SYNTHETIC_ILLUSTRATIVE_NOT_REAL,PLT-C-PBM-IL1-ctrl,neg,99.04
SYNTHETIC_ILLUSTRATIVE_NOT_REAL,PLT-C-PBM-IL1-ctrl,neg,99.27
SYNTHETIC_ILLUSTRATIVE_NOT_REAL,PLT-C-PBM-IL1-ctrl,neg,97.71
SYNTHETIC_ILLUSTRATIVE_NOT_REAL,PLT-C-PBM-IL1-ctrl,neg,97.94
SYNTHETIC_ILLUSTRATIVE_NOT_REAL,PLT-C-PBM-IL1-ctrl,neg,100.59
SYNTHETIC_ILLUSTRATIVE_NOT_REAL,PLT-C-PBM-IL1-ctrl,neg,96.64
SYNTHETIC_ILLUSTRATIVE_NOT_REAL,PLT-C-PBM-IL1-ctrl,neg,98.1
SYNTHETIC_ILLUSTRATIVE_NOT_REAL,PLT-C-PBM-IL1-ctrl,neg,98.62
SYNTHETIC_ILLUSTRATIVE_NOT_REAL,PLT-C-PBM-IL1-ctrl,pos,10.02
SYNTHETIC_ILLUSTRATIVE_NOT_REAL,PLT-C-PBM-IL1-ctrl,pos,8.88
SYNTHETIC_ILLUSTRATIVE_NOT_REAL,PLT-C-PBM-IL1-ctrl,pos,10.82
SYNTHETIC_ILLUSTRATIVE_NOT_REAL,PLT-C-PBM-IL1-ctrl,pos,9.71
SYNTHETIC_ILLUSTRATIVE_NOT_REAL,PLT-C-PBM-IL1-ctrl,pos,9.75
SYNTHETIC_ILLUSTRATIVE_NOT_REAL,PLT-C-PBM-IL1-ctrl,pos,9.67
SYNTHETIC_ILLUSTRATIVE_NOT_REAL,PLT-C-PBM-IL1-ctrl,pos,9.42
SYNTHETIC_ILLUSTRATIVE_NOT_REAL,PLT-C-PBM-IL1-ctrl,pos,9.18
SYNTHETIC_ILLUSTRATIVE_NOT_REAL,PLT-C-PBM-IL1-ctrl,neg,99.75
SYNTHETIC_ILLUSTRATIVE_NOT_REAL,PLT-C-PBM-IL1-ctrl,neg,100.62
SYNTHETIC_ILLUSTRATIVE_NOT_REAL,PLT-C-PBM-IL1-ctrl,neg,100.44
SYNTHETIC_ILLUSTRATIVE_NOT_REAL,PLT-C-PBM-IL1-ctrl,neg,102.57
SYNTHETIC_ILLUSTRATIVE_NOT_REAL,PLT-C-PBM-IL1-ctrl,neg,100.22
SYNTHETIC_ILLUSTRATIVE_NOT_REAL,PLT-C-PBM-IL1-ctrl,neg,96.92
SYNTHETIC_ILLUSTRATIVE_NOT_REAL,PLT-C-PBM-IL1-ctrl,neg,99.3
SYNTHETIC_ILLUSTRATIVE_NOT_REAL,PLT-C-PBM-IL1-ctrl,neg,102.31
SYNTHETIC_ILLUSTRATIVE_NOT_REAL,PLT-C-PBM-IL1-ctrl,pos,10.37
SYNTHETIC_ILLUSTRATIVE_NOT_REAL,PLT-C-PBM-IL1-ctrl,pos,9.59
SYNTHETIC_ILLUSTRATIVE_NOT_REAL,PLT-C-PBM-IL1-ctrl,pos,10.4
SYNTHETIC_ILLUSTRATIVE_NOT_REAL,PLT-C-PBM-IL1-ctrl,pos,10.01
SYNTHETIC_ILLUSTRATIVE_NOT_REAL,PLT-C-PBM-IL1-ctrl,pos,8.68
SYNTHETIC_ILLUSTRATIVE_NOT_REAL,PLT-C-PBM-IL1-ctrl,pos,9.22
SYNTHETIC_ILLUSTRATIVE_NOT_REAL,PLT-C-PBM-IL1-ctrl,pos,10.44
SYNTHETIC_ILLUSTRATIVE_NOT_REAL,PLT-C-PBM-TNF-ctrl,neg,98.89
SYNTHETIC_ILLUSTRATIVE_NOT_REAL,PLT-C-PBM-TNF-ctrl,neg,97.21
SYNTHETIC_ILLUSTRATIVE_NOT_REAL,PLT-C-PBM-TNF-ctrl,neg,101.38
SYNTHETIC_ILLUSTRATIVE_NOT_REAL,PLT-C-PBM-TNF-ctrl,neg,101.85
SYNTHETIC_ILLUSTRATIVE_NOT_REAL,PLT-C-PBM-TNF-ctrl,neg,100.9
SYNTHETIC_ILLUSTRATIVE_NOT_REAL,PLT-C-PBM-TNF-ctrl,neg,100.63
SYNTHETIC_ILLUSTRATIVE_NOT_REAL,PLT-C-PBM-TNF-ctrl,neg,100.57
SYNTHETIC_ILLUSTRATIVE_NOT_REAL,PLT-C-PBM-TNF-ctrl,neg,99.75
SYNTHETIC_ILLUSTRATIVE_NOT_REAL,PLT-C-PBM-TNF-ctrl,pos,10.13
SYNTHETIC_ILLUSTRATIVE_NOT_REAL,PLT-C-PBM-TNF-ctrl,pos,9.93
SYNTHETIC_ILLUSTRATIVE_NOT_REAL,PLT-C-PBM-TNF-ctrl,pos,10.17
SYNTHETIC_ILLUSTRATIVE_NOT_REAL,PLT-C-PBM-TNF-ctrl,pos,9.19
SYNTHETIC_ILLUSTRATIVE_NOT_REAL,PLT-C-PBM-TNF-ctrl,pos,9.43
SYNTHETIC_ILLUSTRATIVE_NOT_REAL,PLT-C-PBM-TNF-ctrl,pos,10.36
SYNTHETIC_ILLUSTRATIVE_NOT_REAL,PLT-C-PBM-TNF-ctrl,pos,9.66
SYNTHETIC_ILLUSTRATIVE_NOT_REAL,PLT-C-PBM-TNF-ctrl,pos,8.05
SYNTHETIC_ILLUSTRATIVE_NOT_REAL,PLT-C-PBM-MCP-ctrl,neg,101.1
SYNTHETIC_ILLUSTRATIVE_NOT_REAL,PLT-C-PBM-MCP-ctrl,neg,98.79
SYNTHETIC_ILLUSTRATIVE_NOT_REAL,PLT-C-PBM-MCP-ctrl,neg,99.57
SYNTHETIC_ILLUSTRATIVE_NOT_REAL,PLT-C-PBM-MCP-ctrl,neg,101.42
SYNTHETIC_ILLUSTRATIVE_NOT_REAL,PLT-C-PBM-MCP-ctrl,neg,101.33
SYNTHETIC_ILLUSTRATIVE_NOT_REAL,PLT-C-PBM-MCP-ctrl,neg,99.81
SYNTHETIC_ILLUSTRATIVE_NOT_REAL,PLT-C-PBM-MCP-ctrl,neg,98.45
SYNTHETIC_ILLUSTRATIVE_NOT_REAL,PLT-C-PBM-MCP-ctrl,neg,98.12
SYNTHETIC_ILLUSTRATIVE_NOT_REAL,PLT-C-PBM-MCP-ctrl,pos,9.51
SYNTHETIC_ILLUSTRATIVE_NOT_REAL,PLT-C-PBM-MCP-ctrl,pos,10.48
SYNTHETIC_ILLUSTRATIVE_NOT_REAL,PLT-C-PBM-MCP-ctrl,pos,10.4
SYNTHETIC_ILLUSTRATIVE_NOT_REAL,PLT-C-PBM-MCP-ctrl,pos,10.2
SYNTHETIC_ILLUSTRATIVE_NOT_REAL,PLT-C-PBM-MCP-ctrl,pos,11.02
SYNTHETIC_ILLUSTRATIVE_NOT_REAL,PLT-C-PBM-MCP-ctrl,pos,9.74
SYNTHETIC_ILLUSTRATIVE_NOT_REAL,PLT-C-PBM-MCP-ctrl,pos,9.68
SYNTHETIC_ILLUSTRATIVE_NOT_REAL,PLT-C-PBM-IP1-ctrl,neg,100.15
SYNTHETIC_ILLUSTRATIVE_NOT_REAL,PLT-C-PBM-IP1-ctrl,neg,99.67
SYNTHETIC_ILLUSTRATIVE_NOT_REAL,PLT-C-PBM-IP1-ctrl,neg,100.26
SYNTHETIC_ILLUSTRATIVE_NOT_REAL,PLT-C-PBM-IP1-ctrl,neg,100.71
SYNTHETIC_ILLUSTRATIVE_NOT_REAL,PLT-C-PBM-IP1-ctrl,neg,100.05
SYNTHETIC_ILLUSTRATIVE_NOT_REAL,PLT-C-PBM-IP1-ctrl,neg,99.59
SYNTHETIC_ILLUSTRATIVE_NOT_REAL,PLT-C-PBM-IP1-ctrl,neg,99.74
SYNTHETIC_ILLUSTRATIVE_NOT_REAL,PLT-C-PBM-IP1-ctrl,neg,100.95
SYNTHETIC_ILLUSTRATIVE_NOT_REAL,PLT-C-PBM-IP1-ctrl,pos,9.15
SYNTHETIC_ILLUSTRATIVE_NOT_REAL,PLT-C-PBM-IP1-ctrl,pos,10.0
SYNTHETIC_ILLUSTRATIVE_NOT_REAL,PLT-C-PBM-IP1-ctrl,pos,9.91
SYNTHETIC_ILLUSTRATIVE_NOT_REAL,PLT-C-PBM-IP1-ctrl,pos,9.64
SYNTHETIC_ILLUSTRATIVE_NOT_REAL,PLT-C-PBM-IP1-ctrl,pos,10.55
SYNTHETIC_ILLUSTRATIVE_NOT_REAL,PLT-C-PBM-IP1-ctrl,pos,9.03
SYNTHETIC_ILLUSTRATIVE_NOT_REAL,PLT-C-PBM-IP1-ctrl,pos,9.73
SYNTHETIC_ILLUSTRATIVE_NOT_REAL,PLT-C-PBM-IP1-ctrl,pos,9.36
SYNTHETIC_ILLUSTRATIVE_NOT_REAL,PLT-C-PBM-GM_-ctrl,neg,101.9
SYNTHETIC_ILLUSTRATIVE_NOT_REAL,PLT-C-PBM-GM_-ctrl,neg,97.71
SYNTHETIC_ILLUSTRATIVE_NOT_REAL,PLT-C-PBM-GM_-ctrl,neg,102.58
SYNTHETIC_ILLUSTRATIVE_NOT_REAL,PLT-C-PBM-GM_-ctrl,neg,101.28
SYNTHETIC_ILLUSTRATIVE_NOT_REAL,PLT-C-PBM-GM_-ctrl,neg,99.48
SYNTHETIC_ILLUSTRATIVE_NOT_REAL,PLT-C-PBM-GM_-ctrl,neg,102.53
SYNTHETIC_ILLUSTRATIVE_NOT_REAL,PLT-C-PBM-GM_-ctrl,neg,103.27
SYNTHETIC_ILLUSTRATIVE_NOT_REAL,PLT-C-PBM-GM_-ctrl,neg,101.12
SYNTHETIC_ILLUSTRATIVE_NOT_REAL,PLT-C-PBM-GM_-ctrl,pos,10.13
SYNTHETIC_ILLUSTRATIVE_NOT_REAL,PLT-C-PBM-GM_-ctrl,pos,11.38
SYNTHETIC_ILLUSTRATIVE_NOT_REAL,PLT-C-PBM-GM_-ctrl,pos,11.12
SYNTHETIC_ILLUSTRATIVE_NOT_REAL,PLT-C-PBM-GM_-ctrl,pos,9.31
SYNTHETIC_ILLUSTRATIVE_NOT_REAL,PLT-C-PBM-GM_-ctrl,pos,9.85
SYNTHETIC_ILLUSTRATIVE_NOT_REAL,PLT-C-PBM-GM_-ctrl,pos,9.84
SYNTHETIC_ILLUSTRATIVE_NOT_REAL,PLT-C-PBM-GM_-ctrl,pos,9.69
SYNTHETIC_ILLUSTRATIVE_NOT_REAL,PLT-C-PBM-GM_-ctrl,pos,8.88
SYNTHETIC_ILLUSTRATIVE_NOT_REAL,PLT-C-PBM-IL4-ctrl,neg,98.15
SYNTHETIC_ILLUSTRATIVE_NOT_REAL,PLT-C-PBM-IL4-ctrl,neg,101.22
SYNTHETIC_ILLUSTRATIVE_NOT_REAL,PLT-C-PBM-IL4-ctrl,neg,99.03
SYNTHETIC_ILLUSTRATIVE_NOT_REAL,PLT-C-PBM-IL4-ctrl,neg,98.38
SYNTHETIC_ILLUSTRATIVE_NOT_REAL,PLT-C-PBM-IL4-ctrl,neg,101.25
SYNTHETIC_ILLUSTRATIVE_NOT_REAL,PLT-C-PBM-IL4-ctrl,neg,101.07
SYNTHETIC_ILLUSTRATIVE_NOT_REAL,PLT-C-PBM-IL4-ctrl,neg,98.57
SYNTHETIC_ILLUSTRATIVE_NOT_REAL,PLT-C-PBM-IL4-ctrl,neg,98.81
SYNTHETIC_ILLUSTRATIVE_NOT_REAL,PLT-C-PBM-IL4-ctrl,pos,10.5
SYNTHETIC_ILLUSTRATIVE_NOT_REAL,PLT-C-PBM-IL4-ctrl,pos,10.28
SYNTHETIC_ILLUSTRATIVE_NOT_REAL,PLT-C-PBM-IL4-ctrl,pos,9.36
SYNTHETIC_ILLUSTRATIVE_NOT_REAL,PLT-C-PBM-IL4-ctrl,pos,10.18
SYNTHETIC_ILLUSTRATIVE_NOT_REAL,PLT-C-PBM-IL4-ctrl,pos,9.98
SYNTHETIC_ILLUSTRATIVE_NOT_REAL,PLT-C-PBM-IL4-ctrl,pos,10.85
SYNTHETIC_ILLUSTRATIVE_NOT_REAL,PLT-C-PBM-IL4-ctrl,pos,9.34
SYNTHETIC_ILLUSTRATIVE_NOT_REAL,PLT-C-PBM-IL4-ctrl,pos,10.67
SYNTHETIC_ILLUSTRATIVE_NOT_REAL,PLT-C-PBM-IL1-ctrl,neg,102.76
SYNTHETIC_ILLUSTRATIVE_NOT_REAL,PLT-C-PBM-IL1-ctrl,neg,101.68
SYNTHETIC_ILLUSTRATIVE_NOT_REAL,PLT-C-PBM-IL1-ctrl,neg,97.52
SYNTHETIC_ILLUSTRATIVE_NOT_REAL,PLT-C-PBM-IL1-ctrl,neg,101.72
SYNTHETIC_ILLUSTRATIVE_NOT_REAL,PLT-C-PBM-IL1-ctrl,neg,101.34
SYNTHETIC_ILLUSTRATIVE_NOT_REAL,PLT-C-PBM-IL1-ctrl,neg,99.09
SYNTHETIC_ILLUSTRATIVE_NOT_REAL,PLT-C-PBM-IL1-ctrl,neg,95.08
SYNTHETIC_ILLUSTRATIVE_NOT_REAL,PLT-C-PBM-IL1-ctrl,pos,10.8
SYNTHETIC_ILLUSTRATIVE_NOT_REAL,PLT-C-PBM-IL1-ctrl,pos,10.7
SYNTHETIC_ILLUSTRATIVE_NOT_REAL,PLT-C-PBM-IL1-ctrl,pos,10.39
SYNTHETIC_ILLUSTRATIVE_NOT_REAL,PLT-C-PBM-IL1-ctrl,pos,8.63
SYNTHETIC_ILLUSTRATIVE_NOT_REAL,PLT-C-PBM-IL1-ctrl,pos,8.82
SYNTHETIC_ILLUSTRATIVE_NOT_REAL,PLT-C-PBM-IL1-ctrl,pos,10.64
SYNTHETIC_ILLUSTRATIVE_NOT_REAL,PLT-C-PBM-TLR-ctrl,neg,102.36
SYNTHETIC_ILLUSTRATIVE_NOT_REAL,PLT-C-PBM-TLR-ctrl,neg,103.29
SYNTHETIC_ILLUSTRATIVE_NOT_REAL,PLT-C-PBM-TLR-ctrl,neg,102.38
SYNTHETIC_ILLUSTRATIVE_NOT_REAL,PLT-C-PBM-TLR-ctrl,neg,101.24
SYNTHETIC_ILLUSTRATIVE_NOT_REAL,PLT-C-PBM-TLR-ctrl,neg,97.61
SYNTHETIC_ILLUSTRATIVE_NOT_REAL,PLT-C-PBM-TLR-ctrl,neg,102.58
SYNTHETIC_ILLUSTRATIVE_NOT_REAL,PLT-C-PBM-TLR-ctrl,neg,101.68
SYNTHETIC_ILLUSTRATIVE_NOT_REAL,PLT-C-PBM-TLR-ctrl,pos,10.64
SYNTHETIC_ILLUSTRATIVE_NOT_REAL,PLT-C-PBM-TLR-ctrl,pos,10.06
SYNTHETIC_ILLUSTRATIVE_NOT_REAL,PLT-C-PBM-TLR-ctrl,pos,9.59
SYNTHETIC_ILLUSTRATIVE_NOT_REAL,PLT-C-PBM-TLR-ctrl,pos,10.87
SYNTHETIC_ILLUSTRATIVE_NOT_REAL,PLT-C-PBM-TLR-ctrl,pos,11.02
SYNTHETIC_ILLUSTRATIVE_NOT_REAL,PLT-C-PBM-TLR-ctrl,pos,9.17
SYNTHETIC_ILLUSTRATIVE_NOT_REAL,PLT-C-PBM-TLR-ctrl,pos,10.73
SYNTHETIC_ILLUSTRATIVE_NOT_REAL,PLT-C-PBM-TLR-ctrl,pos,10.2
SYNTHETIC_ILLUSTRATIVE_NOT_REAL,PLT-C-PBM-NK_-ctrl,neg,98.92
SYNTHETIC_ILLUSTRATIVE_NOT_REAL,PLT-C-PBM-NK_-ctrl,neg,100.66
SYNTHETIC_ILLUSTRATIVE_NOT_REAL,PLT-C-PBM-NK_-ctrl,neg,98.97
SYNTHETIC_ILLUSTRATIVE_NOT_REAL,PLT-C-PBM-NK_-ctrl,neg,98.81
SYNTHETIC_ILLUSTRATIVE_NOT_REAL,PLT-C-PBM-NK_-ctrl,neg,99.29
SYNTHETIC_ILLUSTRATIVE_NOT_REAL,PLT-C-PBM-NK_-ctrl,neg,98.83
SYNTHETIC_ILLUSTRATIVE_NOT_REAL,PLT-C-PBM-NK_-ctrl,neg,96.68
SYNTHETIC_ILLUSTRATIVE_NOT_REAL,PLT-C-PBM-NK_-ctrl,neg,96.17
SYNTHETIC_ILLUSTRATIVE_NOT_REAL,PLT-C-PBM-NK_-ctrl,pos,9.46
SYNTHETIC_ILLUSTRATIVE_NOT_REAL,PLT-C-PBM-NK_-ctrl,pos,10.13
SYNTHETIC_ILLUSTRATIVE_NOT_REAL,PLT-C-PBM-NK_-ctrl,pos,10.98
SYNTHETIC_ILLUSTRATIVE_NOT_REAL,PLT-C-PBM-NK_-ctrl,pos,9.61
SYNTHETIC_ILLUSTRATIVE_NOT_REAL,PLT-C-PBM-NK_-ctrl,pos,9.9
SYNTHETIC_ILLUSTRATIVE_NOT_REAL,PLT-C-PBM-NK_-ctrl,pos,10.55
SYNTHETIC_ILLUSTRATIVE_NOT_REAL,PLT-C-PBM-NK_-ctrl,pos,10.61
SYNTHETIC_ILLUSTRATIVE_NOT_REAL,PLT-C-PBM-NK_-ctrl,pos,9.94
SYNTHETIC_ILLUSTRATIVE_NOT_REAL,PLT-C-PBM-C3a-ctrl,neg,102.75
SYNTHETIC_ILLUSTRATIVE_NOT_REAL,PLT-C-PBM-C3a-ctrl,neg,99.11
SYNTHETIC_ILLUSTRATIVE_NOT_REAL,PLT-C-PBM-C3a-ctrl,neg,100.05
SYNTHETIC_ILLUSTRATIVE_NOT_REAL,PLT-C-PBM-C3a-ctrl,neg,98.54
SYNTHETIC_ILLUSTRATIVE_NOT_REAL,PLT-C-PBM-C3a-ctrl,neg,100.1
SYNTHETIC_ILLUSTRATIVE_NOT_REAL,PLT-C-PBM-C3a-ctrl,neg,99.3
SYNTHETIC_ILLUSTRATIVE_NOT_REAL,PLT-C-PBM-C3a-ctrl,neg,101.11
SYNTHETIC_ILLUSTRATIVE_NOT_REAL,PLT-C-PBM-C3a-ctrl,neg,99.81
SYNTHETIC_ILLUSTRATIVE_NOT_REAL,PLT-C-PBM-C3a-ctrl,pos,9.56
SYNTHETIC_ILLUSTRATIVE_NOT_REAL,PLT-C-PBM-C3a-ctrl,pos,9.79
SYNTHETIC_ILLUSTRATIVE_NOT_REAL,PLT-C-PBM-C3a-ctrl,pos,9.93
SYNTHETIC_ILLUSTRATIVE_NOT_REAL,PLT-C-PBM-C3a-ctrl,pos,9.63
SYNTHETIC_ILLUSTRATIVE_NOT_REAL,PLT-C-PBM-C3a-ctrl,pos,10.75
SYNTHETIC_ILLUSTRATIVE_NOT_REAL,PLT-C-PBM-C3a-ctrl,pos,10.54
SYNTHETIC_ILLUSTRATIVE_NOT_REAL,PLT-C-PBM-C3a-ctrl,pos,10.13
SYNTHETIC_ILLUSTRATIVE_NOT_REAL,PLT-C-PBM-C3a-ctrl,pos,9.1
SYNTHETIC_ILLUSTRATIVE_NOT_REAL,PLT-C-PBM-C5a-ctrl,neg,100.76
SYNTHETIC_ILLUSTRATIVE_NOT_REAL,PLT-C-PBM-C5a-ctrl,neg,101.49
SYNTHETIC_ILLUSTRATIVE_NOT_REAL,PLT-C-PBM-C5a-ctrl,neg,99.01
SYNTHETIC_ILLUSTRATIVE_NOT_REAL,PLT-C-PBM-C5a-ctrl,neg,98.25
SYNTHETIC_ILLUSTRATIVE_NOT_REAL,PLT-C-PBM-C5a-ctrl,neg,100.03
SYNTHETIC_ILLUSTRATIVE_NOT_REAL,PLT-C-PBM-C5a-ctrl,neg,94.96
SYNTHETIC_ILLUSTRATIVE_NOT_REAL,PLT-C-PBM-C5a-ctrl,neg,100.83
SYNTHETIC_ILLUSTRATIVE_NOT_REAL,PLT-C-PBM-C5a-ctrl,neg,101.91
SYNTHETIC_ILLUSTRATIVE_NOT_REAL,PLT-C-PBM-C5a-ctrl,pos,10.08
SYNTHETIC_ILLUSTRATIVE_NOT_REAL,PLT-C-PBM-C5a-ctrl,pos,9.85
SYNTHETIC_ILLUSTRATIVE_NOT_REAL,PLT-C-PBM-C5a-ctrl,pos,10.85
SYNTHETIC_ILLUSTRATIVE_NOT_REAL,PLT-C-PBM-C5a-ctrl,pos,9.99
SYNTHETIC_ILLUSTRATIVE_NOT_REAL,PLT-C-PBM-C5a-ctrl,pos,10.77
SYNTHETIC_ILLUSTRATIVE_NOT_REAL,PLT-C-PBM-C5a-ctrl,pos,11.7
SYNTHETIC_ILLUSTRATIVE_NOT_REAL,PLT-C-PBM-C5a-ctrl,pos,10.58
SYNTHETIC_ILLUSTRATIVE_NOT_REAL,PLT-C-PBM-C5a-ctrl,pos,10.74
SYNTHETIC_ILLUSTRATIVE_NOT_REAL,PLT-C-PBM-C1q-ctrl,neg,99.39
SYNTHETIC_ILLUSTRATIVE_NOT_REAL,PLT-C-PBM-C1q-ctrl,neg,98.56
SYNTHETIC_ILLUSTRATIVE_NOT_REAL,PLT-C-PBM-C1q-ctrl,neg,97.78
SYNTHETIC_ILLUSTRATIVE_NOT_REAL,PLT-C-PBM-C1q-ctrl,neg,97.53
SYNTHETIC_ILLUSTRATIVE_NOT_REAL,PLT-C-PBM-C1q-ctrl,neg,100.31
SYNTHETIC_ILLUSTRATIVE_NOT_REAL,PLT-C-PBM-C1q-ctrl,neg,99.33
SYNTHETIC_ILLUSTRATIVE_NOT_REAL,PLT-C-PBM-C1q-ctrl,neg,98.76
SYNTHETIC_ILLUSTRATIVE_NOT_REAL,PLT-C-PBM-C1q-ctrl,neg,95.06
SYNTHETIC_ILLUSTRATIVE_NOT_REAL,PLT-C-PBM-C1q-ctrl,pos,11.35
SYNTHETIC_ILLUSTRATIVE_NOT_REAL,PLT-C-PBM-C1q-ctrl,pos,9.29
SYNTHETIC_ILLUSTRATIVE_NOT_REAL,PLT-C-PBM-C1q-ctrl,pos,9.91
SYNTHETIC_ILLUSTRATIVE_NOT_REAL,PLT-C-PBM-C1q-ctrl,pos,9.15
SYNTHETIC_ILLUSTRATIVE_NOT_REAL,PLT-C-PBM-C1q-ctrl,pos,10.3
SYNTHETIC_ILLUSTRATIVE_NOT_REAL,PLT-C-PBM-C1q-ctrl,pos,8.86
SYNTHETIC_ILLUSTRATIVE_NOT_REAL,PLT-C-PBM-C1q-ctrl,pos,10.09
SYNTHETIC_ILLUSTRATIVE_NOT_REAL,PLT-C-PBM-C1q-ctrl,pos,9.87
SYNTHETIC_ILLUSTRATIVE_NOT_REAL,PLT-D-PHH-Cel-ctrl,neg,101.41
SYNTHETIC_ILLUSTRATIVE_NOT_REAL,PLT-D-PHH-Cel-ctrl,neg,100.17
SYNTHETIC_ILLUSTRATIVE_NOT_REAL,PLT-D-PHH-Cel-ctrl,neg,97.2
SYNTHETIC_ILLUSTRATIVE_NOT_REAL,PLT-D-PHH-Cel-ctrl,neg,98.45
SYNTHETIC_ILLUSTRATIVE_NOT_REAL,PLT-D-PHH-Cel-ctrl,neg,102.7
SYNTHETIC_ILLUSTRATIVE_NOT_REAL,PLT-D-PHH-Cel-ctrl,neg,102.21
SYNTHETIC_ILLUSTRATIVE_NOT_REAL,PLT-D-PHH-Cel-ctrl,neg,99.69
SYNTHETIC_ILLUSTRATIVE_NOT_REAL,PLT-D-PHH-Cel-ctrl,neg,99.74
SYNTHETIC_ILLUSTRATIVE_NOT_REAL,PLT-D-PHH-Cel-ctrl,pos,9.87
SYNTHETIC_ILLUSTRATIVE_NOT_REAL,PLT-D-PHH-Cel-ctrl,pos,10.02
SYNTHETIC_ILLUSTRATIVE_NOT_REAL,PLT-D-PHH-Cel-ctrl,pos,8.72
SYNTHETIC_ILLUSTRATIVE_NOT_REAL,PLT-D-PHH-Cel-ctrl,pos,10.68
SYNTHETIC_ILLUSTRATIVE_NOT_REAL,PLT-D-PHH-Cel-ctrl,pos,9.5
SYNTHETIC_ILLUSTRATIVE_NOT_REAL,PLT-D-PHH-Cel-ctrl,pos,10.11
SYNTHETIC_ILLUSTRATIVE_NOT_REAL,PLT-D-PHH-Cel-ctrl,pos,8.07
SYNTHETIC_ILLUSTRATIVE_NOT_REAL,PLT-D-PHH-Cel-ctrl,pos,10.18
SYNTHETIC_ILLUSTRATIVE_NOT_REAL,PLT-D-PHH-LDH-ctrl,neg,100.46
SYNTHETIC_ILLUSTRATIVE_NOT_REAL,PLT-D-PHH-LDH-ctrl,neg,99.12
SYNTHETIC_ILLUSTRATIVE_NOT_REAL,PLT-D-PHH-LDH-ctrl,neg,98.47
SYNTHETIC_ILLUSTRATIVE_NOT_REAL,PLT-D-PHH-LDH-ctrl,neg,99.27
SYNTHETIC_ILLUSTRATIVE_NOT_REAL,PLT-D-PHH-LDH-ctrl,neg,98.88
SYNTHETIC_ILLUSTRATIVE_NOT_REAL,PLT-D-PHH-LDH-ctrl,neg,100.37
SYNTHETIC_ILLUSTRATIVE_NOT_REAL,PLT-D-PHH-LDH-ctrl,neg,100.31
SYNTHETIC_ILLUSTRATIVE_NOT_REAL,PLT-D-PHH-LDH-ctrl,neg,99.81
SYNTHETIC_ILLUSTRATIVE_NOT_REAL,PLT-D-PHH-LDH-ctrl,pos,9.99
SYNTHETIC_ILLUSTRATIVE_NOT_REAL,PLT-D-PHH-LDH-ctrl,pos,10.12
SYNTHETIC_ILLUSTRATIVE_NOT_REAL,PLT-D-PHH-LDH-ctrl,pos,11.2
SYNTHETIC_ILLUSTRATIVE_NOT_REAL,PLT-D-PHH-LDH-ctrl,pos,10.92
SYNTHETIC_ILLUSTRATIVE_NOT_REAL,PLT-D-PHH-LDH-ctrl,pos,9.55
SYNTHETIC_ILLUSTRATIVE_NOT_REAL,PLT-D-PHH-LDH-ctrl,pos,10.31
SYNTHETIC_ILLUSTRATIVE_NOT_REAL,PLT-D-PHH-LDH-ctrl,pos,9.74
SYNTHETIC_ILLUSTRATIVE_NOT_REAL,PLT-D-PHH-LDH-ctrl,pos,9.91
SYNTHETIC_ILLUSTRATIVE_NOT_REAL,PLT-D-PHH-ALT-ctrl,neg,101.56
SYNTHETIC_ILLUSTRATIVE_NOT_REAL,PLT-D-PHH-ALT-ctrl,neg,101.39
SYNTHETIC_ILLUSTRATIVE_NOT_REAL,PLT-D-PHH-ALT-ctrl,neg,101.87
SYNTHETIC_ILLUSTRATIVE_NOT_REAL,PLT-D-PHH-ALT-ctrl,neg,99.15
SYNTHETIC_ILLUSTRATIVE_NOT_REAL,PLT-D-PHH-ALT-ctrl,neg,103.77
SYNTHETIC_ILLUSTRATIVE_NOT_REAL,PLT-D-PHH-ALT-ctrl,neg,99.2
SYNTHETIC_ILLUSTRATIVE_NOT_REAL,PLT-D-PHH-ALT-ctrl,neg,99.78
SYNTHETIC_ILLUSTRATIVE_NOT_REAL,PLT-D-PHH-ALT-ctrl,neg,104.2
SYNTHETIC_ILLUSTRATIVE_NOT_REAL,PLT-D-PHH-ALT-ctrl,pos,8.35
SYNTHETIC_ILLUSTRATIVE_NOT_REAL,PLT-D-PHH-ALT-ctrl,pos,10.26
SYNTHETIC_ILLUSTRATIVE_NOT_REAL,PLT-D-PHH-ALT-ctrl,pos,8.62
SYNTHETIC_ILLUSTRATIVE_NOT_REAL,PLT-D-PHH-ALT-ctrl,pos,9.46
SYNTHETIC_ILLUSTRATIVE_NOT_REAL,PLT-D-PHH-ALT-ctrl,pos,9.9
SYNTHETIC_ILLUSTRATIVE_NOT_REAL,PLT-D-PHH-ALT-ctrl,pos,9.7
SYNTHETIC_ILLUSTRATIVE_NOT_REAL,PLT-D-PHH-ALT-ctrl,pos,10.11
SYNTHETIC_ILLUSTRATIVE_NOT_REAL,PLT-D-PHH-ALT-ctrl,pos,9.37
SYNTHETIC_ILLUSTRATIVE_NOT_REAL,PLT-D-PHH-AST-ctrl,neg,99.73
SYNTHETIC_ILLUSTRATIVE_NOT_REAL,PLT-D-PHH-AST-ctrl,neg,100.13
SYNTHETIC_ILLUSTRATIVE_NOT_REAL,PLT-D-PHH-AST-ctrl,neg,99.98
SYNTHETIC_ILLUSTRATIVE_NOT_REAL,PLT-D-PHH-AST-ctrl,neg,100.56
SYNTHETIC_ILLUSTRATIVE_NOT_REAL,PLT-D-PHH-AST-ctrl,neg,100.0
SYNTHETIC_ILLUSTRATIVE_NOT_REAL,PLT-D-PHH-AST-ctrl,neg,99.09
SYNTHETIC_ILLUSTRATIVE_NOT_REAL,PLT-D-PHH-AST-ctrl,neg,96.71
SYNTHETIC_ILLUSTRATIVE_NOT_REAL,PLT-D-PHH-AST-ctrl,neg,101.62
SYNTHETIC_ILLUSTRATIVE_NOT_REAL,PLT-D-PHH-AST-ctrl,pos,10.45
SYNTHETIC_ILLUSTRATIVE_NOT_REAL,PLT-D-PHH-AST-ctrl,pos,9.28
SYNTHETIC_ILLUSTRATIVE_NOT_REAL,PLT-D-PHH-AST-ctrl,pos,10.38
SYNTHETIC_ILLUSTRATIVE_NOT_REAL,PLT-D-PHH-AST-ctrl,pos,10.29
SYNTHETIC_ILLUSTRATIVE_NOT_REAL,PLT-D-PHH-AST-ctrl,pos,10.04
SYNTHETIC_ILLUSTRATIVE_NOT_REAL,PLT-D-PHH-AST-ctrl,pos,8.51
SYNTHETIC_ILLUSTRATIVE_NOT_REAL,PLT-D-PHH-AST-ctrl,pos,9.02
SYNTHETIC_ILLUSTRATIVE_NOT_REAL,PLT-D-PHH-AST-ctrl,pos,9.5
SYNTHETIC_ILLUSTRATIVE_NOT_REAL,PLT-D-PHH-Cas-ctrl,neg,99.49
SYNTHETIC_ILLUSTRATIVE_NOT_REAL,PLT-D-PHH-Cas-ctrl,neg,104.98
SYNTHETIC_ILLUSTRATIVE_NOT_REAL,PLT-D-PHH-Cas-ctrl,neg,96.65
SYNTHETIC_ILLUSTRATIVE_NOT_REAL,PLT-D-PHH-Cas-ctrl,neg,101.11
SYNTHETIC_ILLUSTRATIVE_NOT_REAL,PLT-D-PHH-Cas-ctrl,neg,101.02
SYNTHETIC_ILLUSTRATIVE_NOT_REAL,PLT-D-PHH-Cas-ctrl,neg,100.47
SYNTHETIC_ILLUSTRATIVE_NOT_REAL,PLT-D-PHH-Cas-ctrl,neg,97.71
SYNTHETIC_ILLUSTRATIVE_NOT_REAL,PLT-D-PHH-Cas-ctrl,neg,97.66
SYNTHETIC_ILLUSTRATIVE_NOT_REAL,PLT-D-PHH-Cas-ctrl,pos,9.79
SYNTHETIC_ILLUSTRATIVE_NOT_REAL,PLT-D-PHH-Cas-ctrl,pos,10.05
SYNTHETIC_ILLUSTRATIVE_NOT_REAL,PLT-D-PHH-Cas-ctrl,pos,9.0
SYNTHETIC_ILLUSTRATIVE_NOT_REAL,PLT-D-PHH-Cas-ctrl,pos,9.12
SYNTHETIC_ILLUSTRATIVE_NOT_REAL,PLT-D-PHH-Cas-ctrl,pos,10.42
SYNTHETIC_ILLUSTRATIVE_NOT_REAL,PLT-D-PHH-Cas-ctrl,pos,10.8
SYNTHETIC_ILLUSTRATIVE_NOT_REAL,PLT-D-PHH-Cas-ctrl,pos,9.52
SYNTHETIC_ILLUSTRATIVE_NOT_REAL,PLT-D-PHH-Cas-ctrl,pos,9.41
SYNTHETIC_ILLUSTRATIVE_NOT_REAL,PLT-D-PHH-HMG-ctrl,neg,100.99
SYNTHETIC_ILLUSTRATIVE_NOT_REAL,PLT-D-PHH-HMG-ctrl,neg,97.11
SYNTHETIC_ILLUSTRATIVE_NOT_REAL,PLT-D-PHH-HMG-ctrl,neg,97.02
SYNTHETIC_ILLUSTRATIVE_NOT_REAL,PLT-D-PHH-HMG-ctrl,neg,100.39
SYNTHETIC_ILLUSTRATIVE_NOT_REAL,PLT-D-PHH-HMG-ctrl,neg,98.01
SYNTHETIC_ILLUSTRATIVE_NOT_REAL,PLT-D-PHH-HMG-ctrl,neg,101.28
SYNTHETIC_ILLUSTRATIVE_NOT_REAL,PLT-D-PHH-HMG-ctrl,neg,97.56
SYNTHETIC_ILLUSTRATIVE_NOT_REAL,PLT-D-PHH-HMG-ctrl,neg,96.24
SYNTHETIC_ILLUSTRATIVE_NOT_REAL,PLT-D-PHH-HMG-ctrl,pos,9.35
SYNTHETIC_ILLUSTRATIVE_NOT_REAL,PLT-D-PHH-HMG-ctrl,pos,11.16
SYNTHETIC_ILLUSTRATIVE_NOT_REAL,PLT-D-PHH-HMG-ctrl,pos,9.28
SYNTHETIC_ILLUSTRATIVE_NOT_REAL,PLT-D-PHH-HMG-ctrl,pos,9.96
SYNTHETIC_ILLUSTRATIVE_NOT_REAL,PLT-D-PHH-HMG-ctrl,pos,10.17
SYNTHETIC_ILLUSTRATIVE_NOT_REAL,PLT-D-PHH-HMG-ctrl,pos,9.21
SYNTHETIC_ILLUSTRATIVE_NOT_REAL,PLT-D-PHH-HMG-ctrl,pos,10.84
SYNTHETIC_ILLUSTRATIVE_NOT_REAL,PLT-D-PHH-HMG-ctrl,pos,10.11
SYNTHETIC_ILLUSTRATIVE_NOT_REAL,PLT-D-PHH-ROS-ctrl,neg,96.84
SYNTHETIC_ILLUSTRATIVE_NOT_REAL,PLT-D-PHH-ROS-ctrl,neg,100.49
SYNTHETIC_ILLUSTRATIVE_NOT_REAL,PLT-D-PHH-ROS-ctrl,neg,100.37
SYNTHETIC_ILLUSTRATIVE_NOT_REAL,PLT-D-PHH-ROS-ctrl,neg,100.16
SYNTHETIC_ILLUSTRATIVE_NOT_REAL,PLT-D-PHH-ROS-ctrl,neg,100.79
SYNTHETIC_ILLUSTRATIVE_NOT_REAL,PLT-D-PHH-ROS-ctrl,neg,101.44
SYNTHETIC_ILLUSTRATIVE_NOT_REAL,PLT-D-PHH-ROS-ctrl,neg,101.67
SYNTHETIC_ILLUSTRATIVE_NOT_REAL,PLT-D-PHH-ROS-ctrl,neg,103.52
SYNTHETIC_ILLUSTRATIVE_NOT_REAL,PLT-D-PHH-ROS-ctrl,pos,10.0
SYNTHETIC_ILLUSTRATIVE_NOT_REAL,PLT-D-PHH-ROS-ctrl,pos,10.67
SYNTHETIC_ILLUSTRATIVE_NOT_REAL,PLT-D-PHH-ROS-ctrl,pos,8.68
SYNTHETIC_ILLUSTRATIVE_NOT_REAL,PLT-D-PHH-ROS-ctrl,pos,9.87
SYNTHETIC_ILLUSTRATIVE_NOT_REAL,PLT-D-PHH-ROS-ctrl,pos,9.0
SYNTHETIC_ILLUSTRATIVE_NOT_REAL,PLT-D-PHH-ROS-ctrl,pos,11.09
SYNTHETIC_ILLUSTRATIVE_NOT_REAL,PLT-D-PHH-ROS-ctrl,pos,11.85
SYNTHETIC_ILLUSTRATIVE_NOT_REAL,PLT-D-PHH-ROS-ctrl,pos,10.41
SYNTHETIC_ILLUSTRATIVE_NOT_REAL,PLT-D-PHH-Lip-ctrl,neg,100.07
SYNTHETIC_ILLUSTRATIVE_NOT_REAL,PLT-D-PHH-Lip-ctrl,neg,100.72
SYNTHETIC_ILLUSTRATIVE_NOT_REAL,PLT-D-PHH-Lip-ctrl,neg,98.37
SYNTHETIC_ILLUSTRATIVE_NOT_REAL,PLT-D-PHH-Lip-ctrl,neg,96.76
SYNTHETIC_ILLUSTRATIVE_NOT_REAL,PLT-D-PHH-Lip-ctrl,neg,101.22
SYNTHETIC_ILLUSTRATIVE_NOT_REAL,PLT-D-PHH-Lip-ctrl,neg,98.6
SYNTHETIC_ILLUSTRATIVE_NOT_REAL,PLT-D-PHH-Lip-ctrl,neg,101.51
SYNTHETIC_ILLUSTRATIVE_NOT_REAL,PLT-D-PHH-Lip-ctrl,neg,101.48
SYNTHETIC_ILLUSTRATIVE_NOT_REAL,PLT-D-PHH-Lip-ctrl,pos,9.97
SYNTHETIC_ILLUSTRATIVE_NOT_REAL,PLT-D-PHH-Lip-ctrl,pos,9.98
SYNTHETIC_ILLUSTRATIVE_NOT_REAL,PLT-D-PHH-Lip-ctrl,pos,10.77
SYNTHETIC_ILLUSTRATIVE_NOT_REAL,PLT-D-PHH-Lip-ctrl,pos,10.28
SYNTHETIC_ILLUSTRATIVE_NOT_REAL,PLT-D-PHH-Lip-ctrl,pos,9.23
SYNTHETIC_ILLUSTRATIVE_NOT_REAL,PLT-D-PHH-Lip-ctrl,pos,10.11
SYNTHETIC_ILLUSTRATIVE_NOT_REAL,PLT-D-PHH-Lip-ctrl,pos,10.42
SYNTHETIC_ILLUSTRATIVE_NOT_REAL,PLT-D-PHH-Lip-ctrl,pos,10.14
SYNTHETIC_ILLUSTRATIVE_NOT_REAL,PLT-D-PHH-Mit-ctrl,neg,99.55
SYNTHETIC_ILLUSTRATIVE_NOT_REAL,PLT-D-PHH-Mit-ctrl,neg,99.07
SYNTHETIC_ILLUSTRATIVE_NOT_REAL,PLT-D-PHH-Mit-ctrl,neg,95.62
SYNTHETIC_ILLUSTRATIVE_NOT_REAL,PLT-D-PHH-Mit-ctrl,neg,99.73
SYNTHETIC_ILLUSTRATIVE_NOT_REAL,PLT-D-PHH-Mit-ctrl,neg,99.87
SYNTHETIC_ILLUSTRATIVE_NOT_REAL,PLT-D-PHH-Mit-ctrl,neg,98.17
SYNTHETIC_ILLUSTRATIVE_NOT_REAL,PLT-D-PHH-Mit-ctrl,neg,99.81
SYNTHETIC_ILLUSTRATIVE_NOT_REAL,PLT-D-PHH-Mit-ctrl,neg,101.91
SYNTHETIC_ILLUSTRATIVE_NOT_REAL,PLT-D-PHH-Mit-ctrl,pos,9.41
SYNTHETIC_ILLUSTRATIVE_NOT_REAL,PLT-D-PHH-Mit-ctrl,pos,10.18
SYNTHETIC_ILLUSTRATIVE_NOT_REAL,PLT-D-PHH-Mit-ctrl,pos,9.07
SYNTHETIC_ILLUSTRATIVE_NOT_REAL,PLT-D-PHH-Mit-ctrl,pos,10.28
SYNTHETIC_ILLUSTRATIVE_NOT_REAL,PLT-D-PHH-Mit-ctrl,pos,10.48
SYNTHETIC_ILLUSTRATIVE_NOT_REAL,PLT-D-PHH-Mit-ctrl,pos,11.94
SYNTHETIC_ILLUSTRATIVE_NOT_REAL,PLT-D-PHH-Mit-ctrl,pos,10.69
SYNTHETIC_ILLUSTRATIVE_NOT_REAL,PLT-D-PHH-Mit-ctrl,pos,10.32
SYNTHETIC_ILLUSTRATIVE_NOT_REAL,PLT-D-PHH-Bil-ctrl,neg,101.61
SYNTHETIC_ILLUSTRATIVE_NOT_REAL,PLT-D-PHH-Bil-ctrl,neg,103.83
SYNTHETIC_ILLUSTRATIVE_NOT_REAL,PLT-D-PHH-Bil-ctrl,neg,97.35
SYNTHETIC_ILLUSTRATIVE_NOT_REAL,PLT-D-PHH-Bil-ctrl,neg,101.51
SYNTHETIC_ILLUSTRATIVE_NOT_REAL,PLT-D-PHH-Bil-ctrl,neg,101.78
SYNTHETIC_ILLUSTRATIVE_NOT_REAL,PLT-D-PHH-Bil-ctrl,neg,98.93
SYNTHETIC_ILLUSTRATIVE_NOT_REAL,PLT-D-PHH-Bil-ctrl,neg,99.3
SYNTHETIC_ILLUSTRATIVE_NOT_REAL,PLT-D-PHH-Bil-ctrl,neg,97.99
SYNTHETIC_ILLUSTRATIVE_NOT_REAL,PLT-D-PHH-Bil-ctrl,pos,9.4
SYNTHETIC_ILLUSTRATIVE_NOT_REAL,PLT-D-PHH-Bil-ctrl,pos,10.14
SYNTHETIC_ILLUSTRATIVE_NOT_REAL,PLT-D-PHH-Bil-ctrl,pos,10.52
SYNTHETIC_ILLUSTRATIVE_NOT_REAL,PLT-D-PHH-Bil-ctrl,pos,10.1
SYNTHETIC_ILLUSTRATIVE_NOT_REAL,PLT-D-PHH-Bil-ctrl,pos,10.68
SYNTHETIC_ILLUSTRATIVE_NOT_REAL,PLT-D-PHH-Bil-ctrl,pos,10.17
SYNTHETIC_ILLUSTRATIVE_NOT_REAL,PLT-D-PHH-Bil-ctrl,pos,9.1
SYNTHETIC_ILLUSTRATIVE_NOT_REAL,PLT-D-PHH-Bil-ctrl,pos,11.14
SYNTHETIC_ILLUSTRATIVE_NOT_REAL,PLT-D-PHH-Gen-ctrl,neg,100.51
SYNTHETIC_ILLUSTRATIVE_NOT_REAL,PLT-D-PHH-Gen-ctrl,neg,100.94
SYNTHETIC_ILLUSTRATIVE_NOT_REAL,PLT-D-PHH-Gen-ctrl,neg,98.77
SYNTHETIC_ILLUSTRATIVE_NOT_REAL,PLT-D-PHH-Gen-ctrl,neg,98.62
SYNTHETIC_ILLUSTRATIVE_NOT_REAL,PLT-D-PHH-Gen-ctrl,neg,103.92
SYNTHETIC_ILLUSTRATIVE_NOT_REAL,PLT-D-PHH-Gen-ctrl,neg,98.42
SYNTHETIC_ILLUSTRATIVE_NOT_REAL,PLT-D-PHH-Gen-ctrl,neg,102.5
SYNTHETIC_ILLUSTRATIVE_NOT_REAL,PLT-D-PHH-Gen-ctrl,neg,100.23
SYNTHETIC_ILLUSTRATIVE_NOT_REAL,PLT-D-PHH-Gen-ctrl,pos,11.19
SYNTHETIC_ILLUSTRATIVE_NOT_REAL,PLT-D-PHH-Gen-ctrl,pos,9.54
SYNTHETIC_ILLUSTRATIVE_NOT_REAL,PLT-D-PHH-Gen-ctrl,pos,10.44
SYNTHETIC_ILLUSTRATIVE_NOT_REAL,PLT-D-PHH-Gen-ctrl,pos,10.29
SYNTHETIC_ILLUSTRATIVE_NOT_REAL,PLT-D-PHH-Gen-ctrl,pos,9.86
SYNTHETIC_ILLUSTRATIVE_NOT_REAL,PLT-D-PHH-Gen-ctrl,pos,10.28
SYNTHETIC_ILLUSTRATIVE_NOT_REAL,PLT-D-PHH-Gen-ctrl,pos,9.43
SYNTHETIC_ILLUSTRATIVE_NOT_REAL,PLT-D-PHH-Gen-ctrl,pos,9.97
SYNTHETIC_ILLUSTRATIVE_NOT_REAL,PLT-D-PHH-RNA-ctrl,neg,103.26
SYNTHETIC_ILLUSTRATIVE_NOT_REAL,PLT-D-PHH-RNA-ctrl,neg,98.57
SYNTHETIC_ILLUSTRATIVE_NOT_REAL,PLT-D-PHH-RNA-ctrl,neg,102.11
SYNTHETIC_ILLUSTRATIVE_NOT_REAL,PLT-D-PHH-RNA-ctrl,neg,101.95
SYNTHETIC_ILLUSTRATIVE_NOT_REAL,PLT-D-PHH-RNA-ctrl,neg,97.15
SYNTHETIC_ILLUSTRATIVE_NOT_REAL,PLT-D-PHH-RNA-ctrl,neg,96.88
SYNTHETIC_ILLUSTRATIVE_NOT_REAL,PLT-D-PHH-RNA-ctrl,neg,98.68
SYNTHETIC_ILLUSTRATIVE_NOT_REAL,PLT-D-PHH-RNA-ctrl,neg,100.26
SYNTHETIC_ILLUSTRATIVE_NOT_REAL,PLT-D-PHH-RNA-ctrl,pos,10.4
SYNTHETIC_ILLUSTRATIVE_NOT_REAL,PLT-D-PHH-RNA-ctrl,pos,9.86
SYNTHETIC_ILLUSTRATIVE_NOT_REAL,PLT-D-PHH-RNA-ctrl,pos,9.99
SYNTHETIC_ILLUSTRATIVE_NOT_REAL,PLT-D-PHH-RNA-ctrl,pos,9.95
SYNTHETIC_ILLUSTRATIVE_NOT_REAL,PLT-D-PHH-RNA-ctrl,pos,10.11
SYNTHETIC_ILLUSTRATIVE_NOT_REAL,PLT-D-PHH-RNA-ctrl,pos,10.5
SYNTHETIC_ILLUSTRATIVE_NOT_REAL,PLT-D-PHH-RNA-ctrl,pos,10.43
SYNTHETIC_ILLUSTRATIVE_NOT_REAL,PLT-D-PHH-RNA-ctrl,pos,10.0
SYNTHETIC_ILLUSTRATIVE_NOT_REAL,PLT-D-PBM-IFN-ctrl,neg,100.46
SYNTHETIC_ILLUSTRATIVE_NOT_REAL,PLT-D-PBM-IFN-ctrl,neg,101.77
SYNTHETIC_ILLUSTRATIVE_NOT_REAL,PLT-D-PBM-IFN-ctrl,neg,100.22
SYNTHETIC_ILLUSTRATIVE_NOT_REAL,PLT-D-PBM-IFN-ctrl,neg,101.25
SYNTHETIC_ILLUSTRATIVE_NOT_REAL,PLT-D-PBM-IFN-ctrl,neg,103.77
SYNTHETIC_ILLUSTRATIVE_NOT_REAL,PLT-D-PBM-IFN-ctrl,neg,102.32
SYNTHETIC_ILLUSTRATIVE_NOT_REAL,PLT-D-PBM-IFN-ctrl,neg,98.81
SYNTHETIC_ILLUSTRATIVE_NOT_REAL,PLT-D-PBM-IFN-ctrl,neg,98.52
SYNTHETIC_ILLUSTRATIVE_NOT_REAL,PLT-D-PBM-IFN-ctrl,pos,9.86
SYNTHETIC_ILLUSTRATIVE_NOT_REAL,PLT-D-PBM-IFN-ctrl,pos,9.87
SYNTHETIC_ILLUSTRATIVE_NOT_REAL,PLT-D-PBM-IFN-ctrl,pos,10.11
SYNTHETIC_ILLUSTRATIVE_NOT_REAL,PLT-D-PBM-IFN-ctrl,pos,9.57
SYNTHETIC_ILLUSTRATIVE_NOT_REAL,PLT-D-PBM-IFN-ctrl,pos,10.57
SYNTHETIC_ILLUSTRATIVE_NOT_REAL,PLT-D-PBM-IFN-ctrl,pos,10.08
SYNTHETIC_ILLUSTRATIVE_NOT_REAL,PLT-D-PBM-IFN-ctrl,pos,10.34
SYNTHETIC_ILLUSTRATIVE_NOT_REAL,PLT-D-PBM-IFN-ctrl,pos,10.06
SYNTHETIC_ILLUSTRATIVE_NOT_REAL,PLT-D-PBM-IFN-ctrl,neg,103.94
SYNTHETIC_ILLUSTRATIVE_NOT_REAL,PLT-D-PBM-IFN-ctrl,neg,100.15
SYNTHETIC_ILLUSTRATIVE_NOT_REAL,PLT-D-PBM-IFN-ctrl,neg,99.77
SYNTHETIC_ILLUSTRATIVE_NOT_REAL,PLT-D-PBM-IFN-ctrl,neg,101.06
SYNTHETIC_ILLUSTRATIVE_NOT_REAL,PLT-D-PBM-IFN-ctrl,neg,100.67
SYNTHETIC_ILLUSTRATIVE_NOT_REAL,PLT-D-PBM-IFN-ctrl,neg,97.37
SYNTHETIC_ILLUSTRATIVE_NOT_REAL,PLT-D-PBM-IFN-ctrl,neg,100.42
SYNTHETIC_ILLUSTRATIVE_NOT_REAL,PLT-D-PBM-IFN-ctrl,neg,99.53
SYNTHETIC_ILLUSTRATIVE_NOT_REAL,PLT-D-PBM-IFN-ctrl,pos,11.2
SYNTHETIC_ILLUSTRATIVE_NOT_REAL,PLT-D-PBM-IFN-ctrl,pos,11.99
SYNTHETIC_ILLUSTRATIVE_NOT_REAL,PLT-D-PBM-IFN-ctrl,pos,9.18
SYNTHETIC_ILLUSTRATIVE_NOT_REAL,PLT-D-PBM-IFN-ctrl,pos,9.3
SYNTHETIC_ILLUSTRATIVE_NOT_REAL,PLT-D-PBM-IFN-ctrl,pos,9.4
SYNTHETIC_ILLUSTRATIVE_NOT_REAL,PLT-D-PBM-IFN-ctrl,pos,9.55
SYNTHETIC_ILLUSTRATIVE_NOT_REAL,PLT-D-PBM-IFN-ctrl,pos,9.52
SYNTHETIC_ILLUSTRATIVE_NOT_REAL,PLT-D-PBM-IFN-ctrl,pos,10.12
SYNTHETIC_ILLUSTRATIVE_NOT_REAL,PLT-D-PBM-IL1-ctrl,neg,98.19
SYNTHETIC_ILLUSTRATIVE_NOT_REAL,PLT-D-PBM-IL1-ctrl,neg,96.39
SYNTHETIC_ILLUSTRATIVE_NOT_REAL,PLT-D-PBM-IL1-ctrl,neg,99.58
SYNTHETIC_ILLUSTRATIVE_NOT_REAL,PLT-D-PBM-IL1-ctrl,neg,97.8
SYNTHETIC_ILLUSTRATIVE_NOT_REAL,PLT-D-PBM-IL1-ctrl,neg,101.26
SYNTHETIC_ILLUSTRATIVE_NOT_REAL,PLT-D-PBM-IL1-ctrl,neg,103.08
SYNTHETIC_ILLUSTRATIVE_NOT_REAL,PLT-D-PBM-IL1-ctrl,neg,95.73
SYNTHETIC_ILLUSTRATIVE_NOT_REAL,PLT-D-PBM-IL1-ctrl,neg,97.6
SYNTHETIC_ILLUSTRATIVE_NOT_REAL,PLT-D-PBM-IL1-ctrl,pos,10.32
SYNTHETIC_ILLUSTRATIVE_NOT_REAL,PLT-D-PBM-IL1-ctrl,pos,11.07
SYNTHETIC_ILLUSTRATIVE_NOT_REAL,PLT-D-PBM-IL1-ctrl,pos,10.34
SYNTHETIC_ILLUSTRATIVE_NOT_REAL,PLT-D-PBM-IL1-ctrl,pos,10.48
SYNTHETIC_ILLUSTRATIVE_NOT_REAL,PLT-D-PBM-IL1-ctrl,pos,10.54
SYNTHETIC_ILLUSTRATIVE_NOT_REAL,PLT-D-PBM-IL1-ctrl,pos,11.39
SYNTHETIC_ILLUSTRATIVE_NOT_REAL,PLT-D-PBM-IL1-ctrl,pos,10.57
SYNTHETIC_ILLUSTRATIVE_NOT_REAL,PLT-D-PBM-IL6-ctrl,neg,102.02
SYNTHETIC_ILLUSTRATIVE_NOT_REAL,PLT-D-PBM-IL6-ctrl,neg,101.58
SYNTHETIC_ILLUSTRATIVE_NOT_REAL,PLT-D-PBM-IL6-ctrl,neg,98.14
SYNTHETIC_ILLUSTRATIVE_NOT_REAL,PLT-D-PBM-IL6-ctrl,neg,97.7
SYNTHETIC_ILLUSTRATIVE_NOT_REAL,PLT-D-PBM-IL6-ctrl,neg,101.94
SYNTHETIC_ILLUSTRATIVE_NOT_REAL,PLT-D-PBM-IL6-ctrl,neg,97.63
SYNTHETIC_ILLUSTRATIVE_NOT_REAL,PLT-D-PBM-IL6-ctrl,neg,101.34
SYNTHETIC_ILLUSTRATIVE_NOT_REAL,PLT-D-PBM-IL6-ctrl,neg,99.12
SYNTHETIC_ILLUSTRATIVE_NOT_REAL,PLT-D-PBM-IL6-ctrl,pos,10.06
SYNTHETIC_ILLUSTRATIVE_NOT_REAL,PLT-D-PBM-IL6-ctrl,pos,11.94
SYNTHETIC_ILLUSTRATIVE_NOT_REAL,PLT-D-PBM-IL6-ctrl,pos,11.32
SYNTHETIC_ILLUSTRATIVE_NOT_REAL,PLT-D-PBM-IL6-ctrl,pos,10.75
SYNTHETIC_ILLUSTRATIVE_NOT_REAL,PLT-D-PBM-IL6-ctrl,pos,8.96
SYNTHETIC_ILLUSTRATIVE_NOT_REAL,PLT-D-PBM-IL6-ctrl,pos,10.33
SYNTHETIC_ILLUSTRATIVE_NOT_REAL,PLT-D-PBM-IL6-ctrl,pos,10.11
SYNTHETIC_ILLUSTRATIVE_NOT_REAL,PLT-D-PBM-IL6-ctrl,pos,9.99
SYNTHETIC_ILLUSTRATIVE_NOT_REAL,PLT-D-PBM-IL8-ctrl,neg,96.54
SYNTHETIC_ILLUSTRATIVE_NOT_REAL,PLT-D-PBM-IL8-ctrl,neg,101.8
SYNTHETIC_ILLUSTRATIVE_NOT_REAL,PLT-D-PBM-IL8-ctrl,neg,99.46
SYNTHETIC_ILLUSTRATIVE_NOT_REAL,PLT-D-PBM-IL8-ctrl,neg,99.43
SYNTHETIC_ILLUSTRATIVE_NOT_REAL,PLT-D-PBM-IL8-ctrl,neg,99.55
SYNTHETIC_ILLUSTRATIVE_NOT_REAL,PLT-D-PBM-IL8-ctrl,neg,96.93
SYNTHETIC_ILLUSTRATIVE_NOT_REAL,PLT-D-PBM-IL8-ctrl,neg,99.34
SYNTHETIC_ILLUSTRATIVE_NOT_REAL,PLT-D-PBM-IL8-ctrl,neg,94.82
SYNTHETIC_ILLUSTRATIVE_NOT_REAL,PLT-D-PBM-IL8-ctrl,pos,9.73
SYNTHETIC_ILLUSTRATIVE_NOT_REAL,PLT-D-PBM-IL8-ctrl,pos,9.32
SYNTHETIC_ILLUSTRATIVE_NOT_REAL,PLT-D-PBM-IL8-ctrl,pos,11.56
SYNTHETIC_ILLUSTRATIVE_NOT_REAL,PLT-D-PBM-IL8-ctrl,pos,10.42
SYNTHETIC_ILLUSTRATIVE_NOT_REAL,PLT-D-PBM-IL8-ctrl,pos,9.88
SYNTHETIC_ILLUSTRATIVE_NOT_REAL,PLT-D-PBM-IL8-ctrl,pos,10.19
SYNTHETIC_ILLUSTRATIVE_NOT_REAL,PLT-D-PBM-IL8-ctrl,pos,10.65
SYNTHETIC_ILLUSTRATIVE_NOT_REAL,PLT-D-PBM-IL8-ctrl,pos,9.43
SYNTHETIC_ILLUSTRATIVE_NOT_REAL,PLT-D-PBM-IL1-ctrl,neg,102.04
SYNTHETIC_ILLUSTRATIVE_NOT_REAL,PLT-D-PBM-IL1-ctrl,neg,99.99
SYNTHETIC_ILLUSTRATIVE_NOT_REAL,PLT-D-PBM-IL1-ctrl,neg,100.54
SYNTHETIC_ILLUSTRATIVE_NOT_REAL,PLT-D-PBM-IL1-ctrl,neg,101.4
SYNTHETIC_ILLUSTRATIVE_NOT_REAL,PLT-D-PBM-IL1-ctrl,neg,97.86
SYNTHETIC_ILLUSTRATIVE_NOT_REAL,PLT-D-PBM-IL1-ctrl,neg,101.74
SYNTHETIC_ILLUSTRATIVE_NOT_REAL,PLT-D-PBM-IL1-ctrl,neg,95.7
SYNTHETIC_ILLUSTRATIVE_NOT_REAL,PLT-D-PBM-IL1-ctrl,neg,103.14
SYNTHETIC_ILLUSTRATIVE_NOT_REAL,PLT-D-PBM-IL1-ctrl,pos,8.73
SYNTHETIC_ILLUSTRATIVE_NOT_REAL,PLT-D-PBM-IL1-ctrl,pos,9.51
SYNTHETIC_ILLUSTRATIVE_NOT_REAL,PLT-D-PBM-IL1-ctrl,pos,9.48
SYNTHETIC_ILLUSTRATIVE_NOT_REAL,PLT-D-PBM-IL1-ctrl,pos,10.64
SYNTHETIC_ILLUSTRATIVE_NOT_REAL,PLT-D-PBM-IL1-ctrl,pos,10.66
SYNTHETIC_ILLUSTRATIVE_NOT_REAL,PLT-D-PBM-IL1-ctrl,pos,10.33
SYNTHETIC_ILLUSTRATIVE_NOT_REAL,PLT-D-PBM-IL1-ctrl,pos,10.49
SYNTHETIC_ILLUSTRATIVE_NOT_REAL,PLT-D-PBM-IL1-ctrl,pos,10.43
SYNTHETIC_ILLUSTRATIVE_NOT_REAL,PLT-D-PBM-IL1-ctrl,neg,100.26
SYNTHETIC_ILLUSTRATIVE_NOT_REAL,PLT-D-PBM-IL1-ctrl,neg,101.03
SYNTHETIC_ILLUSTRATIVE_NOT_REAL,PLT-D-PBM-IL1-ctrl,neg,101.58
SYNTHETIC_ILLUSTRATIVE_NOT_REAL,PLT-D-PBM-IL1-ctrl,neg,100.06
SYNTHETIC_ILLUSTRATIVE_NOT_REAL,PLT-D-PBM-IL1-ctrl,neg,97.73
SYNTHETIC_ILLUSTRATIVE_NOT_REAL,PLT-D-PBM-IL1-ctrl,neg,102.15
SYNTHETIC_ILLUSTRATIVE_NOT_REAL,PLT-D-PBM-IL1-ctrl,neg,99.14
SYNTHETIC_ILLUSTRATIVE_NOT_REAL,PLT-D-PBM-IL1-ctrl,neg,98.96
SYNTHETIC_ILLUSTRATIVE_NOT_REAL,PLT-D-PBM-IL1-ctrl,pos,11.69
SYNTHETIC_ILLUSTRATIVE_NOT_REAL,PLT-D-PBM-IL1-ctrl,pos,10.75
SYNTHETIC_ILLUSTRATIVE_NOT_REAL,PLT-D-PBM-IL1-ctrl,pos,9.14
SYNTHETIC_ILLUSTRATIVE_NOT_REAL,PLT-D-PBM-IL1-ctrl,pos,9.62
SYNTHETIC_ILLUSTRATIVE_NOT_REAL,PLT-D-PBM-IL1-ctrl,pos,9.81
SYNTHETIC_ILLUSTRATIVE_NOT_REAL,PLT-D-PBM-IL1-ctrl,pos,9.39
SYNTHETIC_ILLUSTRATIVE_NOT_REAL,PLT-D-PBM-IL1-ctrl,pos,8.42
SYNTHETIC_ILLUSTRATIVE_NOT_REAL,PLT-D-PBM-IL1-ctrl,pos,10.68
SYNTHETIC_ILLUSTRATIVE_NOT_REAL,PLT-D-PBM-TNF-ctrl,neg,99.63
SYNTHETIC_ILLUSTRATIVE_NOT_REAL,PLT-D-PBM-TNF-ctrl,neg,100.88
SYNTHETIC_ILLUSTRATIVE_NOT_REAL,PLT-D-PBM-TNF-ctrl,neg,101.3
SYNTHETIC_ILLUSTRATIVE_NOT_REAL,PLT-D-PBM-TNF-ctrl,neg,99.97
SYNTHETIC_ILLUSTRATIVE_NOT_REAL,PLT-D-PBM-TNF-ctrl,neg,98.62
SYNTHETIC_ILLUSTRATIVE_NOT_REAL,PLT-D-PBM-TNF-ctrl,neg,99.99
SYNTHETIC_ILLUSTRATIVE_NOT_REAL,PLT-D-PBM-TNF-ctrl,neg,101.18
SYNTHETIC_ILLUSTRATIVE_NOT_REAL,PLT-D-PBM-TNF-ctrl,neg,99.4
SYNTHETIC_ILLUSTRATIVE_NOT_REAL,PLT-D-PBM-TNF-ctrl,pos,10.05
SYNTHETIC_ILLUSTRATIVE_NOT_REAL,PLT-D-PBM-TNF-ctrl,pos,9.75
SYNTHETIC_ILLUSTRATIVE_NOT_REAL,PLT-D-PBM-TNF-ctrl,pos,9.57
SYNTHETIC_ILLUSTRATIVE_NOT_REAL,PLT-D-PBM-TNF-ctrl,pos,10.03
SYNTHETIC_ILLUSTRATIVE_NOT_REAL,PLT-D-PBM-TNF-ctrl,pos,9.08
SYNTHETIC_ILLUSTRATIVE_NOT_REAL,PLT-D-PBM-TNF-ctrl,pos,10.87
SYNTHETIC_ILLUSTRATIVE_NOT_REAL,PLT-D-PBM-TNF-ctrl,pos,8.71
SYNTHETIC_ILLUSTRATIVE_NOT_REAL,PLT-D-PBM-TNF-ctrl,pos,10.38
SYNTHETIC_ILLUSTRATIVE_NOT_REAL,PLT-D-PBM-MCP-ctrl,neg,101.13
SYNTHETIC_ILLUSTRATIVE_NOT_REAL,PLT-D-PBM-MCP-ctrl,neg,98.62
SYNTHETIC_ILLUSTRATIVE_NOT_REAL,PLT-D-PBM-MCP-ctrl,neg,100.91
SYNTHETIC_ILLUSTRATIVE_NOT_REAL,PLT-D-PBM-MCP-ctrl,neg,97.07
SYNTHETIC_ILLUSTRATIVE_NOT_REAL,PLT-D-PBM-MCP-ctrl,neg,102.81
SYNTHETIC_ILLUSTRATIVE_NOT_REAL,PLT-D-PBM-MCP-ctrl,neg,97.9
SYNTHETIC_ILLUSTRATIVE_NOT_REAL,PLT-D-PBM-MCP-ctrl,neg,102.37
SYNTHETIC_ILLUSTRATIVE_NOT_REAL,PLT-D-PBM-MCP-ctrl,neg,99.08
SYNTHETIC_ILLUSTRATIVE_NOT_REAL,PLT-D-PBM-MCP-ctrl,pos,10.45
SYNTHETIC_ILLUSTRATIVE_NOT_REAL,PLT-D-PBM-MCP-ctrl,pos,9.88
SYNTHETIC_ILLUSTRATIVE_NOT_REAL,PLT-D-PBM-MCP-ctrl,pos,10.56
SYNTHETIC_ILLUSTRATIVE_NOT_REAL,PLT-D-PBM-MCP-ctrl,pos,10.0
SYNTHETIC_ILLUSTRATIVE_NOT_REAL,PLT-D-PBM-MCP-ctrl,pos,11.04
SYNTHETIC_ILLUSTRATIVE_NOT_REAL,PLT-D-PBM-MCP-ctrl,pos,10.55
SYNTHETIC_ILLUSTRATIVE_NOT_REAL,PLT-D-PBM-MCP-ctrl,pos,11.37
SYNTHETIC_ILLUSTRATIVE_NOT_REAL,PLT-D-PBM-IP1-ctrl,neg,98.93
SYNTHETIC_ILLUSTRATIVE_NOT_REAL,PLT-D-PBM-IP1-ctrl,neg,101.28
SYNTHETIC_ILLUSTRATIVE_NOT_REAL,PLT-D-PBM-IP1-ctrl,neg,102.77
SYNTHETIC_ILLUSTRATIVE_NOT_REAL,PLT-D-PBM-IP1-ctrl,neg,96.1
SYNTHETIC_ILLUSTRATIVE_NOT_REAL,PLT-D-PBM-IP1-ctrl,neg,100.04
SYNTHETIC_ILLUSTRATIVE_NOT_REAL,PLT-D-PBM-IP1-ctrl,neg,99.74
SYNTHETIC_ILLUSTRATIVE_NOT_REAL,PLT-D-PBM-IP1-ctrl,neg,102.05
SYNTHETIC_ILLUSTRATIVE_NOT_REAL,PLT-D-PBM-IP1-ctrl,neg,99.92
SYNTHETIC_ILLUSTRATIVE_NOT_REAL,PLT-D-PBM-IP1-ctrl,pos,8.96
SYNTHETIC_ILLUSTRATIVE_NOT_REAL,PLT-D-PBM-IP1-ctrl,pos,9.84
SYNTHETIC_ILLUSTRATIVE_NOT_REAL,PLT-D-PBM-IP1-ctrl,pos,9.15
SYNTHETIC_ILLUSTRATIVE_NOT_REAL,PLT-D-PBM-IP1-ctrl,pos,9.36
SYNTHETIC_ILLUSTRATIVE_NOT_REAL,PLT-D-PBM-IP1-ctrl,pos,10.03
SYNTHETIC_ILLUSTRATIVE_NOT_REAL,PLT-D-PBM-IP1-ctrl,pos,9.61
SYNTHETIC_ILLUSTRATIVE_NOT_REAL,PLT-D-PBM-IP1-ctrl,pos,10.23
SYNTHETIC_ILLUSTRATIVE_NOT_REAL,PLT-D-PBM-IP1-ctrl,pos,8.76
SYNTHETIC_ILLUSTRATIVE_NOT_REAL,PLT-D-PBM-GM_-ctrl,neg,99.99
SYNTHETIC_ILLUSTRATIVE_NOT_REAL,PLT-D-PBM-GM_-ctrl,neg,100.59
SYNTHETIC_ILLUSTRATIVE_NOT_REAL,PLT-D-PBM-GM_-ctrl,neg,98.58
SYNTHETIC_ILLUSTRATIVE_NOT_REAL,PLT-D-PBM-GM_-ctrl,neg,102.32
SYNTHETIC_ILLUSTRATIVE_NOT_REAL,PLT-D-PBM-GM_-ctrl,neg,99.63
SYNTHETIC_ILLUSTRATIVE_NOT_REAL,PLT-D-PBM-GM_-ctrl,neg,99.72
SYNTHETIC_ILLUSTRATIVE_NOT_REAL,PLT-D-PBM-GM_-ctrl,neg,100.8
SYNTHETIC_ILLUSTRATIVE_NOT_REAL,PLT-D-PBM-GM_-ctrl,pos,10.67
SYNTHETIC_ILLUSTRATIVE_NOT_REAL,PLT-D-PBM-GM_-ctrl,pos,8.66
SYNTHETIC_ILLUSTRATIVE_NOT_REAL,PLT-D-PBM-GM_-ctrl,pos,10.05
SYNTHETIC_ILLUSTRATIVE_NOT_REAL,PLT-D-PBM-GM_-ctrl,pos,9.44
SYNTHETIC_ILLUSTRATIVE_NOT_REAL,PLT-D-PBM-GM_-ctrl,pos,10.41
SYNTHETIC_ILLUSTRATIVE_NOT_REAL,PLT-D-PBM-GM_-ctrl,pos,10.85
SYNTHETIC_ILLUSTRATIVE_NOT_REAL,PLT-D-PBM-GM_-ctrl,pos,10.26
SYNTHETIC_ILLUSTRATIVE_NOT_REAL,PLT-D-PBM-GM_-ctrl,pos,11.06
SYNTHETIC_ILLUSTRATIVE_NOT_REAL,PLT-D-PBM-IL4-ctrl,neg,99.51
SYNTHETIC_ILLUSTRATIVE_NOT_REAL,PLT-D-PBM-IL4-ctrl,neg,102.34
SYNTHETIC_ILLUSTRATIVE_NOT_REAL,PLT-D-PBM-IL4-ctrl,neg,97.82
SYNTHETIC_ILLUSTRATIVE_NOT_REAL,PLT-D-PBM-IL4-ctrl,neg,95.86
SYNTHETIC_ILLUSTRATIVE_NOT_REAL,PLT-D-PBM-IL4-ctrl,neg,101.45
SYNTHETIC_ILLUSTRATIVE_NOT_REAL,PLT-D-PBM-IL4-ctrl,neg,99.11
SYNTHETIC_ILLUSTRATIVE_NOT_REAL,PLT-D-PBM-IL4-ctrl,neg,99.8
SYNTHETIC_ILLUSTRATIVE_NOT_REAL,PLT-D-PBM-IL4-ctrl,neg,105.27
SYNTHETIC_ILLUSTRATIVE_NOT_REAL,PLT-D-PBM-IL4-ctrl,pos,11.22
SYNTHETIC_ILLUSTRATIVE_NOT_REAL,PLT-D-PBM-IL4-ctrl,pos,10.5
SYNTHETIC_ILLUSTRATIVE_NOT_REAL,PLT-D-PBM-IL4-ctrl,pos,10.8
SYNTHETIC_ILLUSTRATIVE_NOT_REAL,PLT-D-PBM-IL4-ctrl,pos,10.12
SYNTHETIC_ILLUSTRATIVE_NOT_REAL,PLT-D-PBM-IL4-ctrl,pos,10.81
SYNTHETIC_ILLUSTRATIVE_NOT_REAL,PLT-D-PBM-IL4-ctrl,pos,9.52
SYNTHETIC_ILLUSTRATIVE_NOT_REAL,PLT-D-PBM-IL4-ctrl,pos,9.44
SYNTHETIC_ILLUSTRATIVE_NOT_REAL,PLT-D-PBM-IL4-ctrl,pos,9.64
SYNTHETIC_ILLUSTRATIVE_NOT_REAL,PLT-D-PBM-IL1-ctrl,neg,95.85
SYNTHETIC_ILLUSTRATIVE_NOT_REAL,PLT-D-PBM-IL1-ctrl,neg,101.64
SYNTHETIC_ILLUSTRATIVE_NOT_REAL,PLT-D-PBM-IL1-ctrl,neg,99.46
SYNTHETIC_ILLUSTRATIVE_NOT_REAL,PLT-D-PBM-IL1-ctrl,neg,98.0
SYNTHETIC_ILLUSTRATIVE_NOT_REAL,PLT-D-PBM-IL1-ctrl,neg,99.64
SYNTHETIC_ILLUSTRATIVE_NOT_REAL,PLT-D-PBM-IL1-ctrl,neg,96.09
SYNTHETIC_ILLUSTRATIVE_NOT_REAL,PLT-D-PBM-IL1-ctrl,neg,101.29
SYNTHETIC_ILLUSTRATIVE_NOT_REAL,PLT-D-PBM-IL1-ctrl,pos,11.2
SYNTHETIC_ILLUSTRATIVE_NOT_REAL,PLT-D-PBM-IL1-ctrl,pos,10.06
SYNTHETIC_ILLUSTRATIVE_NOT_REAL,PLT-D-PBM-IL1-ctrl,pos,9.49
SYNTHETIC_ILLUSTRATIVE_NOT_REAL,PLT-D-PBM-IL1-ctrl,pos,9.25
SYNTHETIC_ILLUSTRATIVE_NOT_REAL,PLT-D-PBM-IL1-ctrl,pos,9.98
SYNTHETIC_ILLUSTRATIVE_NOT_REAL,PLT-D-PBM-IL1-ctrl,pos,10.91
SYNTHETIC_ILLUSTRATIVE_NOT_REAL,PLT-D-PBM-IL1-ctrl,pos,9.56
SYNTHETIC_ILLUSTRATIVE_NOT_REAL,PLT-D-PBM-TLR-ctrl,neg,100.37
SYNTHETIC_ILLUSTRATIVE_NOT_REAL,PLT-D-PBM-TLR-ctrl,neg,102.51
SYNTHETIC_ILLUSTRATIVE_NOT_REAL,PLT-D-PBM-TLR-ctrl,neg,103.17
SYNTHETIC_ILLUSTRATIVE_NOT_REAL,PLT-D-PBM-TLR-ctrl,neg,99.12
SYNTHETIC_ILLUSTRATIVE_NOT_REAL,PLT-D-PBM-TLR-ctrl,neg,98.17
SYNTHETIC_ILLUSTRATIVE_NOT_REAL,PLT-D-PBM-TLR-ctrl,neg,98.45
SYNTHETIC_ILLUSTRATIVE_NOT_REAL,PLT-D-PBM-TLR-ctrl,neg,102.11
SYNTHETIC_ILLUSTRATIVE_NOT_REAL,PLT-D-PBM-TLR-ctrl,neg,100.54
SYNTHETIC_ILLUSTRATIVE_NOT_REAL,PLT-D-PBM-TLR-ctrl,pos,10.28
SYNTHETIC_ILLUSTRATIVE_NOT_REAL,PLT-D-PBM-TLR-ctrl,pos,10.43
SYNTHETIC_ILLUSTRATIVE_NOT_REAL,PLT-D-PBM-TLR-ctrl,pos,10.34
SYNTHETIC_ILLUSTRATIVE_NOT_REAL,PLT-D-PBM-TLR-ctrl,pos,9.93
SYNTHETIC_ILLUSTRATIVE_NOT_REAL,PLT-D-PBM-TLR-ctrl,pos,9.18
SYNTHETIC_ILLUSTRATIVE_NOT_REAL,PLT-D-PBM-TLR-ctrl,pos,9.53
SYNTHETIC_ILLUSTRATIVE_NOT_REAL,PLT-D-PBM-TLR-ctrl,pos,10.13
SYNTHETIC_ILLUSTRATIVE_NOT_REAL,PLT-D-PBM-TLR-ctrl,pos,10.36
SYNTHETIC_ILLUSTRATIVE_NOT_REAL,PLT-D-PBM-NK_-ctrl,neg,101.69
SYNTHETIC_ILLUSTRATIVE_NOT_REAL,PLT-D-PBM-NK_-ctrl,neg,99.22
SYNTHETIC_ILLUSTRATIVE_NOT_REAL,PLT-D-PBM-NK_-ctrl,neg,103.0
SYNTHETIC_ILLUSTRATIVE_NOT_REAL,PLT-D-PBM-NK_-ctrl,neg,99.58
SYNTHETIC_ILLUSTRATIVE_NOT_REAL,PLT-D-PBM-NK_-ctrl,neg,102.83
SYNTHETIC_ILLUSTRATIVE_NOT_REAL,PLT-D-PBM-NK_-ctrl,neg,97.66
SYNTHETIC_ILLUSTRATIVE_NOT_REAL,PLT-D-PBM-NK_-ctrl,neg,98.67
SYNTHETIC_ILLUSTRATIVE_NOT_REAL,PLT-D-PBM-NK_-ctrl,neg,101.04
SYNTHETIC_ILLUSTRATIVE_NOT_REAL,PLT-D-PBM-NK_-ctrl,pos,10.42
SYNTHETIC_ILLUSTRATIVE_NOT_REAL,PLT-D-PBM-NK_-ctrl,pos,9.9
SYNTHETIC_ILLUSTRATIVE_NOT_REAL,PLT-D-PBM-NK_-ctrl,pos,11.67
SYNTHETIC_ILLUSTRATIVE_NOT_REAL,PLT-D-PBM-NK_-ctrl,pos,10.09
SYNTHETIC_ILLUSTRATIVE_NOT_REAL,PLT-D-PBM-NK_-ctrl,pos,10.26
SYNTHETIC_ILLUSTRATIVE_NOT_REAL,PLT-D-PBM-NK_-ctrl,pos,9.57
SYNTHETIC_ILLUSTRATIVE_NOT_REAL,PLT-D-PBM-NK_-ctrl,pos,11.36
SYNTHETIC_ILLUSTRATIVE_NOT_REAL,PLT-D-PBM-NK_-ctrl,pos,10.72
SYNTHETIC_ILLUSTRATIVE_NOT_REAL,PLT-D-PBM-C3a-ctrl,neg,100.39
SYNTHETIC_ILLUSTRATIVE_NOT_REAL,PLT-D-PBM-C3a-ctrl,neg,100.34
SYNTHETIC_ILLUSTRATIVE_NOT_REAL,PLT-D-PBM-C3a-ctrl,neg,99.11
SYNTHETIC_ILLUSTRATIVE_NOT_REAL,PLT-D-PBM-C3a-ctrl,neg,100.55
SYNTHETIC_ILLUSTRATIVE_NOT_REAL,PLT-D-PBM-C3a-ctrl,neg,97.13
SYNTHETIC_ILLUSTRATIVE_NOT_REAL,PLT-D-PBM-C3a-ctrl,neg,101.84
SYNTHETIC_ILLUSTRATIVE_NOT_REAL,PLT-D-PBM-C3a-ctrl,neg,102.61
SYNTHETIC_ILLUSTRATIVE_NOT_REAL,PLT-D-PBM-C3a-ctrl,neg,97.46
SYNTHETIC_ILLUSTRATIVE_NOT_REAL,PLT-D-PBM-C3a-ctrl,pos,10.13
SYNTHETIC_ILLUSTRATIVE_NOT_REAL,PLT-D-PBM-C3a-ctrl,pos,11.25
SYNTHETIC_ILLUSTRATIVE_NOT_REAL,PLT-D-PBM-C3a-ctrl,pos,10.35
SYNTHETIC_ILLUSTRATIVE_NOT_REAL,PLT-D-PBM-C3a-ctrl,pos,9.2
SYNTHETIC_ILLUSTRATIVE_NOT_REAL,PLT-D-PBM-C3a-ctrl,pos,9.23
SYNTHETIC_ILLUSTRATIVE_NOT_REAL,PLT-D-PBM-C3a-ctrl,pos,10.7
SYNTHETIC_ILLUSTRATIVE_NOT_REAL,PLT-D-PBM-C3a-ctrl,pos,11.48
SYNTHETIC_ILLUSTRATIVE_NOT_REAL,PLT-D-PBM-C3a-ctrl,pos,9.15
SYNTHETIC_ILLUSTRATIVE_NOT_REAL,PLT-D-PBM-C5a-ctrl,neg,104.04
SYNTHETIC_ILLUSTRATIVE_NOT_REAL,PLT-D-PBM-C5a-ctrl,neg,102.32
SYNTHETIC_ILLUSTRATIVE_NOT_REAL,PLT-D-PBM-C5a-ctrl,neg,101.67
SYNTHETIC_ILLUSTRATIVE_NOT_REAL,PLT-D-PBM-C5a-ctrl,neg,102.67
SYNTHETIC_ILLUSTRATIVE_NOT_REAL,PLT-D-PBM-C5a-ctrl,neg,97.09
SYNTHETIC_ILLUSTRATIVE_NOT_REAL,PLT-D-PBM-C5a-ctrl,neg,99.29
SYNTHETIC_ILLUSTRATIVE_NOT_REAL,PLT-D-PBM-C5a-ctrl,neg,99.02
SYNTHETIC_ILLUSTRATIVE_NOT_REAL,PLT-D-PBM-C5a-ctrl,neg,102.38
SYNTHETIC_ILLUSTRATIVE_NOT_REAL,PLT-D-PBM-C5a-ctrl,pos,9.08
SYNTHETIC_ILLUSTRATIVE_NOT_REAL,PLT-D-PBM-C5a-ctrl,pos,9.76
SYNTHETIC_ILLUSTRATIVE_NOT_REAL,PLT-D-PBM-C5a-ctrl,pos,11.21
SYNTHETIC_ILLUSTRATIVE_NOT_REAL,PLT-D-PBM-C5a-ctrl,pos,10.52
SYNTHETIC_ILLUSTRATIVE_NOT_REAL,PLT-D-PBM-C5a-ctrl,pos,9.71
SYNTHETIC_ILLUSTRATIVE_NOT_REAL,PLT-D-PBM-C5a-ctrl,pos,11.5
SYNTHETIC_ILLUSTRATIVE_NOT_REAL,PLT-D-PBM-C5a-ctrl,pos,8.96
SYNTHETIC_ILLUSTRATIVE_NOT_REAL,PLT-D-PBM-C5a-ctrl,pos,10.37
SYNTHETIC_ILLUSTRATIVE_NOT_REAL,PLT-D-PBM-C1q-ctrl,neg,99.59
SYNTHETIC_ILLUSTRATIVE_NOT_REAL,PLT-D-PBM-C1q-ctrl,neg,103.4
SYNTHETIC_ILLUSTRATIVE_NOT_REAL,PLT-D-PBM-C1q-ctrl,neg,101.18
SYNTHETIC_ILLUSTRATIVE_NOT_REAL,PLT-D-PBM-C1q-ctrl,neg,98.63
SYNTHETIC_ILLUSTRATIVE_NOT_REAL,PLT-D-PBM-C1q-ctrl,neg,101.16
SYNTHETIC_ILLUSTRATIVE_NOT_REAL,PLT-D-PBM-C1q-ctrl,neg,97.04
SYNTHETIC_ILLUSTRATIVE_NOT_REAL,PLT-D-PBM-C1q-ctrl,neg,102.09
SYNTHETIC_ILLUSTRATIVE_NOT_REAL,PLT-D-PBM-C1q-ctrl,neg,100.53
SYNTHETIC_ILLUSTRATIVE_NOT_REAL,PLT-D-PBM-C1q-ctrl,pos,9.85
SYNTHETIC_ILLUSTRATIVE_NOT_REAL,PLT-D-PBM-C1q-ctrl,pos,10.46
SYNTHETIC_ILLUSTRATIVE_NOT_REAL,PLT-D-PBM-C1q-ctrl,pos,11.15
SYNTHETIC_ILLUSTRATIVE_NOT_REAL,PLT-D-PBM-C1q-ctrl,pos,9.64
SYNTHETIC_ILLUSTRATIVE_NOT_REAL,PLT-D-PBM-C1q-ctrl,pos,9.22
SYNTHETIC_ILLUSTRATIVE_NOT_REAL,PLT-D-PBM-C1q-ctrl,pos,11.68
SYNTHETIC_ILLUSTRATIVE_NOT_REAL,PLT-D-PBM-C1q-ctrl,pos,10.02
SYNTHETIC_ILLUSTRATIVE_NOT_REAL,PLT-D-PBM-C1q-ctrl,pos,11.19
SYNTHETIC_ILLUSTRATIVE_NOT_REAL,PLT-E-PHH-Cel-ctrl,neg,101.11
SYNTHETIC_ILLUSTRATIVE_NOT_REAL,PLT-E-PHH-Cel-ctrl,neg,101.78
SYNTHETIC_ILLUSTRATIVE_NOT_REAL,PLT-E-PHH-Cel-ctrl,neg,98.63
SYNTHETIC_ILLUSTRATIVE_NOT_REAL,PLT-E-PHH-Cel-ctrl,neg,99.43
SYNTHETIC_ILLUSTRATIVE_NOT_REAL,PLT-E-PHH-Cel-ctrl,neg,97.68
SYNTHETIC_ILLUSTRATIVE_NOT_REAL,PLT-E-PHH-Cel-ctrl,neg,98.89
SYNTHETIC_ILLUSTRATIVE_NOT_REAL,PLT-E-PHH-Cel-ctrl,neg,99.21
SYNTHETIC_ILLUSTRATIVE_NOT_REAL,PLT-E-PHH-Cel-ctrl,neg,99.07
SYNTHETIC_ILLUSTRATIVE_NOT_REAL,PLT-E-PHH-Cel-ctrl,pos,10.57
SYNTHETIC_ILLUSTRATIVE_NOT_REAL,PLT-E-PHH-Cel-ctrl,pos,10.34
SYNTHETIC_ILLUSTRATIVE_NOT_REAL,PLT-E-PHH-Cel-ctrl,pos,10.61
SYNTHETIC_ILLUSTRATIVE_NOT_REAL,PLT-E-PHH-Cel-ctrl,pos,10.1
SYNTHETIC_ILLUSTRATIVE_NOT_REAL,PLT-E-PHH-Cel-ctrl,pos,10.86
SYNTHETIC_ILLUSTRATIVE_NOT_REAL,PLT-E-PHH-Cel-ctrl,pos,10.09
SYNTHETIC_ILLUSTRATIVE_NOT_REAL,PLT-E-PHH-Cel-ctrl,pos,10.77
SYNTHETIC_ILLUSTRATIVE_NOT_REAL,PLT-E-PHH-Cel-ctrl,pos,10.4
SYNTHETIC_ILLUSTRATIVE_NOT_REAL,PLT-E-PHH-LDH-ctrl,neg,99.12
SYNTHETIC_ILLUSTRATIVE_NOT_REAL,PLT-E-PHH-LDH-ctrl,neg,100.47
SYNTHETIC_ILLUSTRATIVE_NOT_REAL,PLT-E-PHH-LDH-ctrl,neg,99.51
SYNTHETIC_ILLUSTRATIVE_NOT_REAL,PLT-E-PHH-LDH-ctrl,neg,96.59
SYNTHETIC_ILLUSTRATIVE_NOT_REAL,PLT-E-PHH-LDH-ctrl,neg,99.63
SYNTHETIC_ILLUSTRATIVE_NOT_REAL,PLT-E-PHH-LDH-ctrl,neg,97.15
SYNTHETIC_ILLUSTRATIVE_NOT_REAL,PLT-E-PHH-LDH-ctrl,neg,100.41
SYNTHETIC_ILLUSTRATIVE_NOT_REAL,PLT-E-PHH-LDH-ctrl,neg,99.78
SYNTHETIC_ILLUSTRATIVE_NOT_REAL,PLT-E-PHH-LDH-ctrl,pos,10.91
SYNTHETIC_ILLUSTRATIVE_NOT_REAL,PLT-E-PHH-LDH-ctrl,pos,9.9
SYNTHETIC_ILLUSTRATIVE_NOT_REAL,PLT-E-PHH-LDH-ctrl,pos,10.3
SYNTHETIC_ILLUSTRATIVE_NOT_REAL,PLT-E-PHH-LDH-ctrl,pos,9.76
SYNTHETIC_ILLUSTRATIVE_NOT_REAL,PLT-E-PHH-LDH-ctrl,pos,9.7
SYNTHETIC_ILLUSTRATIVE_NOT_REAL,PLT-E-PHH-LDH-ctrl,pos,8.88
SYNTHETIC_ILLUSTRATIVE_NOT_REAL,PLT-E-PHH-LDH-ctrl,pos,10.79
SYNTHETIC_ILLUSTRATIVE_NOT_REAL,PLT-E-PHH-LDH-ctrl,pos,10.14
SYNTHETIC_ILLUSTRATIVE_NOT_REAL,PLT-E-PHH-ALT-ctrl,neg,97.35
SYNTHETIC_ILLUSTRATIVE_NOT_REAL,PLT-E-PHH-ALT-ctrl,neg,98.6
SYNTHETIC_ILLUSTRATIVE_NOT_REAL,PLT-E-PHH-ALT-ctrl,neg,100.43
SYNTHETIC_ILLUSTRATIVE_NOT_REAL,PLT-E-PHH-ALT-ctrl,neg,100.19
SYNTHETIC_ILLUSTRATIVE_NOT_REAL,PLT-E-PHH-ALT-ctrl,neg,102.13
SYNTHETIC_ILLUSTRATIVE_NOT_REAL,PLT-E-PHH-ALT-ctrl,neg,96.63
SYNTHETIC_ILLUSTRATIVE_NOT_REAL,PLT-E-PHH-ALT-ctrl,neg,99.57
SYNTHETIC_ILLUSTRATIVE_NOT_REAL,PLT-E-PHH-ALT-ctrl,neg,100.8
SYNTHETIC_ILLUSTRATIVE_NOT_REAL,PLT-E-PHH-ALT-ctrl,pos,9.23
SYNTHETIC_ILLUSTRATIVE_NOT_REAL,PLT-E-PHH-ALT-ctrl,pos,10.2
SYNTHETIC_ILLUSTRATIVE_NOT_REAL,PLT-E-PHH-ALT-ctrl,pos,9.68
SYNTHETIC_ILLUSTRATIVE_NOT_REAL,PLT-E-PHH-ALT-ctrl,pos,9.1
SYNTHETIC_ILLUSTRATIVE_NOT_REAL,PLT-E-PHH-ALT-ctrl,pos,10.9
SYNTHETIC_ILLUSTRATIVE_NOT_REAL,PLT-E-PHH-ALT-ctrl,pos,8.89
SYNTHETIC_ILLUSTRATIVE_NOT_REAL,PLT-E-PHH-ALT-ctrl,pos,10.81
SYNTHETIC_ILLUSTRATIVE_NOT_REAL,PLT-E-PHH-ALT-ctrl,pos,9.67
SYNTHETIC_ILLUSTRATIVE_NOT_REAL,PLT-E-PHH-AST-ctrl,neg,99.24
SYNTHETIC_ILLUSTRATIVE_NOT_REAL,PLT-E-PHH-AST-ctrl,neg,101.1
SYNTHETIC_ILLUSTRATIVE_NOT_REAL,PLT-E-PHH-AST-ctrl,neg,100.17
SYNTHETIC_ILLUSTRATIVE_NOT_REAL,PLT-E-PHH-AST-ctrl,neg,97.27
SYNTHETIC_ILLUSTRATIVE_NOT_REAL,PLT-E-PHH-AST-ctrl,neg,95.42
SYNTHETIC_ILLUSTRATIVE_NOT_REAL,PLT-E-PHH-AST-ctrl,neg,102.02
SYNTHETIC_ILLUSTRATIVE_NOT_REAL,PLT-E-PHH-AST-ctrl,neg,98.86
SYNTHETIC_ILLUSTRATIVE_NOT_REAL,PLT-E-PHH-AST-ctrl,neg,102.99
SYNTHETIC_ILLUSTRATIVE_NOT_REAL,PLT-E-PHH-AST-ctrl,pos,10.02
SYNTHETIC_ILLUSTRATIVE_NOT_REAL,PLT-E-PHH-AST-ctrl,pos,9.4
SYNTHETIC_ILLUSTRATIVE_NOT_REAL,PLT-E-PHH-AST-ctrl,pos,10.46
SYNTHETIC_ILLUSTRATIVE_NOT_REAL,PLT-E-PHH-AST-ctrl,pos,9.79
SYNTHETIC_ILLUSTRATIVE_NOT_REAL,PLT-E-PHH-AST-ctrl,pos,9.27
SYNTHETIC_ILLUSTRATIVE_NOT_REAL,PLT-E-PHH-AST-ctrl,pos,10.52
SYNTHETIC_ILLUSTRATIVE_NOT_REAL,PLT-E-PHH-AST-ctrl,pos,10.89
SYNTHETIC_ILLUSTRATIVE_NOT_REAL,PLT-E-PHH-Cas-ctrl,neg,103.06
SYNTHETIC_ILLUSTRATIVE_NOT_REAL,PLT-E-PHH-Cas-ctrl,neg,105.3
SYNTHETIC_ILLUSTRATIVE_NOT_REAL,PLT-E-PHH-Cas-ctrl,neg,100.77
SYNTHETIC_ILLUSTRATIVE_NOT_REAL,PLT-E-PHH-Cas-ctrl,neg,100.83
SYNTHETIC_ILLUSTRATIVE_NOT_REAL,PLT-E-PHH-Cas-ctrl,neg,102.11
SYNTHETIC_ILLUSTRATIVE_NOT_REAL,PLT-E-PHH-Cas-ctrl,neg,100.38
SYNTHETIC_ILLUSTRATIVE_NOT_REAL,PLT-E-PHH-Cas-ctrl,neg,100.63
SYNTHETIC_ILLUSTRATIVE_NOT_REAL,PLT-E-PHH-Cas-ctrl,neg,98.03
SYNTHETIC_ILLUSTRATIVE_NOT_REAL,PLT-E-PHH-Cas-ctrl,pos,10.75
SYNTHETIC_ILLUSTRATIVE_NOT_REAL,PLT-E-PHH-Cas-ctrl,pos,10.11
SYNTHETIC_ILLUSTRATIVE_NOT_REAL,PLT-E-PHH-Cas-ctrl,pos,10.65
SYNTHETIC_ILLUSTRATIVE_NOT_REAL,PLT-E-PHH-Cas-ctrl,pos,9.83
SYNTHETIC_ILLUSTRATIVE_NOT_REAL,PLT-E-PHH-Cas-ctrl,pos,8.58
SYNTHETIC_ILLUSTRATIVE_NOT_REAL,PLT-E-PHH-Cas-ctrl,pos,10.4
SYNTHETIC_ILLUSTRATIVE_NOT_REAL,PLT-E-PHH-Cas-ctrl,pos,10.93
SYNTHETIC_ILLUSTRATIVE_NOT_REAL,PLT-E-PHH-Cas-ctrl,pos,8.98
SYNTHETIC_ILLUSTRATIVE_NOT_REAL,PLT-E-PHH-HMG-ctrl,neg,98.76
SYNTHETIC_ILLUSTRATIVE_NOT_REAL,PLT-E-PHH-HMG-ctrl,neg,100.9
SYNTHETIC_ILLUSTRATIVE_NOT_REAL,PLT-E-PHH-HMG-ctrl,neg,99.48
SYNTHETIC_ILLUSTRATIVE_NOT_REAL,PLT-E-PHH-HMG-ctrl,neg,98.47
SYNTHETIC_ILLUSTRATIVE_NOT_REAL,PLT-E-PHH-HMG-ctrl,neg,101.28
SYNTHETIC_ILLUSTRATIVE_NOT_REAL,PLT-E-PHH-HMG-ctrl,neg,101.05
SYNTHETIC_ILLUSTRATIVE_NOT_REAL,PLT-E-PHH-HMG-ctrl,neg,99.95
SYNTHETIC_ILLUSTRATIVE_NOT_REAL,PLT-E-PHH-HMG-ctrl,neg,98.44
SYNTHETIC_ILLUSTRATIVE_NOT_REAL,PLT-E-PHH-HMG-ctrl,pos,10.7
SYNTHETIC_ILLUSTRATIVE_NOT_REAL,PLT-E-PHH-HMG-ctrl,pos,11.98
SYNTHETIC_ILLUSTRATIVE_NOT_REAL,PLT-E-PHH-HMG-ctrl,pos,9.33
SYNTHETIC_ILLUSTRATIVE_NOT_REAL,PLT-E-PHH-HMG-ctrl,pos,8.75
SYNTHETIC_ILLUSTRATIVE_NOT_REAL,PLT-E-PHH-HMG-ctrl,pos,9.36
SYNTHETIC_ILLUSTRATIVE_NOT_REAL,PLT-E-PHH-HMG-ctrl,pos,9.24
SYNTHETIC_ILLUSTRATIVE_NOT_REAL,PLT-E-PHH-HMG-ctrl,pos,8.97
SYNTHETIC_ILLUSTRATIVE_NOT_REAL,PLT-E-PHH-HMG-ctrl,pos,9.04
SYNTHETIC_ILLUSTRATIVE_NOT_REAL,PLT-E-PHH-ROS-ctrl,neg,99.07
SYNTHETIC_ILLUSTRATIVE_NOT_REAL,PLT-E-PHH-ROS-ctrl,neg,100.07
SYNTHETIC_ILLUSTRATIVE_NOT_REAL,PLT-E-PHH-ROS-ctrl,neg,102.0
SYNTHETIC_ILLUSTRATIVE_NOT_REAL,PLT-E-PHH-ROS-ctrl,neg,103.33
SYNTHETIC_ILLUSTRATIVE_NOT_REAL,PLT-E-PHH-ROS-ctrl,neg,98.88
SYNTHETIC_ILLUSTRATIVE_NOT_REAL,PLT-E-PHH-ROS-ctrl,neg,101.37
SYNTHETIC_ILLUSTRATIVE_NOT_REAL,PLT-E-PHH-ROS-ctrl,neg,99.45
SYNTHETIC_ILLUSTRATIVE_NOT_REAL,PLT-E-PHH-ROS-ctrl,neg,97.81
SYNTHETIC_ILLUSTRATIVE_NOT_REAL,PLT-E-PHH-ROS-ctrl,pos,10.99
SYNTHETIC_ILLUSTRATIVE_NOT_REAL,PLT-E-PHH-ROS-ctrl,pos,10.28
SYNTHETIC_ILLUSTRATIVE_NOT_REAL,PLT-E-PHH-ROS-ctrl,pos,10.08
SYNTHETIC_ILLUSTRATIVE_NOT_REAL,PLT-E-PHH-ROS-ctrl,pos,10.25
SYNTHETIC_ILLUSTRATIVE_NOT_REAL,PLT-E-PHH-ROS-ctrl,pos,9.84
SYNTHETIC_ILLUSTRATIVE_NOT_REAL,PLT-E-PHH-ROS-ctrl,pos,9.13
SYNTHETIC_ILLUSTRATIVE_NOT_REAL,PLT-E-PHH-ROS-ctrl,pos,11.39
SYNTHETIC_ILLUSTRATIVE_NOT_REAL,PLT-E-PHH-ROS-ctrl,pos,10.69
SYNTHETIC_ILLUSTRATIVE_NOT_REAL,PLT-E-PHH-Lip-ctrl,neg,99.15
SYNTHETIC_ILLUSTRATIVE_NOT_REAL,PLT-E-PHH-Lip-ctrl,neg,99.12
SYNTHETIC_ILLUSTRATIVE_NOT_REAL,PLT-E-PHH-Lip-ctrl,neg,97.4
SYNTHETIC_ILLUSTRATIVE_NOT_REAL,PLT-E-PHH-Lip-ctrl,neg,100.34
SYNTHETIC_ILLUSTRATIVE_NOT_REAL,PLT-E-PHH-Lip-ctrl,neg,101.48
SYNTHETIC_ILLUSTRATIVE_NOT_REAL,PLT-E-PHH-Lip-ctrl,neg,99.0
SYNTHETIC_ILLUSTRATIVE_NOT_REAL,PLT-E-PHH-Lip-ctrl,neg,99.55
SYNTHETIC_ILLUSTRATIVE_NOT_REAL,PLT-E-PHH-Lip-ctrl,neg,97.48
SYNTHETIC_ILLUSTRATIVE_NOT_REAL,PLT-E-PHH-Lip-ctrl,pos,11.09
SYNTHETIC_ILLUSTRATIVE_NOT_REAL,PLT-E-PHH-Lip-ctrl,pos,9.47
SYNTHETIC_ILLUSTRATIVE_NOT_REAL,PLT-E-PHH-Lip-ctrl,pos,9.85
SYNTHETIC_ILLUSTRATIVE_NOT_REAL,PLT-E-PHH-Lip-ctrl,pos,11.32
SYNTHETIC_ILLUSTRATIVE_NOT_REAL,PLT-E-PHH-Lip-ctrl,pos,9.79
SYNTHETIC_ILLUSTRATIVE_NOT_REAL,PLT-E-PHH-Lip-ctrl,pos,8.73
SYNTHETIC_ILLUSTRATIVE_NOT_REAL,PLT-E-PHH-Lip-ctrl,pos,9.23
SYNTHETIC_ILLUSTRATIVE_NOT_REAL,PLT-E-PHH-Lip-ctrl,pos,9.68
SYNTHETIC_ILLUSTRATIVE_NOT_REAL,PLT-E-PHH-Mit-ctrl,neg,98.15
SYNTHETIC_ILLUSTRATIVE_NOT_REAL,PLT-E-PHH-Mit-ctrl,neg,97.12
SYNTHETIC_ILLUSTRATIVE_NOT_REAL,PLT-E-PHH-Mit-ctrl,neg,100.02
SYNTHETIC_ILLUSTRATIVE_NOT_REAL,PLT-E-PHH-Mit-ctrl,neg,101.86
SYNTHETIC_ILLUSTRATIVE_NOT_REAL,PLT-E-PHH-Mit-ctrl,neg,96.67
SYNTHETIC_ILLUSTRATIVE_NOT_REAL,PLT-E-PHH-Mit-ctrl,neg,101.77
SYNTHETIC_ILLUSTRATIVE_NOT_REAL,PLT-E-PHH-Mit-ctrl,neg,101.7
SYNTHETIC_ILLUSTRATIVE_NOT_REAL,PLT-E-PHH-Mit-ctrl,neg,98.94
SYNTHETIC_ILLUSTRATIVE_NOT_REAL,PLT-E-PHH-Mit-ctrl,pos,10.12
SYNTHETIC_ILLUSTRATIVE_NOT_REAL,PLT-E-PHH-Mit-ctrl,pos,9.76
SYNTHETIC_ILLUSTRATIVE_NOT_REAL,PLT-E-PHH-Mit-ctrl,pos,10.05
SYNTHETIC_ILLUSTRATIVE_NOT_REAL,PLT-E-PHH-Mit-ctrl,pos,10.64
SYNTHETIC_ILLUSTRATIVE_NOT_REAL,PLT-E-PHH-Mit-ctrl,pos,9.33
SYNTHETIC_ILLUSTRATIVE_NOT_REAL,PLT-E-PHH-Mit-ctrl,pos,10.83
SYNTHETIC_ILLUSTRATIVE_NOT_REAL,PLT-E-PHH-Mit-ctrl,pos,10.69
SYNTHETIC_ILLUSTRATIVE_NOT_REAL,PLT-E-PHH-Mit-ctrl,pos,10.72
SYNTHETIC_ILLUSTRATIVE_NOT_REAL,PLT-E-PHH-Bil-ctrl,neg,102.81
SYNTHETIC_ILLUSTRATIVE_NOT_REAL,PLT-E-PHH-Bil-ctrl,neg,103.63
SYNTHETIC_ILLUSTRATIVE_NOT_REAL,PLT-E-PHH-Bil-ctrl,neg,100.4
SYNTHETIC_ILLUSTRATIVE_NOT_REAL,PLT-E-PHH-Bil-ctrl,neg,99.75
SYNTHETIC_ILLUSTRATIVE_NOT_REAL,PLT-E-PHH-Bil-ctrl,neg,103.4
SYNTHETIC_ILLUSTRATIVE_NOT_REAL,PLT-E-PHH-Bil-ctrl,neg,100.97
SYNTHETIC_ILLUSTRATIVE_NOT_REAL,PLT-E-PHH-Bil-ctrl,neg,98.61
SYNTHETIC_ILLUSTRATIVE_NOT_REAL,PLT-E-PHH-Bil-ctrl,neg,97.22
SYNTHETIC_ILLUSTRATIVE_NOT_REAL,PLT-E-PHH-Bil-ctrl,pos,9.51
SYNTHETIC_ILLUSTRATIVE_NOT_REAL,PLT-E-PHH-Bil-ctrl,pos,11.79
SYNTHETIC_ILLUSTRATIVE_NOT_REAL,PLT-E-PHH-Bil-ctrl,pos,12.36
SYNTHETIC_ILLUSTRATIVE_NOT_REAL,PLT-E-PHH-Bil-ctrl,pos,9.99
SYNTHETIC_ILLUSTRATIVE_NOT_REAL,PLT-E-PHH-Bil-ctrl,pos,9.82
SYNTHETIC_ILLUSTRATIVE_NOT_REAL,PLT-E-PHH-Bil-ctrl,pos,11.08
SYNTHETIC_ILLUSTRATIVE_NOT_REAL,PLT-E-PHH-Bil-ctrl,pos,9.79
SYNTHETIC_ILLUSTRATIVE_NOT_REAL,PLT-E-PHH-Gen-ctrl,neg,96.77
SYNTHETIC_ILLUSTRATIVE_NOT_REAL,PLT-E-PHH-Gen-ctrl,neg,100.85
SYNTHETIC_ILLUSTRATIVE_NOT_REAL,PLT-E-PHH-Gen-ctrl,neg,102.94
SYNTHETIC_ILLUSTRATIVE_NOT_REAL,PLT-E-PHH-Gen-ctrl,neg,100.58
SYNTHETIC_ILLUSTRATIVE_NOT_REAL,PLT-E-PHH-Gen-ctrl,neg,102.23
SYNTHETIC_ILLUSTRATIVE_NOT_REAL,PLT-E-PHH-Gen-ctrl,neg,99.93
SYNTHETIC_ILLUSTRATIVE_NOT_REAL,PLT-E-PHH-Gen-ctrl,neg,101.44
SYNTHETIC_ILLUSTRATIVE_NOT_REAL,PLT-E-PHH-Gen-ctrl,neg,98.08
SYNTHETIC_ILLUSTRATIVE_NOT_REAL,PLT-E-PHH-Gen-ctrl,pos,10.65
SYNTHETIC_ILLUSTRATIVE_NOT_REAL,PLT-E-PHH-Gen-ctrl,pos,8.87
SYNTHETIC_ILLUSTRATIVE_NOT_REAL,PLT-E-PHH-Gen-ctrl,pos,11.06
SYNTHETIC_ILLUSTRATIVE_NOT_REAL,PLT-E-PHH-Gen-ctrl,pos,8.76
SYNTHETIC_ILLUSTRATIVE_NOT_REAL,PLT-E-PHH-Gen-ctrl,pos,8.26
SYNTHETIC_ILLUSTRATIVE_NOT_REAL,PLT-E-PHH-Gen-ctrl,pos,10.44
SYNTHETIC_ILLUSTRATIVE_NOT_REAL,PLT-E-PHH-Gen-ctrl,pos,9.86
SYNTHETIC_ILLUSTRATIVE_NOT_REAL,PLT-E-PHH-Gen-ctrl,pos,10.09
SYNTHETIC_ILLUSTRATIVE_NOT_REAL,PLT-E-PHH-RNA-ctrl,neg,102.37
SYNTHETIC_ILLUSTRATIVE_NOT_REAL,PLT-E-PHH-RNA-ctrl,neg,99.29
SYNTHETIC_ILLUSTRATIVE_NOT_REAL,PLT-E-PHH-RNA-ctrl,neg,100.49
SYNTHETIC_ILLUSTRATIVE_NOT_REAL,PLT-E-PHH-RNA-ctrl,neg,101.55
SYNTHETIC_ILLUSTRATIVE_NOT_REAL,PLT-E-PHH-RNA-ctrl,neg,101.85
SYNTHETIC_ILLUSTRATIVE_NOT_REAL,PLT-E-PHH-RNA-ctrl,neg,101.39
SYNTHETIC_ILLUSTRATIVE_NOT_REAL,PLT-E-PHH-RNA-ctrl,neg,98.87
SYNTHETIC_ILLUSTRATIVE_NOT_REAL,PLT-E-PHH-RNA-ctrl,neg,97.75
SYNTHETIC_ILLUSTRATIVE_NOT_REAL,PLT-E-PHH-RNA-ctrl,pos,9.36
SYNTHETIC_ILLUSTRATIVE_NOT_REAL,PLT-E-PHH-RNA-ctrl,pos,9.61
SYNTHETIC_ILLUSTRATIVE_NOT_REAL,PLT-E-PHH-RNA-ctrl,pos,10.0
SYNTHETIC_ILLUSTRATIVE_NOT_REAL,PLT-E-PHH-RNA-ctrl,pos,9.93
SYNTHETIC_ILLUSTRATIVE_NOT_REAL,PLT-E-PHH-RNA-ctrl,pos,10.9
SYNTHETIC_ILLUSTRATIVE_NOT_REAL,PLT-E-PHH-RNA-ctrl,pos,9.92
SYNTHETIC_ILLUSTRATIVE_NOT_REAL,PLT-E-PHH-RNA-ctrl,pos,11.47
SYNTHETIC_ILLUSTRATIVE_NOT_REAL,PLT-E-PHH-RNA-ctrl,pos,10.84
SYNTHETIC_ILLUSTRATIVE_NOT_REAL,PLT-E-PBM-IFN-ctrl,neg,97.61
SYNTHETIC_ILLUSTRATIVE_NOT_REAL,PLT-E-PBM-IFN-ctrl,neg,100.73
SYNTHETIC_ILLUSTRATIVE_NOT_REAL,PLT-E-PBM-IFN-ctrl,neg,104.43
SYNTHETIC_ILLUSTRATIVE_NOT_REAL,PLT-E-PBM-IFN-ctrl,neg,98.54
SYNTHETIC_ILLUSTRATIVE_NOT_REAL,PLT-E-PBM-IFN-ctrl,neg,102.71
SYNTHETIC_ILLUSTRATIVE_NOT_REAL,PLT-E-PBM-IFN-ctrl,neg,102.9
SYNTHETIC_ILLUSTRATIVE_NOT_REAL,PLT-E-PBM-IFN-ctrl,neg,100.69
SYNTHETIC_ILLUSTRATIVE_NOT_REAL,PLT-E-PBM-IFN-ctrl,neg,96.22
SYNTHETIC_ILLUSTRATIVE_NOT_REAL,PLT-E-PBM-IFN-ctrl,pos,11.16
SYNTHETIC_ILLUSTRATIVE_NOT_REAL,PLT-E-PBM-IFN-ctrl,pos,10.07
SYNTHETIC_ILLUSTRATIVE_NOT_REAL,PLT-E-PBM-IFN-ctrl,pos,9.55
SYNTHETIC_ILLUSTRATIVE_NOT_REAL,PLT-E-PBM-IFN-ctrl,pos,11.04
SYNTHETIC_ILLUSTRATIVE_NOT_REAL,PLT-E-PBM-IFN-ctrl,pos,9.41
SYNTHETIC_ILLUSTRATIVE_NOT_REAL,PLT-E-PBM-IFN-ctrl,pos,10.87
SYNTHETIC_ILLUSTRATIVE_NOT_REAL,PLT-E-PBM-IFN-ctrl,pos,10.44
SYNTHETIC_ILLUSTRATIVE_NOT_REAL,PLT-E-PBM-IFN-ctrl,neg,100.75
SYNTHETIC_ILLUSTRATIVE_NOT_REAL,PLT-E-PBM-IFN-ctrl,neg,102.88
SYNTHETIC_ILLUSTRATIVE_NOT_REAL,PLT-E-PBM-IFN-ctrl,neg,102.97
SYNTHETIC_ILLUSTRATIVE_NOT_REAL,PLT-E-PBM-IFN-ctrl,neg,101.16
SYNTHETIC_ILLUSTRATIVE_NOT_REAL,PLT-E-PBM-IFN-ctrl,neg,101.17
SYNTHETIC_ILLUSTRATIVE_NOT_REAL,PLT-E-PBM-IFN-ctrl,neg,98.52
SYNTHETIC_ILLUSTRATIVE_NOT_REAL,PLT-E-PBM-IFN-ctrl,neg,99.83
SYNTHETIC_ILLUSTRATIVE_NOT_REAL,PLT-E-PBM-IFN-ctrl,neg,98.77
SYNTHETIC_ILLUSTRATIVE_NOT_REAL,PLT-E-PBM-IFN-ctrl,pos,10.03
SYNTHETIC_ILLUSTRATIVE_NOT_REAL,PLT-E-PBM-IFN-ctrl,pos,9.43
SYNTHETIC_ILLUSTRATIVE_NOT_REAL,PLT-E-PBM-IFN-ctrl,pos,11.03
SYNTHETIC_ILLUSTRATIVE_NOT_REAL,PLT-E-PBM-IFN-ctrl,pos,10.62
SYNTHETIC_ILLUSTRATIVE_NOT_REAL,PLT-E-PBM-IFN-ctrl,pos,9.91
SYNTHETIC_ILLUSTRATIVE_NOT_REAL,PLT-E-PBM-IFN-ctrl,pos,8.64
SYNTHETIC_ILLUSTRATIVE_NOT_REAL,PLT-E-PBM-IFN-ctrl,pos,10.56
SYNTHETIC_ILLUSTRATIVE_NOT_REAL,PLT-E-PBM-IFN-ctrl,pos,10.72
SYNTHETIC_ILLUSTRATIVE_NOT_REAL,PLT-E-PBM-IL1-ctrl,neg,98.67
SYNTHETIC_ILLUSTRATIVE_NOT_REAL,PLT-E-PBM-IL1-ctrl,neg,101.27
SYNTHETIC_ILLUSTRATIVE_NOT_REAL,PLT-E-PBM-IL1-ctrl,neg,101.89
SYNTHETIC_ILLUSTRATIVE_NOT_REAL,PLT-E-PBM-IL1-ctrl,neg,102.18
SYNTHETIC_ILLUSTRATIVE_NOT_REAL,PLT-E-PBM-IL1-ctrl,neg,99.78
SYNTHETIC_ILLUSTRATIVE_NOT_REAL,PLT-E-PBM-IL1-ctrl,neg,99.9
SYNTHETIC_ILLUSTRATIVE_NOT_REAL,PLT-E-PBM-IL1-ctrl,neg,96.65
SYNTHETIC_ILLUSTRATIVE_NOT_REAL,PLT-E-PBM-IL1-ctrl,neg,100.05
SYNTHETIC_ILLUSTRATIVE_NOT_REAL,PLT-E-PBM-IL1-ctrl,pos,10.23
SYNTHETIC_ILLUSTRATIVE_NOT_REAL,PLT-E-PBM-IL1-ctrl,pos,11.15
SYNTHETIC_ILLUSTRATIVE_NOT_REAL,PLT-E-PBM-IL1-ctrl,pos,8.97
SYNTHETIC_ILLUSTRATIVE_NOT_REAL,PLT-E-PBM-IL1-ctrl,pos,9.31
SYNTHETIC_ILLUSTRATIVE_NOT_REAL,PLT-E-PBM-IL1-ctrl,pos,9.19
SYNTHETIC_ILLUSTRATIVE_NOT_REAL,PLT-E-PBM-IL1-ctrl,pos,10.73
SYNTHETIC_ILLUSTRATIVE_NOT_REAL,PLT-E-PBM-IL1-ctrl,pos,7.95
SYNTHETIC_ILLUSTRATIVE_NOT_REAL,PLT-E-PBM-IL1-ctrl,pos,9.12
SYNTHETIC_ILLUSTRATIVE_NOT_REAL,PLT-E-PBM-IL6-ctrl,neg,99.08
SYNTHETIC_ILLUSTRATIVE_NOT_REAL,PLT-E-PBM-IL6-ctrl,neg,98.53
SYNTHETIC_ILLUSTRATIVE_NOT_REAL,PLT-E-PBM-IL6-ctrl,neg,100.27
SYNTHETIC_ILLUSTRATIVE_NOT_REAL,PLT-E-PBM-IL6-ctrl,neg,96.4
SYNTHETIC_ILLUSTRATIVE_NOT_REAL,PLT-E-PBM-IL6-ctrl,neg,101.51
SYNTHETIC_ILLUSTRATIVE_NOT_REAL,PLT-E-PBM-IL6-ctrl,neg,101.56
SYNTHETIC_ILLUSTRATIVE_NOT_REAL,PLT-E-PBM-IL6-ctrl,neg,100.72
SYNTHETIC_ILLUSTRATIVE_NOT_REAL,PLT-E-PBM-IL6-ctrl,neg,99.34
SYNTHETIC_ILLUSTRATIVE_NOT_REAL,PLT-E-PBM-IL6-ctrl,pos,10.01
SYNTHETIC_ILLUSTRATIVE_NOT_REAL,PLT-E-PBM-IL6-ctrl,pos,9.63
SYNTHETIC_ILLUSTRATIVE_NOT_REAL,PLT-E-PBM-IL6-ctrl,pos,10.92
SYNTHETIC_ILLUSTRATIVE_NOT_REAL,PLT-E-PBM-IL6-ctrl,pos,10.41
SYNTHETIC_ILLUSTRATIVE_NOT_REAL,PLT-E-PBM-IL6-ctrl,pos,11.61
SYNTHETIC_ILLUSTRATIVE_NOT_REAL,PLT-E-PBM-IL6-ctrl,pos,9.71
SYNTHETIC_ILLUSTRATIVE_NOT_REAL,PLT-E-PBM-IL6-ctrl,pos,11.17
SYNTHETIC_ILLUSTRATIVE_NOT_REAL,PLT-E-PBM-IL6-ctrl,pos,9.54
SYNTHETIC_ILLUSTRATIVE_NOT_REAL,PLT-E-PBM-IL8-ctrl,neg,101.33
SYNTHETIC_ILLUSTRATIVE_NOT_REAL,PLT-E-PBM-IL8-ctrl,neg,99.63
SYNTHETIC_ILLUSTRATIVE_NOT_REAL,PLT-E-PBM-IL8-ctrl,neg,98.28
SYNTHETIC_ILLUSTRATIVE_NOT_REAL,PLT-E-PBM-IL8-ctrl,neg,98.0
SYNTHETIC_ILLUSTRATIVE_NOT_REAL,PLT-E-PBM-IL8-ctrl,neg,98.45
SYNTHETIC_ILLUSTRATIVE_NOT_REAL,PLT-E-PBM-IL8-ctrl,neg,102.88
SYNTHETIC_ILLUSTRATIVE_NOT_REAL,PLT-E-PBM-IL8-ctrl,neg,100.59
SYNTHETIC_ILLUSTRATIVE_NOT_REAL,PLT-E-PBM-IL8-ctrl,neg,99.71
SYNTHETIC_ILLUSTRATIVE_NOT_REAL,PLT-E-PBM-IL8-ctrl,pos,10.02
SYNTHETIC_ILLUSTRATIVE_NOT_REAL,PLT-E-PBM-IL8-ctrl,pos,9.56
SYNTHETIC_ILLUSTRATIVE_NOT_REAL,PLT-E-PBM-IL8-ctrl,pos,9.98
SYNTHETIC_ILLUSTRATIVE_NOT_REAL,PLT-E-PBM-IL8-ctrl,pos,9.97
SYNTHETIC_ILLUSTRATIVE_NOT_REAL,PLT-E-PBM-IL8-ctrl,pos,10.53
SYNTHETIC_ILLUSTRATIVE_NOT_REAL,PLT-E-PBM-IL8-ctrl,pos,10.74
SYNTHETIC_ILLUSTRATIVE_NOT_REAL,PLT-E-PBM-IL8-ctrl,pos,8.7
SYNTHETIC_ILLUSTRATIVE_NOT_REAL,PLT-E-PBM-IL8-ctrl,pos,10.19
SYNTHETIC_ILLUSTRATIVE_NOT_REAL,PLT-E-PBM-IL1-ctrl,neg,101.23
SYNTHETIC_ILLUSTRATIVE_NOT_REAL,PLT-E-PBM-IL1-ctrl,neg,100.74
SYNTHETIC_ILLUSTRATIVE_NOT_REAL,PLT-E-PBM-IL1-ctrl,neg,94.03
SYNTHETIC_ILLUSTRATIVE_NOT_REAL,PLT-E-PBM-IL1-ctrl,neg,98.6
SYNTHETIC_ILLUSTRATIVE_NOT_REAL,PLT-E-PBM-IL1-ctrl,neg,99.89
SYNTHETIC_ILLUSTRATIVE_NOT_REAL,PLT-E-PBM-IL1-ctrl,neg,102.9
SYNTHETIC_ILLUSTRATIVE_NOT_REAL,PLT-E-PBM-IL1-ctrl,neg,98.4
SYNTHETIC_ILLUSTRATIVE_NOT_REAL,PLT-E-PBM-IL1-ctrl,neg,100.48
SYNTHETIC_ILLUSTRATIVE_NOT_REAL,PLT-E-PBM-IL1-ctrl,pos,9.98
SYNTHETIC_ILLUSTRATIVE_NOT_REAL,PLT-E-PBM-IL1-ctrl,pos,10.32
SYNTHETIC_ILLUSTRATIVE_NOT_REAL,PLT-E-PBM-IL1-ctrl,pos,9.71
SYNTHETIC_ILLUSTRATIVE_NOT_REAL,PLT-E-PBM-IL1-ctrl,pos,10.74
SYNTHETIC_ILLUSTRATIVE_NOT_REAL,PLT-E-PBM-IL1-ctrl,pos,10.8
SYNTHETIC_ILLUSTRATIVE_NOT_REAL,PLT-E-PBM-IL1-ctrl,pos,8.94
SYNTHETIC_ILLUSTRATIVE_NOT_REAL,PLT-E-PBM-IL1-ctrl,pos,10.92
SYNTHETIC_ILLUSTRATIVE_NOT_REAL,PLT-E-PBM-IL1-ctrl,pos,9.43
SYNTHETIC_ILLUSTRATIVE_NOT_REAL,PLT-E-PBM-IL1-ctrl,neg,94.46
SYNTHETIC_ILLUSTRATIVE_NOT_REAL,PLT-E-PBM-IL1-ctrl,neg,103.16
SYNTHETIC_ILLUSTRATIVE_NOT_REAL,PLT-E-PBM-IL1-ctrl,neg,101.03
SYNTHETIC_ILLUSTRATIVE_NOT_REAL,PLT-E-PBM-IL1-ctrl,neg,96.95
SYNTHETIC_ILLUSTRATIVE_NOT_REAL,PLT-E-PBM-IL1-ctrl,neg,99.4
SYNTHETIC_ILLUSTRATIVE_NOT_REAL,PLT-E-PBM-IL1-ctrl,neg,101.44
SYNTHETIC_ILLUSTRATIVE_NOT_REAL,PLT-E-PBM-IL1-ctrl,neg,97.8
SYNTHETIC_ILLUSTRATIVE_NOT_REAL,PLT-E-PBM-IL1-ctrl,neg,101.31
SYNTHETIC_ILLUSTRATIVE_NOT_REAL,PLT-E-PBM-IL1-ctrl,pos,11.77
SYNTHETIC_ILLUSTRATIVE_NOT_REAL,PLT-E-PBM-IL1-ctrl,pos,11.19
SYNTHETIC_ILLUSTRATIVE_NOT_REAL,PLT-E-PBM-IL1-ctrl,pos,10.06
SYNTHETIC_ILLUSTRATIVE_NOT_REAL,PLT-E-PBM-IL1-ctrl,pos,10.34
SYNTHETIC_ILLUSTRATIVE_NOT_REAL,PLT-E-PBM-IL1-ctrl,pos,9.33
SYNTHETIC_ILLUSTRATIVE_NOT_REAL,PLT-E-PBM-IL1-ctrl,pos,10.19
SYNTHETIC_ILLUSTRATIVE_NOT_REAL,PLT-E-PBM-IL1-ctrl,pos,9.82
SYNTHETIC_ILLUSTRATIVE_NOT_REAL,PLT-E-PBM-IL1-ctrl,pos,9.29
SYNTHETIC_ILLUSTRATIVE_NOT_REAL,PLT-E-PBM-TNF-ctrl,neg,101.6
SYNTHETIC_ILLUSTRATIVE_NOT_REAL,PLT-E-PBM-TNF-ctrl,neg,102.45
SYNTHETIC_ILLUSTRATIVE_NOT_REAL,PLT-E-PBM-TNF-ctrl,neg,98.53
SYNTHETIC_ILLUSTRATIVE_NOT_REAL,PLT-E-PBM-TNF-ctrl,neg,98.15
SYNTHETIC_ILLUSTRATIVE_NOT_REAL,PLT-E-PBM-TNF-ctrl,neg,99.2
SYNTHETIC_ILLUSTRATIVE_NOT_REAL,PLT-E-PBM-TNF-ctrl,neg,101.37
SYNTHETIC_ILLUSTRATIVE_NOT_REAL,PLT-E-PBM-TNF-ctrl,neg,99.83
SYNTHETIC_ILLUSTRATIVE_NOT_REAL,PLT-E-PBM-TNF-ctrl,pos,10.02
SYNTHETIC_ILLUSTRATIVE_NOT_REAL,PLT-E-PBM-TNF-ctrl,pos,10.35
SYNTHETIC_ILLUSTRATIVE_NOT_REAL,PLT-E-PBM-TNF-ctrl,pos,9.64
SYNTHETIC_ILLUSTRATIVE_NOT_REAL,PLT-E-PBM-TNF-ctrl,pos,10.89
SYNTHETIC_ILLUSTRATIVE_NOT_REAL,PLT-E-PBM-TNF-ctrl,pos,8.55
SYNTHETIC_ILLUSTRATIVE_NOT_REAL,PLT-E-PBM-TNF-ctrl,pos,10.2
SYNTHETIC_ILLUSTRATIVE_NOT_REAL,PLT-E-PBM-TNF-ctrl,pos,10.41
SYNTHETIC_ILLUSTRATIVE_NOT_REAL,PLT-E-PBM-TNF-ctrl,pos,9.4
SYNTHETIC_ILLUSTRATIVE_NOT_REAL,PLT-E-PBM-MCP-ctrl,neg,102.33
SYNTHETIC_ILLUSTRATIVE_NOT_REAL,PLT-E-PBM-MCP-ctrl,neg,100.38
SYNTHETIC_ILLUSTRATIVE_NOT_REAL,PLT-E-PBM-MCP-ctrl,neg,100.2
SYNTHETIC_ILLUSTRATIVE_NOT_REAL,PLT-E-PBM-MCP-ctrl,neg,99.3
SYNTHETIC_ILLUSTRATIVE_NOT_REAL,PLT-E-PBM-MCP-ctrl,neg,100.07
SYNTHETIC_ILLUSTRATIVE_NOT_REAL,PLT-E-PBM-MCP-ctrl,neg,101.29
SYNTHETIC_ILLUSTRATIVE_NOT_REAL,PLT-E-PBM-MCP-ctrl,neg,99.47
SYNTHETIC_ILLUSTRATIVE_NOT_REAL,PLT-E-PBM-MCP-ctrl,neg,96.63
SYNTHETIC_ILLUSTRATIVE_NOT_REAL,PLT-E-PBM-MCP-ctrl,pos,10.11
SYNTHETIC_ILLUSTRATIVE_NOT_REAL,PLT-E-PBM-MCP-ctrl,pos,9.86
SYNTHETIC_ILLUSTRATIVE_NOT_REAL,PLT-E-PBM-MCP-ctrl,pos,10.35
SYNTHETIC_ILLUSTRATIVE_NOT_REAL,PLT-E-PBM-MCP-ctrl,pos,10.01
SYNTHETIC_ILLUSTRATIVE_NOT_REAL,PLT-E-PBM-MCP-ctrl,pos,11.22
SYNTHETIC_ILLUSTRATIVE_NOT_REAL,PLT-E-PBM-MCP-ctrl,pos,9.03
SYNTHETIC_ILLUSTRATIVE_NOT_REAL,PLT-E-PBM-MCP-ctrl,pos,9.21
SYNTHETIC_ILLUSTRATIVE_NOT_REAL,PLT-E-PBM-MCP-ctrl,pos,10.5
SYNTHETIC_ILLUSTRATIVE_NOT_REAL,PLT-E-PBM-IP1-ctrl,neg,102.68
SYNTHETIC_ILLUSTRATIVE_NOT_REAL,PLT-E-PBM-IP1-ctrl,neg,100.51
SYNTHETIC_ILLUSTRATIVE_NOT_REAL,PLT-E-PBM-IP1-ctrl,neg,99.28
SYNTHETIC_ILLUSTRATIVE_NOT_REAL,PLT-E-PBM-IP1-ctrl,neg,102.37
SYNTHETIC_ILLUSTRATIVE_NOT_REAL,PLT-E-PBM-IP1-ctrl,neg,98.87
SYNTHETIC_ILLUSTRATIVE_NOT_REAL,PLT-E-PBM-IP1-ctrl,neg,99.93
SYNTHETIC_ILLUSTRATIVE_NOT_REAL,PLT-E-PBM-IP1-ctrl,neg,99.75
SYNTHETIC_ILLUSTRATIVE_NOT_REAL,PLT-E-PBM-IP1-ctrl,neg,98.83
SYNTHETIC_ILLUSTRATIVE_NOT_REAL,PLT-E-PBM-IP1-ctrl,pos,9.68
SYNTHETIC_ILLUSTRATIVE_NOT_REAL,PLT-E-PBM-IP1-ctrl,pos,10.04
SYNTHETIC_ILLUSTRATIVE_NOT_REAL,PLT-E-PBM-IP1-ctrl,pos,8.87
SYNTHETIC_ILLUSTRATIVE_NOT_REAL,PLT-E-PBM-IP1-ctrl,pos,9.67
SYNTHETIC_ILLUSTRATIVE_NOT_REAL,PLT-E-PBM-IP1-ctrl,pos,10.16
SYNTHETIC_ILLUSTRATIVE_NOT_REAL,PLT-E-PBM-IP1-ctrl,pos,10.18
SYNTHETIC_ILLUSTRATIVE_NOT_REAL,PLT-E-PBM-IP1-ctrl,pos,10.2
SYNTHETIC_ILLUSTRATIVE_NOT_REAL,PLT-E-PBM-IP1-ctrl,pos,11.77
SYNTHETIC_ILLUSTRATIVE_NOT_REAL,PLT-E-PBM-GM_-ctrl,neg,100.94
SYNTHETIC_ILLUSTRATIVE_NOT_REAL,PLT-E-PBM-GM_-ctrl,neg,99.0
SYNTHETIC_ILLUSTRATIVE_NOT_REAL,PLT-E-PBM-GM_-ctrl,neg,98.23
SYNTHETIC_ILLUSTRATIVE_NOT_REAL,PLT-E-PBM-GM_-ctrl,neg,99.99
SYNTHETIC_ILLUSTRATIVE_NOT_REAL,PLT-E-PBM-GM_-ctrl,neg,98.73
SYNTHETIC_ILLUSTRATIVE_NOT_REAL,PLT-E-PBM-GM_-ctrl,neg,104.17
SYNTHETIC_ILLUSTRATIVE_NOT_REAL,PLT-E-PBM-GM_-ctrl,neg,94.66
SYNTHETIC_ILLUSTRATIVE_NOT_REAL,PLT-E-PBM-GM_-ctrl,neg,100.05
SYNTHETIC_ILLUSTRATIVE_NOT_REAL,PLT-E-PBM-GM_-ctrl,pos,8.1
SYNTHETIC_ILLUSTRATIVE_NOT_REAL,PLT-E-PBM-GM_-ctrl,pos,10.76
SYNTHETIC_ILLUSTRATIVE_NOT_REAL,PLT-E-PBM-GM_-ctrl,pos,9.36
SYNTHETIC_ILLUSTRATIVE_NOT_REAL,PLT-E-PBM-GM_-ctrl,pos,11.19
SYNTHETIC_ILLUSTRATIVE_NOT_REAL,PLT-E-PBM-GM_-ctrl,pos,9.56
SYNTHETIC_ILLUSTRATIVE_NOT_REAL,PLT-E-PBM-GM_-ctrl,pos,10.79
SYNTHETIC_ILLUSTRATIVE_NOT_REAL,PLT-E-PBM-GM_-ctrl,pos,10.12
SYNTHETIC_ILLUSTRATIVE_NOT_REAL,PLT-E-PBM-GM_-ctrl,pos,10.87
SYNTHETIC_ILLUSTRATIVE_NOT_REAL,PLT-E-PBM-IL4-ctrl,neg,99.39
SYNTHETIC_ILLUSTRATIVE_NOT_REAL,PLT-E-PBM-IL4-ctrl,neg,101.59
SYNTHETIC_ILLUSTRATIVE_NOT_REAL,PLT-E-PBM-IL4-ctrl,neg,97.52
SYNTHETIC_ILLUSTRATIVE_NOT_REAL,PLT-E-PBM-IL4-ctrl,neg,99.6
SYNTHETIC_ILLUSTRATIVE_NOT_REAL,PLT-E-PBM-IL4-ctrl,neg,100.48
SYNTHETIC_ILLUSTRATIVE_NOT_REAL,PLT-E-PBM-IL4-ctrl,neg,99.07
SYNTHETIC_ILLUSTRATIVE_NOT_REAL,PLT-E-PBM-IL4-ctrl,neg,101.98
SYNTHETIC_ILLUSTRATIVE_NOT_REAL,PLT-E-PBM-IL4-ctrl,neg,97.79
SYNTHETIC_ILLUSTRATIVE_NOT_REAL,PLT-E-PBM-IL4-ctrl,pos,9.04
SYNTHETIC_ILLUSTRATIVE_NOT_REAL,PLT-E-PBM-IL4-ctrl,pos,9.72
SYNTHETIC_ILLUSTRATIVE_NOT_REAL,PLT-E-PBM-IL4-ctrl,pos,10.62
SYNTHETIC_ILLUSTRATIVE_NOT_REAL,PLT-E-PBM-IL4-ctrl,pos,9.75
SYNTHETIC_ILLUSTRATIVE_NOT_REAL,PLT-E-PBM-IL4-ctrl,pos,9.53
SYNTHETIC_ILLUSTRATIVE_NOT_REAL,PLT-E-PBM-IL4-ctrl,pos,10.6
SYNTHETIC_ILLUSTRATIVE_NOT_REAL,PLT-E-PBM-IL4-ctrl,pos,10.16
SYNTHETIC_ILLUSTRATIVE_NOT_REAL,PLT-E-PBM-IL4-ctrl,pos,9.58
SYNTHETIC_ILLUSTRATIVE_NOT_REAL,PLT-E-PBM-IL1-ctrl,neg,97.75
SYNTHETIC_ILLUSTRATIVE_NOT_REAL,PLT-E-PBM-IL1-ctrl,neg,96.51
SYNTHETIC_ILLUSTRATIVE_NOT_REAL,PLT-E-PBM-IL1-ctrl,neg,100.25
SYNTHETIC_ILLUSTRATIVE_NOT_REAL,PLT-E-PBM-IL1-ctrl,neg,102.73
SYNTHETIC_ILLUSTRATIVE_NOT_REAL,PLT-E-PBM-IL1-ctrl,neg,99.02
SYNTHETIC_ILLUSTRATIVE_NOT_REAL,PLT-E-PBM-IL1-ctrl,neg,99.86
SYNTHETIC_ILLUSTRATIVE_NOT_REAL,PLT-E-PBM-IL1-ctrl,neg,98.0
SYNTHETIC_ILLUSTRATIVE_NOT_REAL,PLT-E-PBM-IL1-ctrl,neg,99.82
SYNTHETIC_ILLUSTRATIVE_NOT_REAL,PLT-E-PBM-IL1-ctrl,pos,9.2
SYNTHETIC_ILLUSTRATIVE_NOT_REAL,PLT-E-PBM-IL1-ctrl,pos,9.21
SYNTHETIC_ILLUSTRATIVE_NOT_REAL,PLT-E-PBM-IL1-ctrl,pos,8.85
SYNTHETIC_ILLUSTRATIVE_NOT_REAL,PLT-E-PBM-IL1-ctrl,pos,9.56
SYNTHETIC_ILLUSTRATIVE_NOT_REAL,PLT-E-PBM-IL1-ctrl,pos,11.42
SYNTHETIC_ILLUSTRATIVE_NOT_REAL,PLT-E-PBM-IL1-ctrl,pos,9.94
SYNTHETIC_ILLUSTRATIVE_NOT_REAL,PLT-E-PBM-IL1-ctrl,pos,10.13
SYNTHETIC_ILLUSTRATIVE_NOT_REAL,PLT-E-PBM-IL1-ctrl,pos,11.7
SYNTHETIC_ILLUSTRATIVE_NOT_REAL,PLT-E-PBM-TLR-ctrl,neg,99.58
SYNTHETIC_ILLUSTRATIVE_NOT_REAL,PLT-E-PBM-TLR-ctrl,neg,101.9
SYNTHETIC_ILLUSTRATIVE_NOT_REAL,PLT-E-PBM-TLR-ctrl,neg,97.76
SYNTHETIC_ILLUSTRATIVE_NOT_REAL,PLT-E-PBM-TLR-ctrl,neg,98.62
SYNTHETIC_ILLUSTRATIVE_NOT_REAL,PLT-E-PBM-TLR-ctrl,neg,101.88
SYNTHETIC_ILLUSTRATIVE_NOT_REAL,PLT-E-PBM-TLR-ctrl,neg,100.08
SYNTHETIC_ILLUSTRATIVE_NOT_REAL,PLT-E-PBM-TLR-ctrl,neg,100.16
SYNTHETIC_ILLUSTRATIVE_NOT_REAL,PLT-E-PBM-TLR-ctrl,neg,102.69
SYNTHETIC_ILLUSTRATIVE_NOT_REAL,PLT-E-PBM-TLR-ctrl,pos,10.84
SYNTHETIC_ILLUSTRATIVE_NOT_REAL,PLT-E-PBM-TLR-ctrl,pos,9.38
SYNTHETIC_ILLUSTRATIVE_NOT_REAL,PLT-E-PBM-TLR-ctrl,pos,10.15
SYNTHETIC_ILLUSTRATIVE_NOT_REAL,PLT-E-PBM-TLR-ctrl,pos,8.68
SYNTHETIC_ILLUSTRATIVE_NOT_REAL,PLT-E-PBM-TLR-ctrl,pos,9.98
SYNTHETIC_ILLUSTRATIVE_NOT_REAL,PLT-E-PBM-TLR-ctrl,pos,10.3
SYNTHETIC_ILLUSTRATIVE_NOT_REAL,PLT-E-PBM-TLR-ctrl,pos,8.66
SYNTHETIC_ILLUSTRATIVE_NOT_REAL,PLT-E-PBM-TLR-ctrl,pos,11.2
SYNTHETIC_ILLUSTRATIVE_NOT_REAL,PLT-E-PBM-NK_-ctrl,neg,102.41
SYNTHETIC_ILLUSTRATIVE_NOT_REAL,PLT-E-PBM-NK_-ctrl,neg,102.44
SYNTHETIC_ILLUSTRATIVE_NOT_REAL,PLT-E-PBM-NK_-ctrl,neg,99.34
SYNTHETIC_ILLUSTRATIVE_NOT_REAL,PLT-E-PBM-NK_-ctrl,neg,100.45
SYNTHETIC_ILLUSTRATIVE_NOT_REAL,PLT-E-PBM-NK_-ctrl,neg,99.02
SYNTHETIC_ILLUSTRATIVE_NOT_REAL,PLT-E-PBM-NK_-ctrl,neg,101.76
SYNTHETIC_ILLUSTRATIVE_NOT_REAL,PLT-E-PBM-NK_-ctrl,neg,97.32
SYNTHETIC_ILLUSTRATIVE_NOT_REAL,PLT-E-PBM-NK_-ctrl,neg,99.67
SYNTHETIC_ILLUSTRATIVE_NOT_REAL,PLT-E-PBM-NK_-ctrl,pos,8.37
SYNTHETIC_ILLUSTRATIVE_NOT_REAL,PLT-E-PBM-NK_-ctrl,pos,10.45
SYNTHETIC_ILLUSTRATIVE_NOT_REAL,PLT-E-PBM-NK_-ctrl,pos,8.3
SYNTHETIC_ILLUSTRATIVE_NOT_REAL,PLT-E-PBM-NK_-ctrl,pos,9.19
SYNTHETIC_ILLUSTRATIVE_NOT_REAL,PLT-E-PBM-NK_-ctrl,pos,10.21
SYNTHETIC_ILLUSTRATIVE_NOT_REAL,PLT-E-PBM-NK_-ctrl,pos,9.73
SYNTHETIC_ILLUSTRATIVE_NOT_REAL,PLT-E-PBM-NK_-ctrl,pos,9.66
SYNTHETIC_ILLUSTRATIVE_NOT_REAL,PLT-E-PBM-NK_-ctrl,pos,9.26
SYNTHETIC_ILLUSTRATIVE_NOT_REAL,PLT-E-PBM-C3a-ctrl,neg,101.36
SYNTHETIC_ILLUSTRATIVE_NOT_REAL,PLT-E-PBM-C3a-ctrl,neg,102.14
SYNTHETIC_ILLUSTRATIVE_NOT_REAL,PLT-E-PBM-C3a-ctrl,neg,100.38
SYNTHETIC_ILLUSTRATIVE_NOT_REAL,PLT-E-PBM-C3a-ctrl,neg,99.52
SYNTHETIC_ILLUSTRATIVE_NOT_REAL,PLT-E-PBM-C3a-ctrl,neg,99.97
SYNTHETIC_ILLUSTRATIVE_NOT_REAL,PLT-E-PBM-C3a-ctrl,neg,103.66
SYNTHETIC_ILLUSTRATIVE_NOT_REAL,PLT-E-PBM-C3a-ctrl,neg,101.77
SYNTHETIC_ILLUSTRATIVE_NOT_REAL,PLT-E-PBM-C3a-ctrl,neg,98.22
SYNTHETIC_ILLUSTRATIVE_NOT_REAL,PLT-E-PBM-C3a-ctrl,pos,9.97
SYNTHETIC_ILLUSTRATIVE_NOT_REAL,PLT-E-PBM-C3a-ctrl,pos,9.61
SYNTHETIC_ILLUSTRATIVE_NOT_REAL,PLT-E-PBM-C3a-ctrl,pos,9.74
SYNTHETIC_ILLUSTRATIVE_NOT_REAL,PLT-E-PBM-C3a-ctrl,pos,8.73
SYNTHETIC_ILLUSTRATIVE_NOT_REAL,PLT-E-PBM-C3a-ctrl,pos,10.03
SYNTHETIC_ILLUSTRATIVE_NOT_REAL,PLT-E-PBM-C3a-ctrl,pos,8.98
SYNTHETIC_ILLUSTRATIVE_NOT_REAL,PLT-E-PBM-C3a-ctrl,pos,9.57
SYNTHETIC_ILLUSTRATIVE_NOT_REAL,PLT-E-PBM-C3a-ctrl,pos,11.17
SYNTHETIC_ILLUSTRATIVE_NOT_REAL,PLT-E-PBM-C5a-ctrl,neg,101.01
SYNTHETIC_ILLUSTRATIVE_NOT_REAL,PLT-E-PBM-C5a-ctrl,neg,101.44
SYNTHETIC_ILLUSTRATIVE_NOT_REAL,PLT-E-PBM-C5a-ctrl,neg,99.58
SYNTHETIC_ILLUSTRATIVE_NOT_REAL,PLT-E-PBM-C5a-ctrl,neg,100.5
SYNTHETIC_ILLUSTRATIVE_NOT_REAL,PLT-E-PBM-C5a-ctrl,neg,100.46
SYNTHETIC_ILLUSTRATIVE_NOT_REAL,PLT-E-PBM-C5a-ctrl,neg,99.08
SYNTHETIC_ILLUSTRATIVE_NOT_REAL,PLT-E-PBM-C5a-ctrl,neg,104.73
SYNTHETIC_ILLUSTRATIVE_NOT_REAL,PLT-E-PBM-C5a-ctrl,neg,99.2
SYNTHETIC_ILLUSTRATIVE_NOT_REAL,PLT-E-PBM-C5a-ctrl,pos,11.34
SYNTHETIC_ILLUSTRATIVE_NOT_REAL,PLT-E-PBM-C5a-ctrl,pos,10.84
SYNTHETIC_ILLUSTRATIVE_NOT_REAL,PLT-E-PBM-C5a-ctrl,pos,8.44
SYNTHETIC_ILLUSTRATIVE_NOT_REAL,PLT-E-PBM-C5a-ctrl,pos,10.21
SYNTHETIC_ILLUSTRATIVE_NOT_REAL,PLT-E-PBM-C5a-ctrl,pos,10.81
SYNTHETIC_ILLUSTRATIVE_NOT_REAL,PLT-E-PBM-C5a-ctrl,pos,10.65
SYNTHETIC_ILLUSTRATIVE_NOT_REAL,PLT-E-PBM-C5a-ctrl,pos,9.32
SYNTHETIC_ILLUSTRATIVE_NOT_REAL,PLT-E-PBM-C1q-ctrl,neg,99.75
SYNTHETIC_ILLUSTRATIVE_NOT_REAL,PLT-E-PBM-C1q-ctrl,neg,97.52
SYNTHETIC_ILLUSTRATIVE_NOT_REAL,PLT-E-PBM-C1q-ctrl,neg,100.7
SYNTHETIC_ILLUSTRATIVE_NOT_REAL,PLT-E-PBM-C1q-ctrl,neg,102.58
SYNTHETIC_ILLUSTRATIVE_NOT_REAL,PLT-E-PBM-C1q-ctrl,neg,101.71
SYNTHETIC_ILLUSTRATIVE_NOT_REAL,PLT-E-PBM-C1q-ctrl,neg,99.36
SYNTHETIC_ILLUSTRATIVE_NOT_REAL,PLT-E-PBM-C1q-ctrl,neg,98.96
SYNTHETIC_ILLUSTRATIVE_NOT_REAL,PLT-E-PBM-C1q-ctrl,neg,98.92
SYNTHETIC_ILLUSTRATIVE_NOT_REAL,PLT-E-PBM-C1q-ctrl,pos,10.28
SYNTHETIC_ILLUSTRATIVE_NOT_REAL,PLT-E-PBM-C1q-ctrl,pos,9.49
SYNTHETIC_ILLUSTRATIVE_NOT_REAL,PLT-E-PBM-C1q-ctrl,pos,9.59
SYNTHETIC_ILLUSTRATIVE_NOT_REAL,PLT-E-PBM-C1q-ctrl,pos,8.06
SYNTHETIC_ILLUSTRATIVE_NOT_REAL,PLT-E-PBM-C1q-ctrl,pos,9.34
SYNTHETIC_ILLUSTRATIVE_NOT_REAL,PLT-E-PBM-C1q-ctrl,pos,9.4
SYNTHETIC_ILLUSTRATIVE_NOT_REAL,PLT-E-PBM-C1q-ctrl,pos,10.95
SYNTHETIC_ILLUSTRATIVE_NOT_REAL,PLT-A-PHH-Cel-ctrl,neg,98.5
SYNTHETIC_ILLUSTRATIVE_NOT_REAL,PLT-A-PHH-Cel-ctrl,neg,100.8
SYNTHETIC_ILLUSTRATIVE_NOT_REAL,PLT-A-PHH-Cel-ctrl,neg,99.58
SYNTHETIC_ILLUSTRATIVE_NOT_REAL,PLT-A-PHH-Cel-ctrl,neg,99.56
SYNTHETIC_ILLUSTRATIVE_NOT_REAL,PLT-A-PHH-Cel-ctrl,neg,99.49
SYNTHETIC_ILLUSTRATIVE_NOT_REAL,PLT-A-PHH-Cel-ctrl,neg,100.0
SYNTHETIC_ILLUSTRATIVE_NOT_REAL,PLT-A-PHH-Cel-ctrl,neg,101.51
SYNTHETIC_ILLUSTRATIVE_NOT_REAL,PLT-A-PHH-Cel-ctrl,neg,98.47
SYNTHETIC_ILLUSTRATIVE_NOT_REAL,PLT-A-PHH-Cel-ctrl,pos,10.4
SYNTHETIC_ILLUSTRATIVE_NOT_REAL,PLT-A-PHH-Cel-ctrl,pos,9.47
SYNTHETIC_ILLUSTRATIVE_NOT_REAL,PLT-A-PHH-Cel-ctrl,pos,10.42
SYNTHETIC_ILLUSTRATIVE_NOT_REAL,PLT-A-PHH-Cel-ctrl,pos,10.26
SYNTHETIC_ILLUSTRATIVE_NOT_REAL,PLT-A-PHH-Cel-ctrl,pos,9.41
SYNTHETIC_ILLUSTRATIVE_NOT_REAL,PLT-A-PHH-Cel-ctrl,pos,10.12
SYNTHETIC_ILLUSTRATIVE_NOT_REAL,PLT-A-PHH-Cel-ctrl,pos,9.44
SYNTHETIC_ILLUSTRATIVE_NOT_REAL,PLT-A-PHH-Cel-ctrl,pos,9.36
SYNTHETIC_ILLUSTRATIVE_NOT_REAL,PLT-A-PHH-LDH-ctrl,neg,102.18
SYNTHETIC_ILLUSTRATIVE_NOT_REAL,PLT-A-PHH-LDH-ctrl,neg,98.1
SYNTHETIC_ILLUSTRATIVE_NOT_REAL,PLT-A-PHH-LDH-ctrl,neg,96.22
SYNTHETIC_ILLUSTRATIVE_NOT_REAL,PLT-A-PHH-LDH-ctrl,neg,98.78
SYNTHETIC_ILLUSTRATIVE_NOT_REAL,PLT-A-PHH-LDH-ctrl,neg,99.75
SYNTHETIC_ILLUSTRATIVE_NOT_REAL,PLT-A-PHH-LDH-ctrl,neg,101.6
SYNTHETIC_ILLUSTRATIVE_NOT_REAL,PLT-A-PHH-LDH-ctrl,neg,102.12
SYNTHETIC_ILLUSTRATIVE_NOT_REAL,PLT-A-PHH-LDH-ctrl,neg,102.44
SYNTHETIC_ILLUSTRATIVE_NOT_REAL,PLT-A-PHH-LDH-ctrl,pos,11.22
SYNTHETIC_ILLUSTRATIVE_NOT_REAL,PLT-A-PHH-LDH-ctrl,pos,10.59
SYNTHETIC_ILLUSTRATIVE_NOT_REAL,PLT-A-PHH-LDH-ctrl,pos,10.11
SYNTHETIC_ILLUSTRATIVE_NOT_REAL,PLT-A-PHH-LDH-ctrl,pos,9.42
SYNTHETIC_ILLUSTRATIVE_NOT_REAL,PLT-A-PHH-LDH-ctrl,pos,10.56
SYNTHETIC_ILLUSTRATIVE_NOT_REAL,PLT-A-PHH-LDH-ctrl,pos,9.63
SYNTHETIC_ILLUSTRATIVE_NOT_REAL,PLT-A-PHH-LDH-ctrl,pos,9.39
SYNTHETIC_ILLUSTRATIVE_NOT_REAL,PLT-A-PHH-LDH-ctrl,pos,10.48
SYNTHETIC_ILLUSTRATIVE_NOT_REAL,PLT-A-PHH-ALT-ctrl,neg,100.19
SYNTHETIC_ILLUSTRATIVE_NOT_REAL,PLT-A-PHH-ALT-ctrl,neg,99.79
SYNTHETIC_ILLUSTRATIVE_NOT_REAL,PLT-A-PHH-ALT-ctrl,neg,101.54
SYNTHETIC_ILLUSTRATIVE_NOT_REAL,PLT-A-PHH-ALT-ctrl,neg,102.13
SYNTHETIC_ILLUSTRATIVE_NOT_REAL,PLT-A-PHH-ALT-ctrl,neg,99.42
SYNTHETIC_ILLUSTRATIVE_NOT_REAL,PLT-A-PHH-ALT-ctrl,neg,100.0
SYNTHETIC_ILLUSTRATIVE_NOT_REAL,PLT-A-PHH-ALT-ctrl,neg,97.86
SYNTHETIC_ILLUSTRATIVE_NOT_REAL,PLT-A-PHH-ALT-ctrl,neg,99.71
SYNTHETIC_ILLUSTRATIVE_NOT_REAL,PLT-A-PHH-ALT-ctrl,pos,10.39
SYNTHETIC_ILLUSTRATIVE_NOT_REAL,PLT-A-PHH-ALT-ctrl,pos,10.69
SYNTHETIC_ILLUSTRATIVE_NOT_REAL,PLT-A-PHH-ALT-ctrl,pos,10.15
SYNTHETIC_ILLUSTRATIVE_NOT_REAL,PLT-A-PHH-ALT-ctrl,pos,9.45
SYNTHETIC_ILLUSTRATIVE_NOT_REAL,PLT-A-PHH-ALT-ctrl,pos,10.18
SYNTHETIC_ILLUSTRATIVE_NOT_REAL,PLT-A-PHH-ALT-ctrl,pos,9.16
SYNTHETIC_ILLUSTRATIVE_NOT_REAL,PLT-A-PHH-ALT-ctrl,pos,10.12
SYNTHETIC_ILLUSTRATIVE_NOT_REAL,PLT-A-PHH-AST-ctrl,neg,102.36
SYNTHETIC_ILLUSTRATIVE_NOT_REAL,PLT-A-PHH-AST-ctrl,neg,101.36
SYNTHETIC_ILLUSTRATIVE_NOT_REAL,PLT-A-PHH-AST-ctrl,neg,98.83
SYNTHETIC_ILLUSTRATIVE_NOT_REAL,PLT-A-PHH-AST-ctrl,neg,97.43
SYNTHETIC_ILLUSTRATIVE_NOT_REAL,PLT-A-PHH-AST-ctrl,neg,98.42
SYNTHETIC_ILLUSTRATIVE_NOT_REAL,PLT-A-PHH-AST-ctrl,neg,99.18
SYNTHETIC_ILLUSTRATIVE_NOT_REAL,PLT-A-PHH-AST-ctrl,neg,99.57
SYNTHETIC_ILLUSTRATIVE_NOT_REAL,PLT-A-PHH-AST-ctrl,neg,98.53
SYNTHETIC_ILLUSTRATIVE_NOT_REAL,PLT-A-PHH-AST-ctrl,pos,10.85
SYNTHETIC_ILLUSTRATIVE_NOT_REAL,PLT-A-PHH-AST-ctrl,pos,10.74
SYNTHETIC_ILLUSTRATIVE_NOT_REAL,PLT-A-PHH-AST-ctrl,pos,9.79
SYNTHETIC_ILLUSTRATIVE_NOT_REAL,PLT-A-PHH-AST-ctrl,pos,9.62
SYNTHETIC_ILLUSTRATIVE_NOT_REAL,PLT-A-PHH-AST-ctrl,pos,9.82
SYNTHETIC_ILLUSTRATIVE_NOT_REAL,PLT-A-PHH-AST-ctrl,pos,9.97
SYNTHETIC_ILLUSTRATIVE_NOT_REAL,PLT-A-PHH-AST-ctrl,pos,9.99
SYNTHETIC_ILLUSTRATIVE_NOT_REAL,PLT-A-PHH-AST-ctrl,pos,8.74
SYNTHETIC_ILLUSTRATIVE_NOT_REAL,PLT-A-PHH-Cas-ctrl,neg,100.3
SYNTHETIC_ILLUSTRATIVE_NOT_REAL,PLT-A-PHH-Cas-ctrl,neg,97.89
SYNTHETIC_ILLUSTRATIVE_NOT_REAL,PLT-A-PHH-Cas-ctrl,neg,96.48
SYNTHETIC_ILLUSTRATIVE_NOT_REAL,PLT-A-PHH-Cas-ctrl,neg,101.82
SYNTHETIC_ILLUSTRATIVE_NOT_REAL,PLT-A-PHH-Cas-ctrl,neg,99.94
SYNTHETIC_ILLUSTRATIVE_NOT_REAL,PLT-A-PHH-Cas-ctrl,neg,101.96
SYNTHETIC_ILLUSTRATIVE_NOT_REAL,PLT-A-PHH-Cas-ctrl,neg,96.87
SYNTHETIC_ILLUSTRATIVE_NOT_REAL,PLT-A-PHH-Cas-ctrl,neg,97.59
SYNTHETIC_ILLUSTRATIVE_NOT_REAL,PLT-A-PHH-Cas-ctrl,pos,9.92
SYNTHETIC_ILLUSTRATIVE_NOT_REAL,PLT-A-PHH-Cas-ctrl,pos,9.47
SYNTHETIC_ILLUSTRATIVE_NOT_REAL,PLT-A-PHH-Cas-ctrl,pos,10.06
SYNTHETIC_ILLUSTRATIVE_NOT_REAL,PLT-A-PHH-Cas-ctrl,pos,9.51
SYNTHETIC_ILLUSTRATIVE_NOT_REAL,PLT-A-PHH-Cas-ctrl,pos,9.73
SYNTHETIC_ILLUSTRATIVE_NOT_REAL,PLT-A-PHH-Cas-ctrl,pos,9.09
SYNTHETIC_ILLUSTRATIVE_NOT_REAL,PLT-A-PHH-Cas-ctrl,pos,11.02
SYNTHETIC_ILLUSTRATIVE_NOT_REAL,PLT-A-PHH-Cas-ctrl,pos,9.75
SYNTHETIC_ILLUSTRATIVE_NOT_REAL,PLT-A-PHH-HMG-ctrl,neg,100.56
SYNTHETIC_ILLUSTRATIVE_NOT_REAL,PLT-A-PHH-HMG-ctrl,neg,98.49
SYNTHETIC_ILLUSTRATIVE_NOT_REAL,PLT-A-PHH-HMG-ctrl,neg,97.98
SYNTHETIC_ILLUSTRATIVE_NOT_REAL,PLT-A-PHH-HMG-ctrl,neg,102.54
SYNTHETIC_ILLUSTRATIVE_NOT_REAL,PLT-A-PHH-HMG-ctrl,neg,100.67
SYNTHETIC_ILLUSTRATIVE_NOT_REAL,PLT-A-PHH-HMG-ctrl,neg,99.59
SYNTHETIC_ILLUSTRATIVE_NOT_REAL,PLT-A-PHH-HMG-ctrl,neg,100.21
SYNTHETIC_ILLUSTRATIVE_NOT_REAL,PLT-A-PHH-HMG-ctrl,neg,101.97
SYNTHETIC_ILLUSTRATIVE_NOT_REAL,PLT-A-PHH-HMG-ctrl,pos,10.08
SYNTHETIC_ILLUSTRATIVE_NOT_REAL,PLT-A-PHH-HMG-ctrl,pos,9.8
SYNTHETIC_ILLUSTRATIVE_NOT_REAL,PLT-A-PHH-HMG-ctrl,pos,9.38
SYNTHETIC_ILLUSTRATIVE_NOT_REAL,PLT-A-PHH-HMG-ctrl,pos,9.91
SYNTHETIC_ILLUSTRATIVE_NOT_REAL,PLT-A-PHH-HMG-ctrl,pos,9.25
SYNTHETIC_ILLUSTRATIVE_NOT_REAL,PLT-A-PHH-HMG-ctrl,pos,9.73
SYNTHETIC_ILLUSTRATIVE_NOT_REAL,PLT-A-PHH-HMG-ctrl,pos,10.98
SYNTHETIC_ILLUSTRATIVE_NOT_REAL,PLT-A-PHH-ROS-ctrl,neg,98.8
SYNTHETIC_ILLUSTRATIVE_NOT_REAL,PLT-A-PHH-ROS-ctrl,neg,102.23
SYNTHETIC_ILLUSTRATIVE_NOT_REAL,PLT-A-PHH-ROS-ctrl,neg,99.34
SYNTHETIC_ILLUSTRATIVE_NOT_REAL,PLT-A-PHH-ROS-ctrl,neg,102.04
SYNTHETIC_ILLUSTRATIVE_NOT_REAL,PLT-A-PHH-ROS-ctrl,neg,94.25
SYNTHETIC_ILLUSTRATIVE_NOT_REAL,PLT-A-PHH-ROS-ctrl,neg,99.78
SYNTHETIC_ILLUSTRATIVE_NOT_REAL,PLT-A-PHH-ROS-ctrl,neg,102.78
SYNTHETIC_ILLUSTRATIVE_NOT_REAL,PLT-A-PHH-ROS-ctrl,neg,103.15
SYNTHETIC_ILLUSTRATIVE_NOT_REAL,PLT-A-PHH-ROS-ctrl,pos,9.6
SYNTHETIC_ILLUSTRATIVE_NOT_REAL,PLT-A-PHH-ROS-ctrl,pos,9.34
SYNTHETIC_ILLUSTRATIVE_NOT_REAL,PLT-A-PHH-ROS-ctrl,pos,10.31
SYNTHETIC_ILLUSTRATIVE_NOT_REAL,PLT-A-PHH-ROS-ctrl,pos,9.03
SYNTHETIC_ILLUSTRATIVE_NOT_REAL,PLT-A-PHH-ROS-ctrl,pos,9.71
SYNTHETIC_ILLUSTRATIVE_NOT_REAL,PLT-A-PHH-ROS-ctrl,pos,8.66
SYNTHETIC_ILLUSTRATIVE_NOT_REAL,PLT-A-PHH-ROS-ctrl,pos,10.07
SYNTHETIC_ILLUSTRATIVE_NOT_REAL,PLT-A-PHH-ROS-ctrl,pos,10.0
SYNTHETIC_ILLUSTRATIVE_NOT_REAL,PLT-A-PHH-Lip-ctrl,neg,101.01
SYNTHETIC_ILLUSTRATIVE_NOT_REAL,PLT-A-PHH-Lip-ctrl,neg,98.71
SYNTHETIC_ILLUSTRATIVE_NOT_REAL,PLT-A-PHH-Lip-ctrl,neg,100.55
SYNTHETIC_ILLUSTRATIVE_NOT_REAL,PLT-A-PHH-Lip-ctrl,neg,99.51
SYNTHETIC_ILLUSTRATIVE_NOT_REAL,PLT-A-PHH-Lip-ctrl,neg,100.96
SYNTHETIC_ILLUSTRATIVE_NOT_REAL,PLT-A-PHH-Lip-ctrl,neg,100.17
SYNTHETIC_ILLUSTRATIVE_NOT_REAL,PLT-A-PHH-Lip-ctrl,neg,99.42
SYNTHETIC_ILLUSTRATIVE_NOT_REAL,PLT-A-PHH-Lip-ctrl,neg,100.98
SYNTHETIC_ILLUSTRATIVE_NOT_REAL,PLT-A-PHH-Lip-ctrl,pos,10.66
SYNTHETIC_ILLUSTRATIVE_NOT_REAL,PLT-A-PHH-Lip-ctrl,pos,8.18
SYNTHETIC_ILLUSTRATIVE_NOT_REAL,PLT-A-PHH-Lip-ctrl,pos,10.02
SYNTHETIC_ILLUSTRATIVE_NOT_REAL,PLT-A-PHH-Lip-ctrl,pos,9.52
SYNTHETIC_ILLUSTRATIVE_NOT_REAL,PLT-A-PHH-Lip-ctrl,pos,9.11
SYNTHETIC_ILLUSTRATIVE_NOT_REAL,PLT-A-PHH-Lip-ctrl,pos,11.04
SYNTHETIC_ILLUSTRATIVE_NOT_REAL,PLT-A-PHH-Lip-ctrl,pos,10.77
SYNTHETIC_ILLUSTRATIVE_NOT_REAL,PLT-A-PHH-Lip-ctrl,pos,9.17
SYNTHETIC_ILLUSTRATIVE_NOT_REAL,PLT-A-PHH-Mit-ctrl,neg,95.73
SYNTHETIC_ILLUSTRATIVE_NOT_REAL,PLT-A-PHH-Mit-ctrl,neg,98.36
SYNTHETIC_ILLUSTRATIVE_NOT_REAL,PLT-A-PHH-Mit-ctrl,neg,100.48
SYNTHETIC_ILLUSTRATIVE_NOT_REAL,PLT-A-PHH-Mit-ctrl,neg,97.88
SYNTHETIC_ILLUSTRATIVE_NOT_REAL,PLT-A-PHH-Mit-ctrl,neg,98.91
SYNTHETIC_ILLUSTRATIVE_NOT_REAL,PLT-A-PHH-Mit-ctrl,neg,100.4
SYNTHETIC_ILLUSTRATIVE_NOT_REAL,PLT-A-PHH-Mit-ctrl,neg,102.77
SYNTHETIC_ILLUSTRATIVE_NOT_REAL,PLT-A-PHH-Mit-ctrl,neg,102.33
SYNTHETIC_ILLUSTRATIVE_NOT_REAL,PLT-A-PHH-Mit-ctrl,pos,9.76
SYNTHETIC_ILLUSTRATIVE_NOT_REAL,PLT-A-PHH-Mit-ctrl,pos,10.1
SYNTHETIC_ILLUSTRATIVE_NOT_REAL,PLT-A-PHH-Mit-ctrl,pos,9.7
SYNTHETIC_ILLUSTRATIVE_NOT_REAL,PLT-A-PHH-Mit-ctrl,pos,9.85
SYNTHETIC_ILLUSTRATIVE_NOT_REAL,PLT-A-PHH-Mit-ctrl,pos,9.05
SYNTHETIC_ILLUSTRATIVE_NOT_REAL,PLT-A-PHH-Mit-ctrl,pos,8.58
SYNTHETIC_ILLUSTRATIVE_NOT_REAL,PLT-A-PHH-Mit-ctrl,pos,10.78
SYNTHETIC_ILLUSTRATIVE_NOT_REAL,PLT-A-PHH-Bil-ctrl,neg,101.67
SYNTHETIC_ILLUSTRATIVE_NOT_REAL,PLT-A-PHH-Bil-ctrl,neg,99.16
SYNTHETIC_ILLUSTRATIVE_NOT_REAL,PLT-A-PHH-Bil-ctrl,neg,101.21
SYNTHETIC_ILLUSTRATIVE_NOT_REAL,PLT-A-PHH-Bil-ctrl,neg,101.05
SYNTHETIC_ILLUSTRATIVE_NOT_REAL,PLT-A-PHH-Bil-ctrl,neg,98.9
SYNTHETIC_ILLUSTRATIVE_NOT_REAL,PLT-A-PHH-Bil-ctrl,neg,96.97
SYNTHETIC_ILLUSTRATIVE_NOT_REAL,PLT-A-PHH-Bil-ctrl,neg,97.44
SYNTHETIC_ILLUSTRATIVE_NOT_REAL,PLT-A-PHH-Bil-ctrl,neg,98.12
SYNTHETIC_ILLUSTRATIVE_NOT_REAL,PLT-A-PHH-Bil-ctrl,pos,10.44
SYNTHETIC_ILLUSTRATIVE_NOT_REAL,PLT-A-PHH-Bil-ctrl,pos,9.89
SYNTHETIC_ILLUSTRATIVE_NOT_REAL,PLT-A-PHH-Bil-ctrl,pos,9.76
SYNTHETIC_ILLUSTRATIVE_NOT_REAL,PLT-A-PHH-Bil-ctrl,pos,10.38
SYNTHETIC_ILLUSTRATIVE_NOT_REAL,PLT-A-PHH-Bil-ctrl,pos,10.58
SYNTHETIC_ILLUSTRATIVE_NOT_REAL,PLT-A-PHH-Bil-ctrl,pos,11.11
SYNTHETIC_ILLUSTRATIVE_NOT_REAL,PLT-A-PHH-Bil-ctrl,pos,9.52
SYNTHETIC_ILLUSTRATIVE_NOT_REAL,PLT-A-PHH-Gen-ctrl,neg,102.66
SYNTHETIC_ILLUSTRATIVE_NOT_REAL,PLT-A-PHH-Gen-ctrl,neg,100.89
SYNTHETIC_ILLUSTRATIVE_NOT_REAL,PLT-A-PHH-Gen-ctrl,neg,103.68
SYNTHETIC_ILLUSTRATIVE_NOT_REAL,PLT-A-PHH-Gen-ctrl,neg,98.97
SYNTHETIC_ILLUSTRATIVE_NOT_REAL,PLT-A-PHH-Gen-ctrl,neg,100.11
SYNTHETIC_ILLUSTRATIVE_NOT_REAL,PLT-A-PHH-Gen-ctrl,neg,99.5
SYNTHETIC_ILLUSTRATIVE_NOT_REAL,PLT-A-PHH-Gen-ctrl,neg,100.04
SYNTHETIC_ILLUSTRATIVE_NOT_REAL,PLT-A-PHH-Gen-ctrl,neg,99.49
SYNTHETIC_ILLUSTRATIVE_NOT_REAL,PLT-A-PHH-Gen-ctrl,pos,9.87
SYNTHETIC_ILLUSTRATIVE_NOT_REAL,PLT-A-PHH-Gen-ctrl,pos,8.43
SYNTHETIC_ILLUSTRATIVE_NOT_REAL,PLT-A-PHH-Gen-ctrl,pos,9.78
SYNTHETIC_ILLUSTRATIVE_NOT_REAL,PLT-A-PHH-Gen-ctrl,pos,10.55
SYNTHETIC_ILLUSTRATIVE_NOT_REAL,PLT-A-PHH-Gen-ctrl,pos,8.45
SYNTHETIC_ILLUSTRATIVE_NOT_REAL,PLT-A-PHH-Gen-ctrl,pos,10.45
SYNTHETIC_ILLUSTRATIVE_NOT_REAL,PLT-A-PHH-Gen-ctrl,pos,11.01
SYNTHETIC_ILLUSTRATIVE_NOT_REAL,PLT-A-PHH-RNA-ctrl,neg,99.42
SYNTHETIC_ILLUSTRATIVE_NOT_REAL,PLT-A-PHH-RNA-ctrl,neg,99.16
SYNTHETIC_ILLUSTRATIVE_NOT_REAL,PLT-A-PHH-RNA-ctrl,neg,100.17
SYNTHETIC_ILLUSTRATIVE_NOT_REAL,PLT-A-PHH-RNA-ctrl,neg,100.79
SYNTHETIC_ILLUSTRATIVE_NOT_REAL,PLT-A-PHH-RNA-ctrl,neg,101.06
SYNTHETIC_ILLUSTRATIVE_NOT_REAL,PLT-A-PHH-RNA-ctrl,neg,103.86
SYNTHETIC_ILLUSTRATIVE_NOT_REAL,PLT-A-PHH-RNA-ctrl,neg,101.66
SYNTHETIC_ILLUSTRATIVE_NOT_REAL,PLT-A-PHH-RNA-ctrl,neg,100.13
SYNTHETIC_ILLUSTRATIVE_NOT_REAL,PLT-A-PHH-RNA-ctrl,pos,11.58
SYNTHETIC_ILLUSTRATIVE_NOT_REAL,PLT-A-PHH-RNA-ctrl,pos,10.26
SYNTHETIC_ILLUSTRATIVE_NOT_REAL,PLT-A-PHH-RNA-ctrl,pos,10.28
SYNTHETIC_ILLUSTRATIVE_NOT_REAL,PLT-A-PHH-RNA-ctrl,pos,10.39
SYNTHETIC_ILLUSTRATIVE_NOT_REAL,PLT-A-PHH-RNA-ctrl,pos,9.74
SYNTHETIC_ILLUSTRATIVE_NOT_REAL,PLT-A-PHH-RNA-ctrl,pos,9.14
SYNTHETIC_ILLUSTRATIVE_NOT_REAL,PLT-A-PHH-RNA-ctrl,pos,10.11
SYNTHETIC_ILLUSTRATIVE_NOT_REAL,PLT-A-PHH-RNA-ctrl,pos,9.76
SYNTHETIC_ILLUSTRATIVE_NOT_REAL,PLT-A-PBM-IFN-ctrl,neg,98.25
SYNTHETIC_ILLUSTRATIVE_NOT_REAL,PLT-A-PBM-IFN-ctrl,neg,101.38
SYNTHETIC_ILLUSTRATIVE_NOT_REAL,PLT-A-PBM-IFN-ctrl,neg,101.34
SYNTHETIC_ILLUSTRATIVE_NOT_REAL,PLT-A-PBM-IFN-ctrl,neg,99.75
SYNTHETIC_ILLUSTRATIVE_NOT_REAL,PLT-A-PBM-IFN-ctrl,neg,101.87
SYNTHETIC_ILLUSTRATIVE_NOT_REAL,PLT-A-PBM-IFN-ctrl,neg,97.69
SYNTHETIC_ILLUSTRATIVE_NOT_REAL,PLT-A-PBM-IFN-ctrl,neg,101.52
SYNTHETIC_ILLUSTRATIVE_NOT_REAL,PLT-A-PBM-IFN-ctrl,neg,99.63
SYNTHETIC_ILLUSTRATIVE_NOT_REAL,PLT-A-PBM-IFN-ctrl,pos,9.26
SYNTHETIC_ILLUSTRATIVE_NOT_REAL,PLT-A-PBM-IFN-ctrl,pos,9.53
SYNTHETIC_ILLUSTRATIVE_NOT_REAL,PLT-A-PBM-IFN-ctrl,pos,10.93
SYNTHETIC_ILLUSTRATIVE_NOT_REAL,PLT-A-PBM-IFN-ctrl,pos,9.57
SYNTHETIC_ILLUSTRATIVE_NOT_REAL,PLT-A-PBM-IFN-ctrl,pos,9.49
SYNTHETIC_ILLUSTRATIVE_NOT_REAL,PLT-A-PBM-IFN-ctrl,pos,9.38
SYNTHETIC_ILLUSTRATIVE_NOT_REAL,PLT-A-PBM-IFN-ctrl,pos,10.76
SYNTHETIC_ILLUSTRATIVE_NOT_REAL,PLT-A-PBM-IFN-ctrl,neg,98.91
SYNTHETIC_ILLUSTRATIVE_NOT_REAL,PLT-A-PBM-IFN-ctrl,neg,101.41
SYNTHETIC_ILLUSTRATIVE_NOT_REAL,PLT-A-PBM-IFN-ctrl,neg,99.64
SYNTHETIC_ILLUSTRATIVE_NOT_REAL,PLT-A-PBM-IFN-ctrl,neg,99.35
SYNTHETIC_ILLUSTRATIVE_NOT_REAL,PLT-A-PBM-IFN-ctrl,neg,101.78
SYNTHETIC_ILLUSTRATIVE_NOT_REAL,PLT-A-PBM-IFN-ctrl,neg,101.43
SYNTHETIC_ILLUSTRATIVE_NOT_REAL,PLT-A-PBM-IFN-ctrl,neg,100.35
SYNTHETIC_ILLUSTRATIVE_NOT_REAL,PLT-A-PBM-IFN-ctrl,neg,100.48
SYNTHETIC_ILLUSTRATIVE_NOT_REAL,PLT-A-PBM-IFN-ctrl,pos,11.37
SYNTHETIC_ILLUSTRATIVE_NOT_REAL,PLT-A-PBM-IFN-ctrl,pos,9.88
SYNTHETIC_ILLUSTRATIVE_NOT_REAL,PLT-A-PBM-IFN-ctrl,pos,10.32
SYNTHETIC_ILLUSTRATIVE_NOT_REAL,PLT-A-PBM-IFN-ctrl,pos,10.35
SYNTHETIC_ILLUSTRATIVE_NOT_REAL,PLT-A-PBM-IFN-ctrl,pos,8.91
SYNTHETIC_ILLUSTRATIVE_NOT_REAL,PLT-A-PBM-IFN-ctrl,pos,8.49
SYNTHETIC_ILLUSTRATIVE_NOT_REAL,PLT-A-PBM-IFN-ctrl,pos,10.11
SYNTHETIC_ILLUSTRATIVE_NOT_REAL,PLT-A-PBM-IFN-ctrl,pos,10.69
SYNTHETIC_ILLUSTRATIVE_NOT_REAL,PLT-A-PBM-IL1-ctrl,neg,96.48
SYNTHETIC_ILLUSTRATIVE_NOT_REAL,PLT-A-PBM-IL1-ctrl,neg,104.01
SYNTHETIC_ILLUSTRATIVE_NOT_REAL,PLT-A-PBM-IL1-ctrl,neg,99.91
SYNTHETIC_ILLUSTRATIVE_NOT_REAL,PLT-A-PBM-IL1-ctrl,neg,97.41
SYNTHETIC_ILLUSTRATIVE_NOT_REAL,PLT-A-PBM-IL1-ctrl,neg,99.25
SYNTHETIC_ILLUSTRATIVE_NOT_REAL,PLT-A-PBM-IL1-ctrl,neg,98.72
SYNTHETIC_ILLUSTRATIVE_NOT_REAL,PLT-A-PBM-IL1-ctrl,neg,100.2
SYNTHETIC_ILLUSTRATIVE_NOT_REAL,PLT-A-PBM-IL1-ctrl,neg,100.63
SYNTHETIC_ILLUSTRATIVE_NOT_REAL,PLT-A-PBM-IL1-ctrl,pos,8.15
SYNTHETIC_ILLUSTRATIVE_NOT_REAL,PLT-A-PBM-IL1-ctrl,pos,11.0
SYNTHETIC_ILLUSTRATIVE_NOT_REAL,PLT-A-PBM-IL1-ctrl,pos,11.37
SYNTHETIC_ILLUSTRATIVE_NOT_REAL,PLT-A-PBM-IL1-ctrl,pos,9.18
SYNTHETIC_ILLUSTRATIVE_NOT_REAL,PLT-A-PBM-IL1-ctrl,pos,11.17
SYNTHETIC_ILLUSTRATIVE_NOT_REAL,PLT-A-PBM-IL1-ctrl,pos,10.81
SYNTHETIC_ILLUSTRATIVE_NOT_REAL,PLT-A-PBM-IL1-ctrl,pos,11.3
SYNTHETIC_ILLUSTRATIVE_NOT_REAL,PLT-A-PBM-IL6-ctrl,neg,100.2
SYNTHETIC_ILLUSTRATIVE_NOT_REAL,PLT-A-PBM-IL6-ctrl,neg,100.39
SYNTHETIC_ILLUSTRATIVE_NOT_REAL,PLT-A-PBM-IL6-ctrl,neg,100.4
SYNTHETIC_ILLUSTRATIVE_NOT_REAL,PLT-A-PBM-IL6-ctrl,neg,96.54
SYNTHETIC_ILLUSTRATIVE_NOT_REAL,PLT-A-PBM-IL6-ctrl,neg,101.15
SYNTHETIC_ILLUSTRATIVE_NOT_REAL,PLT-A-PBM-IL6-ctrl,neg,97.78
SYNTHETIC_ILLUSTRATIVE_NOT_REAL,PLT-A-PBM-IL6-ctrl,neg,99.24
SYNTHETIC_ILLUSTRATIVE_NOT_REAL,PLT-A-PBM-IL6-ctrl,neg,104.69
SYNTHETIC_ILLUSTRATIVE_NOT_REAL,PLT-A-PBM-IL6-ctrl,pos,9.01
SYNTHETIC_ILLUSTRATIVE_NOT_REAL,PLT-A-PBM-IL6-ctrl,pos,10.09
SYNTHETIC_ILLUSTRATIVE_NOT_REAL,PLT-A-PBM-IL6-ctrl,pos,10.23
SYNTHETIC_ILLUSTRATIVE_NOT_REAL,PLT-A-PBM-IL6-ctrl,pos,10.1
SYNTHETIC_ILLUSTRATIVE_NOT_REAL,PLT-A-PBM-IL6-ctrl,pos,10.0
SYNTHETIC_ILLUSTRATIVE_NOT_REAL,PLT-A-PBM-IL6-ctrl,pos,9.55
SYNTHETIC_ILLUSTRATIVE_NOT_REAL,PLT-A-PBM-IL6-ctrl,pos,11.59
SYNTHETIC_ILLUSTRATIVE_NOT_REAL,PLT-A-PBM-IL6-ctrl,pos,8.4
SYNTHETIC_ILLUSTRATIVE_NOT_REAL,PLT-A-PBM-IL8-ctrl,neg,102.31
SYNTHETIC_ILLUSTRATIVE_NOT_REAL,PLT-A-PBM-IL8-ctrl,neg,98.65
SYNTHETIC_ILLUSTRATIVE_NOT_REAL,PLT-A-PBM-IL8-ctrl,neg,98.46
SYNTHETIC_ILLUSTRATIVE_NOT_REAL,PLT-A-PBM-IL8-ctrl,neg,104.08
SYNTHETIC_ILLUSTRATIVE_NOT_REAL,PLT-A-PBM-IL8-ctrl,neg,103.01
SYNTHETIC_ILLUSTRATIVE_NOT_REAL,PLT-A-PBM-IL8-ctrl,neg,100.14
SYNTHETIC_ILLUSTRATIVE_NOT_REAL,PLT-A-PBM-IL8-ctrl,neg,101.66
SYNTHETIC_ILLUSTRATIVE_NOT_REAL,PLT-A-PBM-IL8-ctrl,neg,100.68
SYNTHETIC_ILLUSTRATIVE_NOT_REAL,PLT-A-PBM-IL8-ctrl,pos,9.59
SYNTHETIC_ILLUSTRATIVE_NOT_REAL,PLT-A-PBM-IL8-ctrl,pos,10.54
SYNTHETIC_ILLUSTRATIVE_NOT_REAL,PLT-A-PBM-IL8-ctrl,pos,10.24
SYNTHETIC_ILLUSTRATIVE_NOT_REAL,PLT-A-PBM-IL8-ctrl,pos,11.03
SYNTHETIC_ILLUSTRATIVE_NOT_REAL,PLT-A-PBM-IL8-ctrl,pos,8.53
SYNTHETIC_ILLUSTRATIVE_NOT_REAL,PLT-A-PBM-IL8-ctrl,pos,10.65
SYNTHETIC_ILLUSTRATIVE_NOT_REAL,PLT-A-PBM-IL8-ctrl,pos,10.13
SYNTHETIC_ILLUSTRATIVE_NOT_REAL,PLT-A-PBM-IL8-ctrl,pos,9.45
SYNTHETIC_ILLUSTRATIVE_NOT_REAL,PLT-A-PBM-IL1-ctrl,neg,102.88
SYNTHETIC_ILLUSTRATIVE_NOT_REAL,PLT-A-PBM-IL1-ctrl,neg,96.19
SYNTHETIC_ILLUSTRATIVE_NOT_REAL,PLT-A-PBM-IL1-ctrl,neg,104.99
SYNTHETIC_ILLUSTRATIVE_NOT_REAL,PLT-A-PBM-IL1-ctrl,neg,99.64
SYNTHETIC_ILLUSTRATIVE_NOT_REAL,PLT-A-PBM-IL1-ctrl,neg,97.73
SYNTHETIC_ILLUSTRATIVE_NOT_REAL,PLT-A-PBM-IL1-ctrl,neg,96.52
SYNTHETIC_ILLUSTRATIVE_NOT_REAL,PLT-A-PBM-IL1-ctrl,neg,101.74
SYNTHETIC_ILLUSTRATIVE_NOT_REAL,PLT-A-PBM-IL1-ctrl,neg,101.15
SYNTHETIC_ILLUSTRATIVE_NOT_REAL,PLT-A-PBM-IL1-ctrl,pos,9.83
SYNTHETIC_ILLUSTRATIVE_NOT_REAL,PLT-A-PBM-IL1-ctrl,pos,10.14
SYNTHETIC_ILLUSTRATIVE_NOT_REAL,PLT-A-PBM-IL1-ctrl,pos,9.66
SYNTHETIC_ILLUSTRATIVE_NOT_REAL,PLT-A-PBM-IL1-ctrl,pos,10.93
SYNTHETIC_ILLUSTRATIVE_NOT_REAL,PLT-A-PBM-IL1-ctrl,pos,10.5
SYNTHETIC_ILLUSTRATIVE_NOT_REAL,PLT-A-PBM-IL1-ctrl,pos,9.91
SYNTHETIC_ILLUSTRATIVE_NOT_REAL,PLT-A-PBM-IL1-ctrl,pos,8.69
SYNTHETIC_ILLUSTRATIVE_NOT_REAL,PLT-A-PBM-IL1-ctrl,neg,101.18
SYNTHETIC_ILLUSTRATIVE_NOT_REAL,PLT-A-PBM-IL1-ctrl,neg,99.87
SYNTHETIC_ILLUSTRATIVE_NOT_REAL,PLT-A-PBM-IL1-ctrl,neg,96.86
SYNTHETIC_ILLUSTRATIVE_NOT_REAL,PLT-A-PBM-IL1-ctrl,neg,99.02
SYNTHETIC_ILLUSTRATIVE_NOT_REAL,PLT-A-PBM-IL1-ctrl,neg,98.23
SYNTHETIC_ILLUSTRATIVE_NOT_REAL,PLT-A-PBM-IL1-ctrl,neg,97.47
SYNTHETIC_ILLUSTRATIVE_NOT_REAL,PLT-A-PBM-IL1-ctrl,neg,99.52
SYNTHETIC_ILLUSTRATIVE_NOT_REAL,PLT-A-PBM-IL1-ctrl,pos,10.75
SYNTHETIC_ILLUSTRATIVE_NOT_REAL,PLT-A-PBM-IL1-ctrl,pos,9.12
SYNTHETIC_ILLUSTRATIVE_NOT_REAL,PLT-A-PBM-IL1-ctrl,pos,8.4
SYNTHETIC_ILLUSTRATIVE_NOT_REAL,PLT-A-PBM-IL1-ctrl,pos,9.88
SYNTHETIC_ILLUSTRATIVE_NOT_REAL,PLT-A-PBM-IL1-ctrl,pos,12.41
SYNTHETIC_ILLUSTRATIVE_NOT_REAL,PLT-A-PBM-IL1-ctrl,pos,9.54
SYNTHETIC_ILLUSTRATIVE_NOT_REAL,PLT-A-PBM-IL1-ctrl,pos,10.23
SYNTHETIC_ILLUSTRATIVE_NOT_REAL,PLT-A-PBM-IL1-ctrl,pos,9.68
SYNTHETIC_ILLUSTRATIVE_NOT_REAL,PLT-A-PBM-TNF-ctrl,neg,99.34
SYNTHETIC_ILLUSTRATIVE_NOT_REAL,PLT-A-PBM-TNF-ctrl,neg,100.48
SYNTHETIC_ILLUSTRATIVE_NOT_REAL,PLT-A-PBM-TNF-ctrl,neg,94.15
SYNTHETIC_ILLUSTRATIVE_NOT_REAL,PLT-A-PBM-TNF-ctrl,neg,99.35
SYNTHETIC_ILLUSTRATIVE_NOT_REAL,PLT-A-PBM-TNF-ctrl,neg,101.39
SYNTHETIC_ILLUSTRATIVE_NOT_REAL,PLT-A-PBM-TNF-ctrl,neg,97.8
SYNTHETIC_ILLUSTRATIVE_NOT_REAL,PLT-A-PBM-TNF-ctrl,neg,102.71
SYNTHETIC_ILLUSTRATIVE_NOT_REAL,PLT-A-PBM-TNF-ctrl,neg,96.27
SYNTHETIC_ILLUSTRATIVE_NOT_REAL,PLT-A-PBM-TNF-ctrl,pos,11.1
SYNTHETIC_ILLUSTRATIVE_NOT_REAL,PLT-A-PBM-TNF-ctrl,pos,9.6
SYNTHETIC_ILLUSTRATIVE_NOT_REAL,PLT-A-PBM-TNF-ctrl,pos,9.63
SYNTHETIC_ILLUSTRATIVE_NOT_REAL,PLT-A-PBM-TNF-ctrl,pos,9.8
SYNTHETIC_ILLUSTRATIVE_NOT_REAL,PLT-A-PBM-TNF-ctrl,pos,8.91
SYNTHETIC_ILLUSTRATIVE_NOT_REAL,PLT-A-PBM-MCP-ctrl,neg,97.01
SYNTHETIC_ILLUSTRATIVE_NOT_REAL,PLT-A-PBM-MCP-ctrl,neg,101.47
SYNTHETIC_ILLUSTRATIVE_NOT_REAL,PLT-A-PBM-MCP-ctrl,neg,95.17
SYNTHETIC_ILLUSTRATIVE_NOT_REAL,PLT-A-PBM-MCP-ctrl,neg,99.67
SYNTHETIC_ILLUSTRATIVE_NOT_REAL,PLT-A-PBM-MCP-ctrl,neg,102.58
SYNTHETIC_ILLUSTRATIVE_NOT_REAL,PLT-A-PBM-MCP-ctrl,neg,101.04
SYNTHETIC_ILLUSTRATIVE_NOT_REAL,PLT-A-PBM-MCP-ctrl,neg,99.31
SYNTHETIC_ILLUSTRATIVE_NOT_REAL,PLT-A-PBM-MCP-ctrl,neg,99.54
SYNTHETIC_ILLUSTRATIVE_NOT_REAL,PLT-A-PBM-MCP-ctrl,pos,9.66
SYNTHETIC_ILLUSTRATIVE_NOT_REAL,PLT-A-PBM-MCP-ctrl,pos,12.18
SYNTHETIC_ILLUSTRATIVE_NOT_REAL,PLT-A-PBM-MCP-ctrl,pos,9.96
SYNTHETIC_ILLUSTRATIVE_NOT_REAL,PLT-A-PBM-MCP-ctrl,pos,9.99
SYNTHETIC_ILLUSTRATIVE_NOT_REAL,PLT-A-PBM-MCP-ctrl,pos,9.62
SYNTHETIC_ILLUSTRATIVE_NOT_REAL,PLT-A-PBM-MCP-ctrl,pos,10.49
SYNTHETIC_ILLUSTRATIVE_NOT_REAL,PLT-A-PBM-MCP-ctrl,pos,9.51
SYNTHETIC_ILLUSTRATIVE_NOT_REAL,PLT-A-PBM-IP1-ctrl,neg,96.84
SYNTHETIC_ILLUSTRATIVE_NOT_REAL,PLT-A-PBM-IP1-ctrl,neg,99.54
SYNTHETIC_ILLUSTRATIVE_NOT_REAL,PLT-A-PBM-IP1-ctrl,neg,101.08
SYNTHETIC_ILLUSTRATIVE_NOT_REAL,PLT-A-PBM-IP1-ctrl,neg,97.9
SYNTHETIC_ILLUSTRATIVE_NOT_REAL,PLT-A-PBM-IP1-ctrl,neg,99.97
SYNTHETIC_ILLUSTRATIVE_NOT_REAL,PLT-A-PBM-IP1-ctrl,neg,99.15
SYNTHETIC_ILLUSTRATIVE_NOT_REAL,PLT-A-PBM-IP1-ctrl,neg,97.03
SYNTHETIC_ILLUSTRATIVE_NOT_REAL,PLT-A-PBM-IP1-ctrl,neg,100.9
SYNTHETIC_ILLUSTRATIVE_NOT_REAL,PLT-A-PBM-IP1-ctrl,pos,9.09
SYNTHETIC_ILLUSTRATIVE_NOT_REAL,PLT-A-PBM-IP1-ctrl,pos,9.39
SYNTHETIC_ILLUSTRATIVE_NOT_REAL,PLT-A-PBM-IP1-ctrl,pos,10.98
SYNTHETIC_ILLUSTRATIVE_NOT_REAL,PLT-A-PBM-IP1-ctrl,pos,9.1
SYNTHETIC_ILLUSTRATIVE_NOT_REAL,PLT-A-PBM-IP1-ctrl,pos,10.48
SYNTHETIC_ILLUSTRATIVE_NOT_REAL,PLT-A-PBM-IP1-ctrl,pos,10.94
SYNTHETIC_ILLUSTRATIVE_NOT_REAL,PLT-A-PBM-IP1-ctrl,pos,10.79
SYNTHETIC_ILLUSTRATIVE_NOT_REAL,PLT-A-PBM-IP1-ctrl,pos,10.37
SYNTHETIC_ILLUSTRATIVE_NOT_REAL,PLT-A-PBM-GM_-ctrl,neg,101.47
SYNTHETIC_ILLUSTRATIVE_NOT_REAL,PLT-A-PBM-GM_-ctrl,neg,100.53
SYNTHETIC_ILLUSTRATIVE_NOT_REAL,PLT-A-PBM-GM_-ctrl,neg,99.66
SYNTHETIC_ILLUSTRATIVE_NOT_REAL,PLT-A-PBM-GM_-ctrl,neg,100.36
SYNTHETIC_ILLUSTRATIVE_NOT_REAL,PLT-A-PBM-GM_-ctrl,neg,101.31
SYNTHETIC_ILLUSTRATIVE_NOT_REAL,PLT-A-PBM-GM_-ctrl,neg,101.05
SYNTHETIC_ILLUSTRATIVE_NOT_REAL,PLT-A-PBM-GM_-ctrl,neg,103.93
SYNTHETIC_ILLUSTRATIVE_NOT_REAL,PLT-A-PBM-GM_-ctrl,neg,93.8
SYNTHETIC_ILLUSTRATIVE_NOT_REAL,PLT-A-PBM-GM_-ctrl,pos,9.29
SYNTHETIC_ILLUSTRATIVE_NOT_REAL,PLT-A-PBM-GM_-ctrl,pos,9.45
SYNTHETIC_ILLUSTRATIVE_NOT_REAL,PLT-A-PBM-GM_-ctrl,pos,10.57
SYNTHETIC_ILLUSTRATIVE_NOT_REAL,PLT-A-PBM-GM_-ctrl,pos,10.09
SYNTHETIC_ILLUSTRATIVE_NOT_REAL,PLT-A-PBM-GM_-ctrl,pos,10.6
SYNTHETIC_ILLUSTRATIVE_NOT_REAL,PLT-A-PBM-GM_-ctrl,pos,8.77
SYNTHETIC_ILLUSTRATIVE_NOT_REAL,PLT-A-PBM-GM_-ctrl,pos,9.74
SYNTHETIC_ILLUSTRATIVE_NOT_REAL,PLT-A-PBM-GM_-ctrl,pos,10.43
SYNTHETIC_ILLUSTRATIVE_NOT_REAL,PLT-A-PBM-IL4-ctrl,neg,100.49
SYNTHETIC_ILLUSTRATIVE_NOT_REAL,PLT-A-PBM-IL4-ctrl,neg,99.76
SYNTHETIC_ILLUSTRATIVE_NOT_REAL,PLT-A-PBM-IL4-ctrl,neg,95.77
SYNTHETIC_ILLUSTRATIVE_NOT_REAL,PLT-A-PBM-IL4-ctrl,neg,98.05
SYNTHETIC_ILLUSTRATIVE_NOT_REAL,PLT-A-PBM-IL4-ctrl,neg,100.25
SYNTHETIC_ILLUSTRATIVE_NOT_REAL,PLT-A-PBM-IL4-ctrl,neg,105.16
SYNTHETIC_ILLUSTRATIVE_NOT_REAL,PLT-A-PBM-IL4-ctrl,neg,98.29
SYNTHETIC_ILLUSTRATIVE_NOT_REAL,PLT-A-PBM-IL4-ctrl,neg,95.35
SYNTHETIC_ILLUSTRATIVE_NOT_REAL,PLT-A-PBM-IL4-ctrl,pos,10.53
SYNTHETIC_ILLUSTRATIVE_NOT_REAL,PLT-A-PBM-IL4-ctrl,pos,9.54
SYNTHETIC_ILLUSTRATIVE_NOT_REAL,PLT-A-PBM-IL4-ctrl,pos,8.86
SYNTHETIC_ILLUSTRATIVE_NOT_REAL,PLT-A-PBM-IL4-ctrl,pos,10.37
SYNTHETIC_ILLUSTRATIVE_NOT_REAL,PLT-A-PBM-IL4-ctrl,pos,9.73
SYNTHETIC_ILLUSTRATIVE_NOT_REAL,PLT-A-PBM-IL4-ctrl,pos,9.15
SYNTHETIC_ILLUSTRATIVE_NOT_REAL,PLT-A-PBM-IL4-ctrl,pos,8.87
SYNTHETIC_ILLUSTRATIVE_NOT_REAL,PLT-A-PBM-IL4-ctrl,pos,9.82
SYNTHETIC_ILLUSTRATIVE_NOT_REAL,PLT-A-PBM-IL1-ctrl,neg,101.38
SYNTHETIC_ILLUSTRATIVE_NOT_REAL,PLT-A-PBM-IL1-ctrl,neg,101.3
SYNTHETIC_ILLUSTRATIVE_NOT_REAL,PLT-A-PBM-IL1-ctrl,neg,97.82
SYNTHETIC_ILLUSTRATIVE_NOT_REAL,PLT-A-PBM-IL1-ctrl,neg,104.74
SYNTHETIC_ILLUSTRATIVE_NOT_REAL,PLT-A-PBM-IL1-ctrl,neg,100.96
SYNTHETIC_ILLUSTRATIVE_NOT_REAL,PLT-A-PBM-IL1-ctrl,neg,97.31
SYNTHETIC_ILLUSTRATIVE_NOT_REAL,PLT-A-PBM-IL1-ctrl,neg,99.47
SYNTHETIC_ILLUSTRATIVE_NOT_REAL,PLT-A-PBM-IL1-ctrl,neg,101.68
SYNTHETIC_ILLUSTRATIVE_NOT_REAL,PLT-A-PBM-IL1-ctrl,pos,10.11
SYNTHETIC_ILLUSTRATIVE_NOT_REAL,PLT-A-PBM-IL1-ctrl,pos,10.62
SYNTHETIC_ILLUSTRATIVE_NOT_REAL,PLT-A-PBM-IL1-ctrl,pos,11.82
SYNTHETIC_ILLUSTRATIVE_NOT_REAL,PLT-A-PBM-IL1-ctrl,pos,10.68
SYNTHETIC_ILLUSTRATIVE_NOT_REAL,PLT-A-PBM-IL1-ctrl,pos,11.54
SYNTHETIC_ILLUSTRATIVE_NOT_REAL,PLT-A-PBM-IL1-ctrl,pos,10.48
SYNTHETIC_ILLUSTRATIVE_NOT_REAL,PLT-A-PBM-IL1-ctrl,pos,9.4
SYNTHETIC_ILLUSTRATIVE_NOT_REAL,PLT-A-PBM-IL1-ctrl,pos,11.14
SYNTHETIC_ILLUSTRATIVE_NOT_REAL,PLT-A-PBM-TLR-ctrl,neg,97.56
SYNTHETIC_ILLUSTRATIVE_NOT_REAL,PLT-A-PBM-TLR-ctrl,neg,102.24
SYNTHETIC_ILLUSTRATIVE_NOT_REAL,PLT-A-PBM-TLR-ctrl,neg,96.63
SYNTHETIC_ILLUSTRATIVE_NOT_REAL,PLT-A-PBM-TLR-ctrl,neg,100.52
SYNTHETIC_ILLUSTRATIVE_NOT_REAL,PLT-A-PBM-TLR-ctrl,neg,101.3
SYNTHETIC_ILLUSTRATIVE_NOT_REAL,PLT-A-PBM-TLR-ctrl,neg,102.41
SYNTHETIC_ILLUSTRATIVE_NOT_REAL,PLT-A-PBM-TLR-ctrl,neg,99.11
SYNTHETIC_ILLUSTRATIVE_NOT_REAL,PLT-A-PBM-TLR-ctrl,neg,98.44
SYNTHETIC_ILLUSTRATIVE_NOT_REAL,PLT-A-PBM-TLR-ctrl,pos,8.85
SYNTHETIC_ILLUSTRATIVE_NOT_REAL,PLT-A-PBM-TLR-ctrl,pos,10.71
SYNTHETIC_ILLUSTRATIVE_NOT_REAL,PLT-A-PBM-TLR-ctrl,pos,9.88
SYNTHETIC_ILLUSTRATIVE_NOT_REAL,PLT-A-PBM-TLR-ctrl,pos,9.62
SYNTHETIC_ILLUSTRATIVE_NOT_REAL,PLT-A-PBM-TLR-ctrl,pos,9.65
SYNTHETIC_ILLUSTRATIVE_NOT_REAL,PLT-A-PBM-TLR-ctrl,pos,10.19
SYNTHETIC_ILLUSTRATIVE_NOT_REAL,PLT-A-PBM-TLR-ctrl,pos,10.01
SYNTHETIC_ILLUSTRATIVE_NOT_REAL,PLT-A-PBM-TLR-ctrl,pos,10.93
SYNTHETIC_ILLUSTRATIVE_NOT_REAL,PLT-A-PBM-NK_-ctrl,neg,100.92
SYNTHETIC_ILLUSTRATIVE_NOT_REAL,PLT-A-PBM-NK_-ctrl,neg,98.72
SYNTHETIC_ILLUSTRATIVE_NOT_REAL,PLT-A-PBM-NK_-ctrl,neg,100.67
SYNTHETIC_ILLUSTRATIVE_NOT_REAL,PLT-A-PBM-NK_-ctrl,neg,98.27
SYNTHETIC_ILLUSTRATIVE_NOT_REAL,PLT-A-PBM-NK_-ctrl,neg,102.28
SYNTHETIC_ILLUSTRATIVE_NOT_REAL,PLT-A-PBM-NK_-ctrl,neg,103.46
SYNTHETIC_ILLUSTRATIVE_NOT_REAL,PLT-A-PBM-NK_-ctrl,neg,98.24
SYNTHETIC_ILLUSTRATIVE_NOT_REAL,PLT-A-PBM-NK_-ctrl,neg,94.91
SYNTHETIC_ILLUSTRATIVE_NOT_REAL,PLT-A-PBM-NK_-ctrl,pos,9.65
SYNTHETIC_ILLUSTRATIVE_NOT_REAL,PLT-A-PBM-NK_-ctrl,pos,9.62
SYNTHETIC_ILLUSTRATIVE_NOT_REAL,PLT-A-PBM-NK_-ctrl,pos,10.2
SYNTHETIC_ILLUSTRATIVE_NOT_REAL,PLT-A-PBM-NK_-ctrl,pos,10.06
SYNTHETIC_ILLUSTRATIVE_NOT_REAL,PLT-A-PBM-NK_-ctrl,pos,10.44
SYNTHETIC_ILLUSTRATIVE_NOT_REAL,PLT-A-PBM-NK_-ctrl,pos,12.22
SYNTHETIC_ILLUSTRATIVE_NOT_REAL,PLT-A-PBM-NK_-ctrl,pos,9.6
SYNTHETIC_ILLUSTRATIVE_NOT_REAL,PLT-A-PBM-NK_-ctrl,pos,9.75
SYNTHETIC_ILLUSTRATIVE_NOT_REAL,PLT-A-PBM-C3a-ctrl,neg,100.96
SYNTHETIC_ILLUSTRATIVE_NOT_REAL,PLT-A-PBM-C3a-ctrl,neg,98.62
SYNTHETIC_ILLUSTRATIVE_NOT_REAL,PLT-A-PBM-C3a-ctrl,neg,101.9
SYNTHETIC_ILLUSTRATIVE_NOT_REAL,PLT-A-PBM-C3a-ctrl,neg,99.82
SYNTHETIC_ILLUSTRATIVE_NOT_REAL,PLT-A-PBM-C3a-ctrl,neg,99.68
SYNTHETIC_ILLUSTRATIVE_NOT_REAL,PLT-A-PBM-C3a-ctrl,neg,101.15
SYNTHETIC_ILLUSTRATIVE_NOT_REAL,PLT-A-PBM-C3a-ctrl,neg,102.59
SYNTHETIC_ILLUSTRATIVE_NOT_REAL,PLT-A-PBM-C3a-ctrl,neg,99.8
SYNTHETIC_ILLUSTRATIVE_NOT_REAL,PLT-A-PBM-C3a-ctrl,pos,11.09
SYNTHETIC_ILLUSTRATIVE_NOT_REAL,PLT-A-PBM-C3a-ctrl,pos,9.32
SYNTHETIC_ILLUSTRATIVE_NOT_REAL,PLT-A-PBM-C3a-ctrl,pos,10.34
SYNTHETIC_ILLUSTRATIVE_NOT_REAL,PLT-A-PBM-C3a-ctrl,pos,9.22
SYNTHETIC_ILLUSTRATIVE_NOT_REAL,PLT-A-PBM-C3a-ctrl,pos,10.28
SYNTHETIC_ILLUSTRATIVE_NOT_REAL,PLT-A-PBM-C3a-ctrl,pos,9.38
SYNTHETIC_ILLUSTRATIVE_NOT_REAL,PLT-A-PBM-C3a-ctrl,pos,10.14
SYNTHETIC_ILLUSTRATIVE_NOT_REAL,PLT-A-PBM-C3a-ctrl,pos,10.61
SYNTHETIC_ILLUSTRATIVE_NOT_REAL,PLT-A-PBM-C5a-ctrl,neg,102.53
SYNTHETIC_ILLUSTRATIVE_NOT_REAL,PLT-A-PBM-C5a-ctrl,neg,100.21
SYNTHETIC_ILLUSTRATIVE_NOT_REAL,PLT-A-PBM-C5a-ctrl,neg,96.17
SYNTHETIC_ILLUSTRATIVE_NOT_REAL,PLT-A-PBM-C5a-ctrl,neg,98.11
SYNTHETIC_ILLUSTRATIVE_NOT_REAL,PLT-A-PBM-C5a-ctrl,neg,100.98
SYNTHETIC_ILLUSTRATIVE_NOT_REAL,PLT-A-PBM-C5a-ctrl,neg,101.03
SYNTHETIC_ILLUSTRATIVE_NOT_REAL,PLT-A-PBM-C5a-ctrl,neg,100.6
SYNTHETIC_ILLUSTRATIVE_NOT_REAL,PLT-A-PBM-C5a-ctrl,neg,100.67
SYNTHETIC_ILLUSTRATIVE_NOT_REAL,PLT-A-PBM-C5a-ctrl,pos,9.35
SYNTHETIC_ILLUSTRATIVE_NOT_REAL,PLT-A-PBM-C5a-ctrl,pos,9.98
SYNTHETIC_ILLUSTRATIVE_NOT_REAL,PLT-A-PBM-C5a-ctrl,pos,9.12
SYNTHETIC_ILLUSTRATIVE_NOT_REAL,PLT-A-PBM-C5a-ctrl,pos,9.39
SYNTHETIC_ILLUSTRATIVE_NOT_REAL,PLT-A-PBM-C5a-ctrl,pos,9.33
SYNTHETIC_ILLUSTRATIVE_NOT_REAL,PLT-A-PBM-C5a-ctrl,pos,9.78
SYNTHETIC_ILLUSTRATIVE_NOT_REAL,PLT-A-PBM-C5a-ctrl,pos,9.87
SYNTHETIC_ILLUSTRATIVE_NOT_REAL,PLT-A-PBM-C1q-ctrl,neg,97.01
SYNTHETIC_ILLUSTRATIVE_NOT_REAL,PLT-A-PBM-C1q-ctrl,neg,96.83
SYNTHETIC_ILLUSTRATIVE_NOT_REAL,PLT-A-PBM-C1q-ctrl,neg,102.25
SYNTHETIC_ILLUSTRATIVE_NOT_REAL,PLT-A-PBM-C1q-ctrl,neg,97.48
SYNTHETIC_ILLUSTRATIVE_NOT_REAL,PLT-A-PBM-C1q-ctrl,neg,99.06
SYNTHETIC_ILLUSTRATIVE_NOT_REAL,PLT-A-PBM-C1q-ctrl,neg,97.79
SYNTHETIC_ILLUSTRATIVE_NOT_REAL,PLT-A-PBM-C1q-ctrl,neg,101.72
SYNTHETIC_ILLUSTRATIVE_NOT_REAL,PLT-A-PBM-C1q-ctrl,neg,98.86
SYNTHETIC_ILLUSTRATIVE_NOT_REAL,PLT-A-PBM-C1q-ctrl,pos,10.96
SYNTHETIC_ILLUSTRATIVE_NOT_REAL,PLT-A-PBM-C1q-ctrl,pos,10.23
SYNTHETIC_ILLUSTRATIVE_NOT_REAL,PLT-A-PBM-C1q-ctrl,pos,10.59
SYNTHETIC_ILLUSTRATIVE_NOT_REAL,PLT-A-PBM-C1q-ctrl,pos,10.76
SYNTHETIC_ILLUSTRATIVE_NOT_REAL,PLT-A-PBM-C1q-ctrl,pos,9.05
SYNTHETIC_ILLUSTRATIVE_NOT_REAL,PLT-A-PBM-C1q-ctrl,pos,9.7
SYNTHETIC_ILLUSTRATIVE_NOT_REAL,PLT-A-PBM-C1q-ctrl,pos,9.93
SYNTHETIC_ILLUSTRATIVE_NOT_REAL,PLT-B-PHH-Cel-ctrl,neg,102.01
SYNTHETIC_ILLUSTRATIVE_NOT_REAL,PLT-B-PHH-Cel-ctrl,neg,100.69
SYNTHETIC_ILLUSTRATIVE_NOT_REAL,PLT-B-PHH-Cel-ctrl,neg,102.02
SYNTHETIC_ILLUSTRATIVE_NOT_REAL,PLT-B-PHH-Cel-ctrl,neg,102.06
SYNTHETIC_ILLUSTRATIVE_NOT_REAL,PLT-B-PHH-Cel-ctrl,neg,98.84
SYNTHETIC_ILLUSTRATIVE_NOT_REAL,PLT-B-PHH-Cel-ctrl,neg,100.55
SYNTHETIC_ILLUSTRATIVE_NOT_REAL,PLT-B-PHH-Cel-ctrl,neg,99.28
SYNTHETIC_ILLUSTRATIVE_NOT_REAL,PLT-B-PHH-Cel-ctrl,neg,101.3
SYNTHETIC_ILLUSTRATIVE_NOT_REAL,PLT-B-PHH-Cel-ctrl,pos,9.73
SYNTHETIC_ILLUSTRATIVE_NOT_REAL,PLT-B-PHH-Cel-ctrl,pos,9.86
SYNTHETIC_ILLUSTRATIVE_NOT_REAL,PLT-B-PHH-Cel-ctrl,pos,11.34
SYNTHETIC_ILLUSTRATIVE_NOT_REAL,PLT-B-PHH-Cel-ctrl,pos,9.87
SYNTHETIC_ILLUSTRATIVE_NOT_REAL,PLT-B-PHH-Cel-ctrl,pos,8.78
SYNTHETIC_ILLUSTRATIVE_NOT_REAL,PLT-B-PHH-Cel-ctrl,pos,10.1
SYNTHETIC_ILLUSTRATIVE_NOT_REAL,PLT-B-PHH-Cel-ctrl,pos,10.24
SYNTHETIC_ILLUSTRATIVE_NOT_REAL,PLT-B-PHH-Cel-ctrl,pos,9.61
SYNTHETIC_ILLUSTRATIVE_NOT_REAL,PLT-B-PHH-LDH-ctrl,neg,100.2
SYNTHETIC_ILLUSTRATIVE_NOT_REAL,PLT-B-PHH-LDH-ctrl,neg,100.38
SYNTHETIC_ILLUSTRATIVE_NOT_REAL,PLT-B-PHH-LDH-ctrl,neg,97.25
SYNTHETIC_ILLUSTRATIVE_NOT_REAL,PLT-B-PHH-LDH-ctrl,neg,100.0
SYNTHETIC_ILLUSTRATIVE_NOT_REAL,PLT-B-PHH-LDH-ctrl,neg,99.33
SYNTHETIC_ILLUSTRATIVE_NOT_REAL,PLT-B-PHH-LDH-ctrl,neg,98.49
SYNTHETIC_ILLUSTRATIVE_NOT_REAL,PLT-B-PHH-LDH-ctrl,neg,98.97
SYNTHETIC_ILLUSTRATIVE_NOT_REAL,PLT-B-PHH-LDH-ctrl,neg,99.49
SYNTHETIC_ILLUSTRATIVE_NOT_REAL,PLT-B-PHH-LDH-ctrl,pos,10.67
SYNTHETIC_ILLUSTRATIVE_NOT_REAL,PLT-B-PHH-LDH-ctrl,pos,11.48
SYNTHETIC_ILLUSTRATIVE_NOT_REAL,PLT-B-PHH-LDH-ctrl,pos,10.11
SYNTHETIC_ILLUSTRATIVE_NOT_REAL,PLT-B-PHH-LDH-ctrl,pos,11.17
SYNTHETIC_ILLUSTRATIVE_NOT_REAL,PLT-B-PHH-LDH-ctrl,pos,10.07
SYNTHETIC_ILLUSTRATIVE_NOT_REAL,PLT-B-PHH-LDH-ctrl,pos,11.02
SYNTHETIC_ILLUSTRATIVE_NOT_REAL,PLT-B-PHH-ALT-ctrl,neg,97.39
SYNTHETIC_ILLUSTRATIVE_NOT_REAL,PLT-B-PHH-ALT-ctrl,neg,101.33
SYNTHETIC_ILLUSTRATIVE_NOT_REAL,PLT-B-PHH-ALT-ctrl,neg,102.39
SYNTHETIC_ILLUSTRATIVE_NOT_REAL,PLT-B-PHH-ALT-ctrl,neg,100.32
SYNTHETIC_ILLUSTRATIVE_NOT_REAL,PLT-B-PHH-ALT-ctrl,neg,100.82
SYNTHETIC_ILLUSTRATIVE_NOT_REAL,PLT-B-PHH-ALT-ctrl,neg,101.96
SYNTHETIC_ILLUSTRATIVE_NOT_REAL,PLT-B-PHH-ALT-ctrl,neg,103.06
SYNTHETIC_ILLUSTRATIVE_NOT_REAL,PLT-B-PHH-ALT-ctrl,neg,101.24
SYNTHETIC_ILLUSTRATIVE_NOT_REAL,PLT-B-PHH-ALT-ctrl,pos,11.34
SYNTHETIC_ILLUSTRATIVE_NOT_REAL,PLT-B-PHH-ALT-ctrl,pos,10.27
SYNTHETIC_ILLUSTRATIVE_NOT_REAL,PLT-B-PHH-ALT-ctrl,pos,11.66
SYNTHETIC_ILLUSTRATIVE_NOT_REAL,PLT-B-PHH-ALT-ctrl,pos,8.99
SYNTHETIC_ILLUSTRATIVE_NOT_REAL,PLT-B-PHH-ALT-ctrl,pos,10.78
SYNTHETIC_ILLUSTRATIVE_NOT_REAL,PLT-B-PHH-ALT-ctrl,pos,9.06
SYNTHETIC_ILLUSTRATIVE_NOT_REAL,PLT-B-PHH-AST-ctrl,neg,102.31
SYNTHETIC_ILLUSTRATIVE_NOT_REAL,PLT-B-PHH-AST-ctrl,neg,102.73
SYNTHETIC_ILLUSTRATIVE_NOT_REAL,PLT-B-PHH-AST-ctrl,neg,101.17
SYNTHETIC_ILLUSTRATIVE_NOT_REAL,PLT-B-PHH-AST-ctrl,neg,102.12
SYNTHETIC_ILLUSTRATIVE_NOT_REAL,PLT-B-PHH-AST-ctrl,neg,97.88
SYNTHETIC_ILLUSTRATIVE_NOT_REAL,PLT-B-PHH-AST-ctrl,neg,99.3
SYNTHETIC_ILLUSTRATIVE_NOT_REAL,PLT-B-PHH-AST-ctrl,neg,102.88
SYNTHETIC_ILLUSTRATIVE_NOT_REAL,PLT-B-PHH-AST-ctrl,pos,9.62
SYNTHETIC_ILLUSTRATIVE_NOT_REAL,PLT-B-PHH-AST-ctrl,pos,9.86
SYNTHETIC_ILLUSTRATIVE_NOT_REAL,PLT-B-PHH-AST-ctrl,pos,8.71
SYNTHETIC_ILLUSTRATIVE_NOT_REAL,PLT-B-PHH-AST-ctrl,pos,9.9
SYNTHETIC_ILLUSTRATIVE_NOT_REAL,PLT-B-PHH-AST-ctrl,pos,8.82
SYNTHETIC_ILLUSTRATIVE_NOT_REAL,PLT-B-PHH-AST-ctrl,pos,10.32
SYNTHETIC_ILLUSTRATIVE_NOT_REAL,PLT-B-PHH-AST-ctrl,pos,11.17
SYNTHETIC_ILLUSTRATIVE_NOT_REAL,PLT-B-PHH-AST-ctrl,pos,10.28
SYNTHETIC_ILLUSTRATIVE_NOT_REAL,PLT-B-PHH-Cas-ctrl,neg,101.64
SYNTHETIC_ILLUSTRATIVE_NOT_REAL,PLT-B-PHH-Cas-ctrl,neg,99.84
SYNTHETIC_ILLUSTRATIVE_NOT_REAL,PLT-B-PHH-Cas-ctrl,neg,95.78
SYNTHETIC_ILLUSTRATIVE_NOT_REAL,PLT-B-PHH-Cas-ctrl,neg,97.15
SYNTHETIC_ILLUSTRATIVE_NOT_REAL,PLT-B-PHH-Cas-ctrl,neg,99.02
SYNTHETIC_ILLUSTRATIVE_NOT_REAL,PLT-B-PHH-Cas-ctrl,neg,99.24
SYNTHETIC_ILLUSTRATIVE_NOT_REAL,PLT-B-PHH-Cas-ctrl,neg,97.47
SYNTHETIC_ILLUSTRATIVE_NOT_REAL,PLT-B-PHH-Cas-ctrl,neg,99.25
SYNTHETIC_ILLUSTRATIVE_NOT_REAL,PLT-B-PHH-Cas-ctrl,pos,10.08
SYNTHETIC_ILLUSTRATIVE_NOT_REAL,PLT-B-PHH-Cas-ctrl,pos,9.5
SYNTHETIC_ILLUSTRATIVE_NOT_REAL,PLT-B-PHH-Cas-ctrl,pos,9.88
SYNTHETIC_ILLUSTRATIVE_NOT_REAL,PLT-B-PHH-Cas-ctrl,pos,9.91
SYNTHETIC_ILLUSTRATIVE_NOT_REAL,PLT-B-PHH-Cas-ctrl,pos,9.45
SYNTHETIC_ILLUSTRATIVE_NOT_REAL,PLT-B-PHH-Cas-ctrl,pos,9.32
SYNTHETIC_ILLUSTRATIVE_NOT_REAL,PLT-B-PHH-Cas-ctrl,pos,9.89
SYNTHETIC_ILLUSTRATIVE_NOT_REAL,PLT-B-PHH-Cas-ctrl,pos,10.19
SYNTHETIC_ILLUSTRATIVE_NOT_REAL,PLT-B-PHH-HMG-ctrl,neg,102.28
SYNTHETIC_ILLUSTRATIVE_NOT_REAL,PLT-B-PHH-HMG-ctrl,neg,98.86
SYNTHETIC_ILLUSTRATIVE_NOT_REAL,PLT-B-PHH-HMG-ctrl,neg,100.5
SYNTHETIC_ILLUSTRATIVE_NOT_REAL,PLT-B-PHH-HMG-ctrl,neg,100.45
SYNTHETIC_ILLUSTRATIVE_NOT_REAL,PLT-B-PHH-HMG-ctrl,neg,98.8
SYNTHETIC_ILLUSTRATIVE_NOT_REAL,PLT-B-PHH-HMG-ctrl,neg,100.36
SYNTHETIC_ILLUSTRATIVE_NOT_REAL,PLT-B-PHH-HMG-ctrl,neg,101.89
SYNTHETIC_ILLUSTRATIVE_NOT_REAL,PLT-B-PHH-HMG-ctrl,pos,9.72
SYNTHETIC_ILLUSTRATIVE_NOT_REAL,PLT-B-PHH-HMG-ctrl,pos,12.16
SYNTHETIC_ILLUSTRATIVE_NOT_REAL,PLT-B-PHH-HMG-ctrl,pos,10.23
SYNTHETIC_ILLUSTRATIVE_NOT_REAL,PLT-B-PHH-HMG-ctrl,pos,9.76
SYNTHETIC_ILLUSTRATIVE_NOT_REAL,PLT-B-PHH-HMG-ctrl,pos,9.43
SYNTHETIC_ILLUSTRATIVE_NOT_REAL,PLT-B-PHH-HMG-ctrl,pos,9.23
SYNTHETIC_ILLUSTRATIVE_NOT_REAL,PLT-B-PHH-HMG-ctrl,pos,10.58
SYNTHETIC_ILLUSTRATIVE_NOT_REAL,PLT-B-PHH-HMG-ctrl,pos,7.8
SYNTHETIC_ILLUSTRATIVE_NOT_REAL,PLT-B-PHH-ROS-ctrl,neg,99.29
SYNTHETIC_ILLUSTRATIVE_NOT_REAL,PLT-B-PHH-ROS-ctrl,neg,101.38
SYNTHETIC_ILLUSTRATIVE_NOT_REAL,PLT-B-PHH-ROS-ctrl,neg,103.04
SYNTHETIC_ILLUSTRATIVE_NOT_REAL,PLT-B-PHH-ROS-ctrl,neg,101.6
SYNTHETIC_ILLUSTRATIVE_NOT_REAL,PLT-B-PHH-ROS-ctrl,neg,102.37
SYNTHETIC_ILLUSTRATIVE_NOT_REAL,PLT-B-PHH-ROS-ctrl,neg,97.94
SYNTHETIC_ILLUSTRATIVE_NOT_REAL,PLT-B-PHH-ROS-ctrl,neg,93.83
SYNTHETIC_ILLUSTRATIVE_NOT_REAL,PLT-B-PHH-ROS-ctrl,neg,102.52
SYNTHETIC_ILLUSTRATIVE_NOT_REAL,PLT-B-PHH-ROS-ctrl,pos,10.11
SYNTHETIC_ILLUSTRATIVE_NOT_REAL,PLT-B-PHH-ROS-ctrl,pos,9.91
SYNTHETIC_ILLUSTRATIVE_NOT_REAL,PLT-B-PHH-ROS-ctrl,pos,11.23
SYNTHETIC_ILLUSTRATIVE_NOT_REAL,PLT-B-PHH-ROS-ctrl,pos,9.24
SYNTHETIC_ILLUSTRATIVE_NOT_REAL,PLT-B-PHH-ROS-ctrl,pos,9.25
SYNTHETIC_ILLUSTRATIVE_NOT_REAL,PLT-B-PHH-ROS-ctrl,pos,9.41
SYNTHETIC_ILLUSTRATIVE_NOT_REAL,PLT-B-PHH-ROS-ctrl,pos,11.19
SYNTHETIC_ILLUSTRATIVE_NOT_REAL,PLT-B-PHH-ROS-ctrl,pos,10.69
SYNTHETIC_ILLUSTRATIVE_NOT_REAL,PLT-B-PHH-Lip-ctrl,neg,103.17
SYNTHETIC_ILLUSTRATIVE_NOT_REAL,PLT-B-PHH-Lip-ctrl,neg,101.49
SYNTHETIC_ILLUSTRATIVE_NOT_REAL,PLT-B-PHH-Lip-ctrl,neg,101.92
SYNTHETIC_ILLUSTRATIVE_NOT_REAL,PLT-B-PHH-Lip-ctrl,neg,100.46
SYNTHETIC_ILLUSTRATIVE_NOT_REAL,PLT-B-PHH-Lip-ctrl,neg,100.91
SYNTHETIC_ILLUSTRATIVE_NOT_REAL,PLT-B-PHH-Lip-ctrl,neg,100.52
SYNTHETIC_ILLUSTRATIVE_NOT_REAL,PLT-B-PHH-Lip-ctrl,neg,101.1
SYNTHETIC_ILLUSTRATIVE_NOT_REAL,PLT-B-PHH-Lip-ctrl,neg,101.58
SYNTHETIC_ILLUSTRATIVE_NOT_REAL,PLT-B-PHH-Lip-ctrl,pos,11.16
SYNTHETIC_ILLUSTRATIVE_NOT_REAL,PLT-B-PHH-Lip-ctrl,pos,9.23
SYNTHETIC_ILLUSTRATIVE_NOT_REAL,PLT-B-PHH-Lip-ctrl,pos,10.37
SYNTHETIC_ILLUSTRATIVE_NOT_REAL,PLT-B-PHH-Lip-ctrl,pos,11.23
SYNTHETIC_ILLUSTRATIVE_NOT_REAL,PLT-B-PHH-Lip-ctrl,pos,11.06
SYNTHETIC_ILLUSTRATIVE_NOT_REAL,PLT-B-PHH-Lip-ctrl,pos,9.21
SYNTHETIC_ILLUSTRATIVE_NOT_REAL,PLT-B-PHH-Lip-ctrl,pos,10.23
SYNTHETIC_ILLUSTRATIVE_NOT_REAL,PLT-B-PHH-Lip-ctrl,pos,10.21
SYNTHETIC_ILLUSTRATIVE_NOT_REAL,PLT-B-PHH-Mit-ctrl,neg,98.54
SYNTHETIC_ILLUSTRATIVE_NOT_REAL,PLT-B-PHH-Mit-ctrl,neg,98.12
SYNTHETIC_ILLUSTRATIVE_NOT_REAL,PLT-B-PHH-Mit-ctrl,neg,99.6
SYNTHETIC_ILLUSTRATIVE_NOT_REAL,PLT-B-PHH-Mit-ctrl,neg,99.37
SYNTHETIC_ILLUSTRATIVE_NOT_REAL,PLT-B-PHH-Mit-ctrl,neg,100.55
SYNTHETIC_ILLUSTRATIVE_NOT_REAL,PLT-B-PHH-Mit-ctrl,neg,102.69
SYNTHETIC_ILLUSTRATIVE_NOT_REAL,PLT-B-PHH-Mit-ctrl,neg,99.79
SYNTHETIC_ILLUSTRATIVE_NOT_REAL,PLT-B-PHH-Mit-ctrl,neg,101.13
SYNTHETIC_ILLUSTRATIVE_NOT_REAL,PLT-B-PHH-Mit-ctrl,pos,9.56
SYNTHETIC_ILLUSTRATIVE_NOT_REAL,PLT-B-PHH-Mit-ctrl,pos,9.64
SYNTHETIC_ILLUSTRATIVE_NOT_REAL,PLT-B-PHH-Mit-ctrl,pos,10.25
SYNTHETIC_ILLUSTRATIVE_NOT_REAL,PLT-B-PHH-Mit-ctrl,pos,9.49
SYNTHETIC_ILLUSTRATIVE_NOT_REAL,PLT-B-PHH-Mit-ctrl,pos,10.95
SYNTHETIC_ILLUSTRATIVE_NOT_REAL,PLT-B-PHH-Mit-ctrl,pos,9.7
SYNTHETIC_ILLUSTRATIVE_NOT_REAL,PLT-B-PHH-Mit-ctrl,pos,9.89
SYNTHETIC_ILLUSTRATIVE_NOT_REAL,PLT-B-PHH-Mit-ctrl,pos,9.2
SYNTHETIC_ILLUSTRATIVE_NOT_REAL,PLT-B-PHH-Bil-ctrl,neg,102.26
SYNTHETIC_ILLUSTRATIVE_NOT_REAL,PLT-B-PHH-Bil-ctrl,neg,99.85
SYNTHETIC_ILLUSTRATIVE_NOT_REAL,PLT-B-PHH-Bil-ctrl,neg,99.3
SYNTHETIC_ILLUSTRATIVE_NOT_REAL,PLT-B-PHH-Bil-ctrl,neg,97.0
SYNTHETIC_ILLUSTRATIVE_NOT_REAL,PLT-B-PHH-Bil-ctrl,neg,102.35
SYNTHETIC_ILLUSTRATIVE_NOT_REAL,PLT-B-PHH-Bil-ctrl,neg,102.1
SYNTHETIC_ILLUSTRATIVE_NOT_REAL,PLT-B-PHH-Bil-ctrl,neg,100.65
SYNTHETIC_ILLUSTRATIVE_NOT_REAL,PLT-B-PHH-Bil-ctrl,neg,101.56
SYNTHETIC_ILLUSTRATIVE_NOT_REAL,PLT-B-PHH-Bil-ctrl,pos,7.41
SYNTHETIC_ILLUSTRATIVE_NOT_REAL,PLT-B-PHH-Bil-ctrl,pos,9.58
SYNTHETIC_ILLUSTRATIVE_NOT_REAL,PLT-B-PHH-Bil-ctrl,pos,10.13
SYNTHETIC_ILLUSTRATIVE_NOT_REAL,PLT-B-PHH-Bil-ctrl,pos,10.09
SYNTHETIC_ILLUSTRATIVE_NOT_REAL,PLT-B-PHH-Bil-ctrl,pos,9.55
SYNTHETIC_ILLUSTRATIVE_NOT_REAL,PLT-B-PHH-Bil-ctrl,pos,10.19
SYNTHETIC_ILLUSTRATIVE_NOT_REAL,PLT-B-PHH-Bil-ctrl,pos,9.42
SYNTHETIC_ILLUSTRATIVE_NOT_REAL,PLT-B-PHH-Bil-ctrl,pos,9.48
SYNTHETIC_ILLUSTRATIVE_NOT_REAL,PLT-B-PHH-Gen-ctrl,neg,102.36
SYNTHETIC_ILLUSTRATIVE_NOT_REAL,PLT-B-PHH-Gen-ctrl,neg,100.14
SYNTHETIC_ILLUSTRATIVE_NOT_REAL,PLT-B-PHH-Gen-ctrl,neg,97.7
SYNTHETIC_ILLUSTRATIVE_NOT_REAL,PLT-B-PHH-Gen-ctrl,neg,102.61
SYNTHETIC_ILLUSTRATIVE_NOT_REAL,PLT-B-PHH-Gen-ctrl,neg,99.35
SYNTHETIC_ILLUSTRATIVE_NOT_REAL,PLT-B-PHH-Gen-ctrl,neg,96.8
SYNTHETIC_ILLUSTRATIVE_NOT_REAL,PLT-B-PHH-Gen-ctrl,neg,96.23
SYNTHETIC_ILLUSTRATIVE_NOT_REAL,PLT-B-PHH-Gen-ctrl,neg,100.36
SYNTHETIC_ILLUSTRATIVE_NOT_REAL,PLT-B-PHH-Gen-ctrl,pos,11.15
SYNTHETIC_ILLUSTRATIVE_NOT_REAL,PLT-B-PHH-Gen-ctrl,pos,9.69
SYNTHETIC_ILLUSTRATIVE_NOT_REAL,PLT-B-PHH-Gen-ctrl,pos,9.49
SYNTHETIC_ILLUSTRATIVE_NOT_REAL,PLT-B-PHH-Gen-ctrl,pos,9.78
SYNTHETIC_ILLUSTRATIVE_NOT_REAL,PLT-B-PHH-Gen-ctrl,pos,9.32
SYNTHETIC_ILLUSTRATIVE_NOT_REAL,PLT-B-PHH-Gen-ctrl,pos,9.56
SYNTHETIC_ILLUSTRATIVE_NOT_REAL,PLT-B-PHH-Gen-ctrl,pos,10.2
SYNTHETIC_ILLUSTRATIVE_NOT_REAL,PLT-B-PHH-Gen-ctrl,pos,9.42
SYNTHETIC_ILLUSTRATIVE_NOT_REAL,PLT-B-PHH-RNA-ctrl,neg,102.14
SYNTHETIC_ILLUSTRATIVE_NOT_REAL,PLT-B-PHH-RNA-ctrl,neg,98.19
SYNTHETIC_ILLUSTRATIVE_NOT_REAL,PLT-B-PHH-RNA-ctrl,neg,100.26
SYNTHETIC_ILLUSTRATIVE_NOT_REAL,PLT-B-PHH-RNA-ctrl,neg,100.61
SYNTHETIC_ILLUSTRATIVE_NOT_REAL,PLT-B-PHH-RNA-ctrl,neg,98.57
SYNTHETIC_ILLUSTRATIVE_NOT_REAL,PLT-B-PHH-RNA-ctrl,neg,102.87
SYNTHETIC_ILLUSTRATIVE_NOT_REAL,PLT-B-PHH-RNA-ctrl,neg,99.23
SYNTHETIC_ILLUSTRATIVE_NOT_REAL,PLT-B-PHH-RNA-ctrl,pos,10.65
SYNTHETIC_ILLUSTRATIVE_NOT_REAL,PLT-B-PHH-RNA-ctrl,pos,8.65
SYNTHETIC_ILLUSTRATIVE_NOT_REAL,PLT-B-PHH-RNA-ctrl,pos,10.31
SYNTHETIC_ILLUSTRATIVE_NOT_REAL,PLT-B-PHH-RNA-ctrl,pos,10.11
SYNTHETIC_ILLUSTRATIVE_NOT_REAL,PLT-B-PHH-RNA-ctrl,pos,11.08
SYNTHETIC_ILLUSTRATIVE_NOT_REAL,PLT-B-PHH-RNA-ctrl,pos,7.92
SYNTHETIC_ILLUSTRATIVE_NOT_REAL,PLT-B-PHH-RNA-ctrl,pos,10.44
SYNTHETIC_ILLUSTRATIVE_NOT_REAL,PLT-B-PBM-IFN-ctrl,neg,98.88
SYNTHETIC_ILLUSTRATIVE_NOT_REAL,PLT-B-PBM-IFN-ctrl,neg,99.98
SYNTHETIC_ILLUSTRATIVE_NOT_REAL,PLT-B-PBM-IFN-ctrl,neg,100.47
SYNTHETIC_ILLUSTRATIVE_NOT_REAL,PLT-B-PBM-IFN-ctrl,neg,102.57
SYNTHETIC_ILLUSTRATIVE_NOT_REAL,PLT-B-PBM-IFN-ctrl,neg,99.69
SYNTHETIC_ILLUSTRATIVE_NOT_REAL,PLT-B-PBM-IFN-ctrl,neg,96.53
SYNTHETIC_ILLUSTRATIVE_NOT_REAL,PLT-B-PBM-IFN-ctrl,neg,101.16
SYNTHETIC_ILLUSTRATIVE_NOT_REAL,PLT-B-PBM-IFN-ctrl,neg,101.84
SYNTHETIC_ILLUSTRATIVE_NOT_REAL,PLT-B-PBM-IFN-ctrl,pos,8.68
SYNTHETIC_ILLUSTRATIVE_NOT_REAL,PLT-B-PBM-IFN-ctrl,pos,10.48
SYNTHETIC_ILLUSTRATIVE_NOT_REAL,PLT-B-PBM-IFN-ctrl,pos,10.14
SYNTHETIC_ILLUSTRATIVE_NOT_REAL,PLT-B-PBM-IFN-ctrl,pos,9.56
SYNTHETIC_ILLUSTRATIVE_NOT_REAL,PLT-B-PBM-IFN-ctrl,pos,10.13
SYNTHETIC_ILLUSTRATIVE_NOT_REAL,PLT-B-PBM-IFN-ctrl,pos,10.3
SYNTHETIC_ILLUSTRATIVE_NOT_REAL,PLT-B-PBM-IFN-ctrl,pos,10.47
SYNTHETIC_ILLUSTRATIVE_NOT_REAL,PLT-B-PBM-IFN-ctrl,pos,10.91
SYNTHETIC_ILLUSTRATIVE_NOT_REAL,PLT-B-PBM-IFN-ctrl,neg,98.91
SYNTHETIC_ILLUSTRATIVE_NOT_REAL,PLT-B-PBM-IFN-ctrl,neg,101.85
SYNTHETIC_ILLUSTRATIVE_NOT_REAL,PLT-B-PBM-IFN-ctrl,neg,98.65
SYNTHETIC_ILLUSTRATIVE_NOT_REAL,PLT-B-PBM-IFN-ctrl,neg,102.61
SYNTHETIC_ILLUSTRATIVE_NOT_REAL,PLT-B-PBM-IFN-ctrl,neg,103.47
SYNTHETIC_ILLUSTRATIVE_NOT_REAL,PLT-B-PBM-IFN-ctrl,neg,96.0
SYNTHETIC_ILLUSTRATIVE_NOT_REAL,PLT-B-PBM-IFN-ctrl,neg,103.44
SYNTHETIC_ILLUSTRATIVE_NOT_REAL,PLT-B-PBM-IFN-ctrl,pos,8.58
SYNTHETIC_ILLUSTRATIVE_NOT_REAL,PLT-B-PBM-IFN-ctrl,pos,11.13
SYNTHETIC_ILLUSTRATIVE_NOT_REAL,PLT-B-PBM-IFN-ctrl,pos,9.98
SYNTHETIC_ILLUSTRATIVE_NOT_REAL,PLT-B-PBM-IFN-ctrl,pos,10.27
SYNTHETIC_ILLUSTRATIVE_NOT_REAL,PLT-B-PBM-IFN-ctrl,pos,9.24
SYNTHETIC_ILLUSTRATIVE_NOT_REAL,PLT-B-PBM-IFN-ctrl,pos,10.74
SYNTHETIC_ILLUSTRATIVE_NOT_REAL,PLT-B-PBM-IFN-ctrl,pos,10.54
SYNTHETIC_ILLUSTRATIVE_NOT_REAL,PLT-B-PBM-IFN-ctrl,pos,9.55
SYNTHETIC_ILLUSTRATIVE_NOT_REAL,PLT-B-PBM-IL1-ctrl,neg,99.28
SYNTHETIC_ILLUSTRATIVE_NOT_REAL,PLT-B-PBM-IL1-ctrl,neg,100.22
SYNTHETIC_ILLUSTRATIVE_NOT_REAL,PLT-B-PBM-IL1-ctrl,neg,99.85
SYNTHETIC_ILLUSTRATIVE_NOT_REAL,PLT-B-PBM-IL1-ctrl,neg,101.25
SYNTHETIC_ILLUSTRATIVE_NOT_REAL,PLT-B-PBM-IL1-ctrl,neg,98.32
SYNTHETIC_ILLUSTRATIVE_NOT_REAL,PLT-B-PBM-IL1-ctrl,neg,97.55
SYNTHETIC_ILLUSTRATIVE_NOT_REAL,PLT-B-PBM-IL1-ctrl,neg,103.17
SYNTHETIC_ILLUSTRATIVE_NOT_REAL,PLT-B-PBM-IL1-ctrl,pos,9.44
SYNTHETIC_ILLUSTRATIVE_NOT_REAL,PLT-B-PBM-IL1-ctrl,pos,8.75
SYNTHETIC_ILLUSTRATIVE_NOT_REAL,PLT-B-PBM-IL1-ctrl,pos,8.47
SYNTHETIC_ILLUSTRATIVE_NOT_REAL,PLT-B-PBM-IL1-ctrl,pos,9.96
SYNTHETIC_ILLUSTRATIVE_NOT_REAL,PLT-B-PBM-IL1-ctrl,pos,9.48
SYNTHETIC_ILLUSTRATIVE_NOT_REAL,PLT-B-PBM-IL1-ctrl,pos,8.53
SYNTHETIC_ILLUSTRATIVE_NOT_REAL,PLT-B-PBM-IL1-ctrl,pos,9.23
SYNTHETIC_ILLUSTRATIVE_NOT_REAL,PLT-B-PBM-IL1-ctrl,pos,9.14
SYNTHETIC_ILLUSTRATIVE_NOT_REAL,PLT-B-PBM-IL6-ctrl,neg,104.87
SYNTHETIC_ILLUSTRATIVE_NOT_REAL,PLT-B-PBM-IL6-ctrl,neg,101.23
SYNTHETIC_ILLUSTRATIVE_NOT_REAL,PLT-B-PBM-IL6-ctrl,neg,100.77
SYNTHETIC_ILLUSTRATIVE_NOT_REAL,PLT-B-PBM-IL6-ctrl,neg,101.34
SYNTHETIC_ILLUSTRATIVE_NOT_REAL,PLT-B-PBM-IL6-ctrl,neg,102.98
SYNTHETIC_ILLUSTRATIVE_NOT_REAL,PLT-B-PBM-IL6-ctrl,neg,98.01
SYNTHETIC_ILLUSTRATIVE_NOT_REAL,PLT-B-PBM-IL6-ctrl,neg,100.28
SYNTHETIC_ILLUSTRATIVE_NOT_REAL,PLT-B-PBM-IL6-ctrl,pos,10.23
SYNTHETIC_ILLUSTRATIVE_NOT_REAL,PLT-B-PBM-IL6-ctrl,pos,8.47
SYNTHETIC_ILLUSTRATIVE_NOT_REAL,PLT-B-PBM-IL6-ctrl,pos,10.33
SYNTHETIC_ILLUSTRATIVE_NOT_REAL,PLT-B-PBM-IL6-ctrl,pos,8.72
SYNTHETIC_ILLUSTRATIVE_NOT_REAL,PLT-B-PBM-IL6-ctrl,pos,10.6
SYNTHETIC_ILLUSTRATIVE_NOT_REAL,PLT-B-PBM-IL6-ctrl,pos,10.66
SYNTHETIC_ILLUSTRATIVE_NOT_REAL,PLT-B-PBM-IL6-ctrl,pos,8.19
SYNTHETIC_ILLUSTRATIVE_NOT_REAL,PLT-B-PBM-IL6-ctrl,pos,10.39
SYNTHETIC_ILLUSTRATIVE_NOT_REAL,PLT-B-PBM-IL8-ctrl,neg,99.71
SYNTHETIC_ILLUSTRATIVE_NOT_REAL,PLT-B-PBM-IL8-ctrl,neg,97.7
SYNTHETIC_ILLUSTRATIVE_NOT_REAL,PLT-B-PBM-IL8-ctrl,neg,101.68
SYNTHETIC_ILLUSTRATIVE_NOT_REAL,PLT-B-PBM-IL8-ctrl,neg,97.71
SYNTHETIC_ILLUSTRATIVE_NOT_REAL,PLT-B-PBM-IL8-ctrl,neg,97.83
SYNTHETIC_ILLUSTRATIVE_NOT_REAL,PLT-B-PBM-IL8-ctrl,neg,101.8
SYNTHETIC_ILLUSTRATIVE_NOT_REAL,PLT-B-PBM-IL8-ctrl,neg,101.48
SYNTHETIC_ILLUSTRATIVE_NOT_REAL,PLT-B-PBM-IL8-ctrl,neg,102.86
SYNTHETIC_ILLUSTRATIVE_NOT_REAL,PLT-B-PBM-IL8-ctrl,pos,10.09
SYNTHETIC_ILLUSTRATIVE_NOT_REAL,PLT-B-PBM-IL8-ctrl,pos,10.9
SYNTHETIC_ILLUSTRATIVE_NOT_REAL,PLT-B-PBM-IL8-ctrl,pos,9.91
SYNTHETIC_ILLUSTRATIVE_NOT_REAL,PLT-B-PBM-IL8-ctrl,pos,9.88
SYNTHETIC_ILLUSTRATIVE_NOT_REAL,PLT-B-PBM-IL8-ctrl,pos,9.31
SYNTHETIC_ILLUSTRATIVE_NOT_REAL,PLT-B-PBM-IL8-ctrl,pos,10.31
SYNTHETIC_ILLUSTRATIVE_NOT_REAL,PLT-B-PBM-IL8-ctrl,pos,8.1
SYNTHETIC_ILLUSTRATIVE_NOT_REAL,PLT-B-PBM-IL1-ctrl,neg,98.48
SYNTHETIC_ILLUSTRATIVE_NOT_REAL,PLT-B-PBM-IL1-ctrl,neg,98.39
SYNTHETIC_ILLUSTRATIVE_NOT_REAL,PLT-B-PBM-IL1-ctrl,neg,101.13
SYNTHETIC_ILLUSTRATIVE_NOT_REAL,PLT-B-PBM-IL1-ctrl,neg,101.53
SYNTHETIC_ILLUSTRATIVE_NOT_REAL,PLT-B-PBM-IL1-ctrl,neg,96.49
SYNTHETIC_ILLUSTRATIVE_NOT_REAL,PLT-B-PBM-IL1-ctrl,neg,99.12
SYNTHETIC_ILLUSTRATIVE_NOT_REAL,PLT-B-PBM-IL1-ctrl,neg,102.48
SYNTHETIC_ILLUSTRATIVE_NOT_REAL,PLT-B-PBM-IL1-ctrl,pos,10.66
SYNTHETIC_ILLUSTRATIVE_NOT_REAL,PLT-B-PBM-IL1-ctrl,pos,10.09
SYNTHETIC_ILLUSTRATIVE_NOT_REAL,PLT-B-PBM-IL1-ctrl,pos,9.1
SYNTHETIC_ILLUSTRATIVE_NOT_REAL,PLT-B-PBM-IL1-ctrl,pos,9.43
SYNTHETIC_ILLUSTRATIVE_NOT_REAL,PLT-B-PBM-IL1-ctrl,pos,10.06
SYNTHETIC_ILLUSTRATIVE_NOT_REAL,PLT-B-PBM-IL1-ctrl,pos,11.0
SYNTHETIC_ILLUSTRATIVE_NOT_REAL,PLT-B-PBM-IL1-ctrl,pos,10.38
SYNTHETIC_ILLUSTRATIVE_NOT_REAL,PLT-B-PBM-IL1-ctrl,pos,9.92
SYNTHETIC_ILLUSTRATIVE_NOT_REAL,PLT-B-PBM-IL1-ctrl,neg,100.82
SYNTHETIC_ILLUSTRATIVE_NOT_REAL,PLT-B-PBM-IL1-ctrl,neg,99.2
SYNTHETIC_ILLUSTRATIVE_NOT_REAL,PLT-B-PBM-IL1-ctrl,neg,98.12
SYNTHETIC_ILLUSTRATIVE_NOT_REAL,PLT-B-PBM-IL1-ctrl,neg,102.5
SYNTHETIC_ILLUSTRATIVE_NOT_REAL,PLT-B-PBM-IL1-ctrl,neg,99.67
SYNTHETIC_ILLUSTRATIVE_NOT_REAL,PLT-B-PBM-IL1-ctrl,neg,103.69
SYNTHETIC_ILLUSTRATIVE_NOT_REAL,PLT-B-PBM-IL1-ctrl,neg,97.69
SYNTHETIC_ILLUSTRATIVE_NOT_REAL,PLT-B-PBM-IL1-ctrl,neg,99.31
SYNTHETIC_ILLUSTRATIVE_NOT_REAL,PLT-B-PBM-IL1-ctrl,pos,11.46
SYNTHETIC_ILLUSTRATIVE_NOT_REAL,PLT-B-PBM-IL1-ctrl,pos,9.6
SYNTHETIC_ILLUSTRATIVE_NOT_REAL,PLT-B-PBM-IL1-ctrl,pos,8.46
SYNTHETIC_ILLUSTRATIVE_NOT_REAL,PLT-B-PBM-IL1-ctrl,pos,10.91
SYNTHETIC_ILLUSTRATIVE_NOT_REAL,PLT-B-PBM-IL1-ctrl,pos,10.1
SYNTHETIC_ILLUSTRATIVE_NOT_REAL,PLT-B-PBM-IL1-ctrl,pos,9.09
SYNTHETIC_ILLUSTRATIVE_NOT_REAL,PLT-B-PBM-TNF-ctrl,neg,99.53
SYNTHETIC_ILLUSTRATIVE_NOT_REAL,PLT-B-PBM-TNF-ctrl,neg,100.58
SYNTHETIC_ILLUSTRATIVE_NOT_REAL,PLT-B-PBM-TNF-ctrl,neg,100.42
SYNTHETIC_ILLUSTRATIVE_NOT_REAL,PLT-B-PBM-TNF-ctrl,neg,99.12
SYNTHETIC_ILLUSTRATIVE_NOT_REAL,PLT-B-PBM-TNF-ctrl,neg,99.79
SYNTHETIC_ILLUSTRATIVE_NOT_REAL,PLT-B-PBM-TNF-ctrl,neg,99.5
SYNTHETIC_ILLUSTRATIVE_NOT_REAL,PLT-B-PBM-TNF-ctrl,neg,101.47
SYNTHETIC_ILLUSTRATIVE_NOT_REAL,PLT-B-PBM-TNF-ctrl,neg,103.1
SYNTHETIC_ILLUSTRATIVE_NOT_REAL,PLT-B-PBM-TNF-ctrl,pos,11.05
SYNTHETIC_ILLUSTRATIVE_NOT_REAL,PLT-B-PBM-TNF-ctrl,pos,9.75
SYNTHETIC_ILLUSTRATIVE_NOT_REAL,PLT-B-PBM-TNF-ctrl,pos,10.44
SYNTHETIC_ILLUSTRATIVE_NOT_REAL,PLT-B-PBM-TNF-ctrl,pos,9.43
SYNTHETIC_ILLUSTRATIVE_NOT_REAL,PLT-B-PBM-TNF-ctrl,pos,9.13
SYNTHETIC_ILLUSTRATIVE_NOT_REAL,PLT-B-PBM-TNF-ctrl,pos,10.06
SYNTHETIC_ILLUSTRATIVE_NOT_REAL,PLT-B-PBM-TNF-ctrl,pos,10.48
SYNTHETIC_ILLUSTRATIVE_NOT_REAL,PLT-B-PBM-TNF-ctrl,pos,9.95
SYNTHETIC_ILLUSTRATIVE_NOT_REAL,PLT-B-PBM-MCP-ctrl,neg,99.26
SYNTHETIC_ILLUSTRATIVE_NOT_REAL,PLT-B-PBM-MCP-ctrl,neg,102.69
SYNTHETIC_ILLUSTRATIVE_NOT_REAL,PLT-B-PBM-MCP-ctrl,neg,100.54
SYNTHETIC_ILLUSTRATIVE_NOT_REAL,PLT-B-PBM-MCP-ctrl,neg,98.95
SYNTHETIC_ILLUSTRATIVE_NOT_REAL,PLT-B-PBM-MCP-ctrl,neg,98.64
SYNTHETIC_ILLUSTRATIVE_NOT_REAL,PLT-B-PBM-MCP-ctrl,neg,99.63
SYNTHETIC_ILLUSTRATIVE_NOT_REAL,PLT-B-PBM-MCP-ctrl,neg,100.89
SYNTHETIC_ILLUSTRATIVE_NOT_REAL,PLT-B-PBM-MCP-ctrl,neg,99.03
SYNTHETIC_ILLUSTRATIVE_NOT_REAL,PLT-B-PBM-MCP-ctrl,pos,12.21
SYNTHETIC_ILLUSTRATIVE_NOT_REAL,PLT-B-PBM-MCP-ctrl,pos,10.16
SYNTHETIC_ILLUSTRATIVE_NOT_REAL,PLT-B-PBM-MCP-ctrl,pos,10.06
SYNTHETIC_ILLUSTRATIVE_NOT_REAL,PLT-B-PBM-MCP-ctrl,pos,10.9
SYNTHETIC_ILLUSTRATIVE_NOT_REAL,PLT-B-PBM-MCP-ctrl,pos,10.34
SYNTHETIC_ILLUSTRATIVE_NOT_REAL,PLT-B-PBM-MCP-ctrl,pos,9.74
SYNTHETIC_ILLUSTRATIVE_NOT_REAL,PLT-B-PBM-MCP-ctrl,pos,9.48
SYNTHETIC_ILLUSTRATIVE_NOT_REAL,PLT-B-PBM-IP1-ctrl,neg,98.34
SYNTHETIC_ILLUSTRATIVE_NOT_REAL,PLT-B-PBM-IP1-ctrl,neg,98.84
SYNTHETIC_ILLUSTRATIVE_NOT_REAL,PLT-B-PBM-IP1-ctrl,neg,102.06
SYNTHETIC_ILLUSTRATIVE_NOT_REAL,PLT-B-PBM-IP1-ctrl,neg,100.72
SYNTHETIC_ILLUSTRATIVE_NOT_REAL,PLT-B-PBM-IP1-ctrl,neg,94.85
SYNTHETIC_ILLUSTRATIVE_NOT_REAL,PLT-B-PBM-IP1-ctrl,neg,102.38
SYNTHETIC_ILLUSTRATIVE_NOT_REAL,PLT-B-PBM-IP1-ctrl,neg,96.09
SYNTHETIC_ILLUSTRATIVE_NOT_REAL,PLT-B-PBM-IP1-ctrl,neg,99.2
SYNTHETIC_ILLUSTRATIVE_NOT_REAL,PLT-B-PBM-IP1-ctrl,pos,10.77
SYNTHETIC_ILLUSTRATIVE_NOT_REAL,PLT-B-PBM-IP1-ctrl,pos,10.11
SYNTHETIC_ILLUSTRATIVE_NOT_REAL,PLT-B-PBM-IP1-ctrl,pos,10.44
SYNTHETIC_ILLUSTRATIVE_NOT_REAL,PLT-B-PBM-IP1-ctrl,pos,10.69
SYNTHETIC_ILLUSTRATIVE_NOT_REAL,PLT-B-PBM-IP1-ctrl,pos,10.24
SYNTHETIC_ILLUSTRATIVE_NOT_REAL,PLT-B-PBM-IP1-ctrl,pos,9.01
SYNTHETIC_ILLUSTRATIVE_NOT_REAL,PLT-B-PBM-IP1-ctrl,pos,10.3
SYNTHETIC_ILLUSTRATIVE_NOT_REAL,PLT-B-PBM-IP1-ctrl,pos,9.45
SYNTHETIC_ILLUSTRATIVE_NOT_REAL,PLT-B-PBM-GM_-ctrl,neg,98.24
SYNTHETIC_ILLUSTRATIVE_NOT_REAL,PLT-B-PBM-GM_-ctrl,neg,101.78
SYNTHETIC_ILLUSTRATIVE_NOT_REAL,PLT-B-PBM-GM_-ctrl,neg,99.41
SYNTHETIC_ILLUSTRATIVE_NOT_REAL,PLT-B-PBM-GM_-ctrl,neg,101.64
SYNTHETIC_ILLUSTRATIVE_NOT_REAL,PLT-B-PBM-GM_-ctrl,neg,98.35
SYNTHETIC_ILLUSTRATIVE_NOT_REAL,PLT-B-PBM-GM_-ctrl,neg,98.07
SYNTHETIC_ILLUSTRATIVE_NOT_REAL,PLT-B-PBM-GM_-ctrl,neg,98.26
SYNTHETIC_ILLUSTRATIVE_NOT_REAL,PLT-B-PBM-GM_-ctrl,neg,100.53
SYNTHETIC_ILLUSTRATIVE_NOT_REAL,PLT-B-PBM-GM_-ctrl,pos,8.99
SYNTHETIC_ILLUSTRATIVE_NOT_REAL,PLT-B-PBM-GM_-ctrl,pos,10.69
SYNTHETIC_ILLUSTRATIVE_NOT_REAL,PLT-B-PBM-GM_-ctrl,pos,9.77
SYNTHETIC_ILLUSTRATIVE_NOT_REAL,PLT-B-PBM-GM_-ctrl,pos,10.74
SYNTHETIC_ILLUSTRATIVE_NOT_REAL,PLT-B-PBM-GM_-ctrl,pos,9.73
SYNTHETIC_ILLUSTRATIVE_NOT_REAL,PLT-B-PBM-GM_-ctrl,pos,10.67
SYNTHETIC_ILLUSTRATIVE_NOT_REAL,PLT-B-PBM-GM_-ctrl,pos,9.22
SYNTHETIC_ILLUSTRATIVE_NOT_REAL,PLT-B-PBM-GM_-ctrl,pos,9.16
SYNTHETIC_ILLUSTRATIVE_NOT_REAL,PLT-B-PBM-IL4-ctrl,neg,96.85
SYNTHETIC_ILLUSTRATIVE_NOT_REAL,PLT-B-PBM-IL4-ctrl,neg,100.85
SYNTHETIC_ILLUSTRATIVE_NOT_REAL,PLT-B-PBM-IL4-ctrl,neg,100.97
SYNTHETIC_ILLUSTRATIVE_NOT_REAL,PLT-B-PBM-IL4-ctrl,neg,104.32
SYNTHETIC_ILLUSTRATIVE_NOT_REAL,PLT-B-PBM-IL4-ctrl,neg,98.36
SYNTHETIC_ILLUSTRATIVE_NOT_REAL,PLT-B-PBM-IL4-ctrl,neg,100.59
SYNTHETIC_ILLUSTRATIVE_NOT_REAL,PLT-B-PBM-IL4-ctrl,neg,100.3
SYNTHETIC_ILLUSTRATIVE_NOT_REAL,PLT-B-PBM-IL4-ctrl,pos,9.46
SYNTHETIC_ILLUSTRATIVE_NOT_REAL,PLT-B-PBM-IL4-ctrl,pos,10.23
SYNTHETIC_ILLUSTRATIVE_NOT_REAL,PLT-B-PBM-IL4-ctrl,pos,11.0
SYNTHETIC_ILLUSTRATIVE_NOT_REAL,PLT-B-PBM-IL4-ctrl,pos,9.33
SYNTHETIC_ILLUSTRATIVE_NOT_REAL,PLT-B-PBM-IL4-ctrl,pos,10.36
SYNTHETIC_ILLUSTRATIVE_NOT_REAL,PLT-B-PBM-IL4-ctrl,pos,10.8
SYNTHETIC_ILLUSTRATIVE_NOT_REAL,PLT-B-PBM-IL4-ctrl,pos,10.52
SYNTHETIC_ILLUSTRATIVE_NOT_REAL,PLT-B-PBM-IL4-ctrl,pos,8.73
SYNTHETIC_ILLUSTRATIVE_NOT_REAL,PLT-B-PBM-IL1-ctrl,neg,101.06
SYNTHETIC_ILLUSTRATIVE_NOT_REAL,PLT-B-PBM-IL1-ctrl,neg,99.73
SYNTHETIC_ILLUSTRATIVE_NOT_REAL,PLT-B-PBM-IL1-ctrl,neg,99.53
SYNTHETIC_ILLUSTRATIVE_NOT_REAL,PLT-B-PBM-IL1-ctrl,neg,101.07
SYNTHETIC_ILLUSTRATIVE_NOT_REAL,PLT-B-PBM-IL1-ctrl,neg,96.67
SYNTHETIC_ILLUSTRATIVE_NOT_REAL,PLT-B-PBM-IL1-ctrl,neg,100.06
SYNTHETIC_ILLUSTRATIVE_NOT_REAL,PLT-B-PBM-IL1-ctrl,pos,9.26
SYNTHETIC_ILLUSTRATIVE_NOT_REAL,PLT-B-PBM-IL1-ctrl,pos,9.19
SYNTHETIC_ILLUSTRATIVE_NOT_REAL,PLT-B-PBM-IL1-ctrl,pos,8.99
SYNTHETIC_ILLUSTRATIVE_NOT_REAL,PLT-B-PBM-IL1-ctrl,pos,9.36
SYNTHETIC_ILLUSTRATIVE_NOT_REAL,PLT-B-PBM-IL1-ctrl,pos,9.38
SYNTHETIC_ILLUSTRATIVE_NOT_REAL,PLT-B-PBM-TLR-ctrl,neg,99.84
SYNTHETIC_ILLUSTRATIVE_NOT_REAL,PLT-B-PBM-TLR-ctrl,neg,97.05
SYNTHETIC_ILLUSTRATIVE_NOT_REAL,PLT-B-PBM-TLR-ctrl,neg,100.84
SYNTHETIC_ILLUSTRATIVE_NOT_REAL,PLT-B-PBM-TLR-ctrl,neg,99.53
SYNTHETIC_ILLUSTRATIVE_NOT_REAL,PLT-B-PBM-TLR-ctrl,neg,99.58
SYNTHETIC_ILLUSTRATIVE_NOT_REAL,PLT-B-PBM-TLR-ctrl,neg,100.04
SYNTHETIC_ILLUSTRATIVE_NOT_REAL,PLT-B-PBM-TLR-ctrl,neg,101.02
SYNTHETIC_ILLUSTRATIVE_NOT_REAL,PLT-B-PBM-TLR-ctrl,neg,99.71
SYNTHETIC_ILLUSTRATIVE_NOT_REAL,PLT-B-PBM-TLR-ctrl,pos,9.22
SYNTHETIC_ILLUSTRATIVE_NOT_REAL,PLT-B-PBM-TLR-ctrl,pos,9.88
SYNTHETIC_ILLUSTRATIVE_NOT_REAL,PLT-B-PBM-TLR-ctrl,pos,10.07
SYNTHETIC_ILLUSTRATIVE_NOT_REAL,PLT-B-PBM-TLR-ctrl,pos,10.89
SYNTHETIC_ILLUSTRATIVE_NOT_REAL,PLT-B-PBM-TLR-ctrl,pos,9.01
SYNTHETIC_ILLUSTRATIVE_NOT_REAL,PLT-B-PBM-TLR-ctrl,pos,9.86
SYNTHETIC_ILLUSTRATIVE_NOT_REAL,PLT-B-PBM-TLR-ctrl,pos,9.28
SYNTHETIC_ILLUSTRATIVE_NOT_REAL,PLT-B-PBM-TLR-ctrl,pos,10.18
SYNTHETIC_ILLUSTRATIVE_NOT_REAL,PLT-B-PBM-NK_-ctrl,neg,101.14
SYNTHETIC_ILLUSTRATIVE_NOT_REAL,PLT-B-PBM-NK_-ctrl,neg,99.65
SYNTHETIC_ILLUSTRATIVE_NOT_REAL,PLT-B-PBM-NK_-ctrl,neg,97.73
SYNTHETIC_ILLUSTRATIVE_NOT_REAL,PLT-B-PBM-NK_-ctrl,neg,96.62
SYNTHETIC_ILLUSTRATIVE_NOT_REAL,PLT-B-PBM-NK_-ctrl,neg,104.62
SYNTHETIC_ILLUSTRATIVE_NOT_REAL,PLT-B-PBM-NK_-ctrl,neg,97.35
SYNTHETIC_ILLUSTRATIVE_NOT_REAL,PLT-B-PBM-NK_-ctrl,neg,99.44
SYNTHETIC_ILLUSTRATIVE_NOT_REAL,PLT-B-PBM-NK_-ctrl,neg,102.75
SYNTHETIC_ILLUSTRATIVE_NOT_REAL,PLT-B-PBM-NK_-ctrl,pos,10.22
SYNTHETIC_ILLUSTRATIVE_NOT_REAL,PLT-B-PBM-NK_-ctrl,pos,10.12
SYNTHETIC_ILLUSTRATIVE_NOT_REAL,PLT-B-PBM-NK_-ctrl,pos,8.41
SYNTHETIC_ILLUSTRATIVE_NOT_REAL,PLT-B-PBM-NK_-ctrl,pos,9.5
SYNTHETIC_ILLUSTRATIVE_NOT_REAL,PLT-B-PBM-NK_-ctrl,pos,8.95
SYNTHETIC_ILLUSTRATIVE_NOT_REAL,PLT-B-PBM-NK_-ctrl,pos,8.59
SYNTHETIC_ILLUSTRATIVE_NOT_REAL,PLT-B-PBM-NK_-ctrl,pos,10.27
SYNTHETIC_ILLUSTRATIVE_NOT_REAL,PLT-B-PBM-NK_-ctrl,pos,10.64
SYNTHETIC_ILLUSTRATIVE_NOT_REAL,PLT-B-PBM-C3a-ctrl,neg,99.93
SYNTHETIC_ILLUSTRATIVE_NOT_REAL,PLT-B-PBM-C3a-ctrl,neg,102.02
SYNTHETIC_ILLUSTRATIVE_NOT_REAL,PLT-B-PBM-C3a-ctrl,neg,98.94
SYNTHETIC_ILLUSTRATIVE_NOT_REAL,PLT-B-PBM-C3a-ctrl,neg,98.96
SYNTHETIC_ILLUSTRATIVE_NOT_REAL,PLT-B-PBM-C3a-ctrl,neg,98.11
SYNTHETIC_ILLUSTRATIVE_NOT_REAL,PLT-B-PBM-C3a-ctrl,neg,96.19
SYNTHETIC_ILLUSTRATIVE_NOT_REAL,PLT-B-PBM-C3a-ctrl,neg,99.2
SYNTHETIC_ILLUSTRATIVE_NOT_REAL,PLT-B-PBM-C3a-ctrl,neg,97.3
SYNTHETIC_ILLUSTRATIVE_NOT_REAL,PLT-B-PBM-C3a-ctrl,pos,9.62
SYNTHETIC_ILLUSTRATIVE_NOT_REAL,PLT-B-PBM-C3a-ctrl,pos,10.11
SYNTHETIC_ILLUSTRATIVE_NOT_REAL,PLT-B-PBM-C3a-ctrl,pos,10.13
SYNTHETIC_ILLUSTRATIVE_NOT_REAL,PLT-B-PBM-C3a-ctrl,pos,10.3
SYNTHETIC_ILLUSTRATIVE_NOT_REAL,PLT-B-PBM-C3a-ctrl,pos,9.68
SYNTHETIC_ILLUSTRATIVE_NOT_REAL,PLT-B-PBM-C3a-ctrl,pos,9.95
SYNTHETIC_ILLUSTRATIVE_NOT_REAL,PLT-B-PBM-C3a-ctrl,pos,10.91
SYNTHETIC_ILLUSTRATIVE_NOT_REAL,PLT-B-PBM-C3a-ctrl,pos,9.87
SYNTHETIC_ILLUSTRATIVE_NOT_REAL,PLT-B-PBM-C5a-ctrl,neg,100.94
SYNTHETIC_ILLUSTRATIVE_NOT_REAL,PLT-B-PBM-C5a-ctrl,neg,102.16
SYNTHETIC_ILLUSTRATIVE_NOT_REAL,PLT-B-PBM-C5a-ctrl,neg,102.03
SYNTHETIC_ILLUSTRATIVE_NOT_REAL,PLT-B-PBM-C5a-ctrl,neg,100.51
SYNTHETIC_ILLUSTRATIVE_NOT_REAL,PLT-B-PBM-C5a-ctrl,neg,99.2
SYNTHETIC_ILLUSTRATIVE_NOT_REAL,PLT-B-PBM-C5a-ctrl,neg,99.02
SYNTHETIC_ILLUSTRATIVE_NOT_REAL,PLT-B-PBM-C5a-ctrl,neg,97.35
SYNTHETIC_ILLUSTRATIVE_NOT_REAL,PLT-B-PBM-C5a-ctrl,neg,100.09
SYNTHETIC_ILLUSTRATIVE_NOT_REAL,PLT-B-PBM-C5a-ctrl,pos,9.96
SYNTHETIC_ILLUSTRATIVE_NOT_REAL,PLT-B-PBM-C5a-ctrl,pos,11.3
SYNTHETIC_ILLUSTRATIVE_NOT_REAL,PLT-B-PBM-C5a-ctrl,pos,10.16
SYNTHETIC_ILLUSTRATIVE_NOT_REAL,PLT-B-PBM-C5a-ctrl,pos,11.03
SYNTHETIC_ILLUSTRATIVE_NOT_REAL,PLT-B-PBM-C5a-ctrl,pos,8.49
SYNTHETIC_ILLUSTRATIVE_NOT_REAL,PLT-B-PBM-C5a-ctrl,pos,9.47
SYNTHETIC_ILLUSTRATIVE_NOT_REAL,PLT-B-PBM-C5a-ctrl,pos,9.79
SYNTHETIC_ILLUSTRATIVE_NOT_REAL,PLT-B-PBM-C1q-ctrl,neg,104.72
SYNTHETIC_ILLUSTRATIVE_NOT_REAL,PLT-B-PBM-C1q-ctrl,neg,101.52
SYNTHETIC_ILLUSTRATIVE_NOT_REAL,PLT-B-PBM-C1q-ctrl,neg,98.71
SYNTHETIC_ILLUSTRATIVE_NOT_REAL,PLT-B-PBM-C1q-ctrl,neg,98.04
SYNTHETIC_ILLUSTRATIVE_NOT_REAL,PLT-B-PBM-C1q-ctrl,neg,99.59
SYNTHETIC_ILLUSTRATIVE_NOT_REAL,PLT-B-PBM-C1q-ctrl,neg,99.03
SYNTHETIC_ILLUSTRATIVE_NOT_REAL,PLT-B-PBM-C1q-ctrl,neg,98.31
SYNTHETIC_ILLUSTRATIVE_NOT_REAL,PLT-B-PBM-C1q-ctrl,neg,102.76
SYNTHETIC_ILLUSTRATIVE_NOT_REAL,PLT-B-PBM-C1q-ctrl,pos,10.76
SYNTHETIC_ILLUSTRATIVE_NOT_REAL,PLT-B-PBM-C1q-ctrl,pos,9.12
SYNTHETIC_ILLUSTRATIVE_NOT_REAL,PLT-B-PBM-C1q-ctrl,pos,10.43
SYNTHETIC_ILLUSTRATIVE_NOT_REAL,PLT-B-PBM-C1q-ctrl,pos,10.0
SYNTHETIC_ILLUSTRATIVE_NOT_REAL,PLT-B-PBM-C1q-ctrl,pos,10.6
SYNTHETIC_ILLUSTRATIVE_NOT_REAL,PLT-B-PBM-C1q-ctrl,pos,9.46
SYNTHETIC_ILLUSTRATIVE_NOT_REAL,PLT-B-PBM-C1q-ctrl,pos,11.69
SYNTHETIC_ILLUSTRATIVE_NOT_REAL,PLT-B-PBM-C1q-ctrl,pos,10.05
SYNTHETIC_ILLUSTRATIVE_NOT_REAL,PLT-C-PHH-Cel-ctrl,neg,100.74
SYNTHETIC_ILLUSTRATIVE_NOT_REAL,PLT-C-PHH-Cel-ctrl,neg,99.82
SYNTHETIC_ILLUSTRATIVE_NOT_REAL,PLT-C-PHH-Cel-ctrl,neg,102.59
SYNTHETIC_ILLUSTRATIVE_NOT_REAL,PLT-C-PHH-Cel-ctrl,neg,99.65
SYNTHETIC_ILLUSTRATIVE_NOT_REAL,PLT-C-PHH-Cel-ctrl,neg,101.88
SYNTHETIC_ILLUSTRATIVE_NOT_REAL,PLT-C-PHH-Cel-ctrl,neg,102.17
SYNTHETIC_ILLUSTRATIVE_NOT_REAL,PLT-C-PHH-Cel-ctrl,neg,100.7
SYNTHETIC_ILLUSTRATIVE_NOT_REAL,PLT-C-PHH-Cel-ctrl,neg,99.62
SYNTHETIC_ILLUSTRATIVE_NOT_REAL,PLT-C-PHH-Cel-ctrl,pos,10.59
SYNTHETIC_ILLUSTRATIVE_NOT_REAL,PLT-C-PHH-Cel-ctrl,pos,10.36
SYNTHETIC_ILLUSTRATIVE_NOT_REAL,PLT-C-PHH-Cel-ctrl,pos,10.5
SYNTHETIC_ILLUSTRATIVE_NOT_REAL,PLT-C-PHH-Cel-ctrl,pos,9.31
SYNTHETIC_ILLUSTRATIVE_NOT_REAL,PLT-C-PHH-Cel-ctrl,pos,10.38
SYNTHETIC_ILLUSTRATIVE_NOT_REAL,PLT-C-PHH-Cel-ctrl,pos,11.28
SYNTHETIC_ILLUSTRATIVE_NOT_REAL,PLT-C-PHH-Cel-ctrl,pos,9.78
SYNTHETIC_ILLUSTRATIVE_NOT_REAL,PLT-C-PHH-LDH-ctrl,neg,100.3
SYNTHETIC_ILLUSTRATIVE_NOT_REAL,PLT-C-PHH-LDH-ctrl,neg,103.51
SYNTHETIC_ILLUSTRATIVE_NOT_REAL,PLT-C-PHH-LDH-ctrl,neg,100.81
SYNTHETIC_ILLUSTRATIVE_NOT_REAL,PLT-C-PHH-LDH-ctrl,neg,98.08
SYNTHETIC_ILLUSTRATIVE_NOT_REAL,PLT-C-PHH-LDH-ctrl,neg,99.07
SYNTHETIC_ILLUSTRATIVE_NOT_REAL,PLT-C-PHH-LDH-ctrl,neg,97.53
SYNTHETIC_ILLUSTRATIVE_NOT_REAL,PLT-C-PHH-LDH-ctrl,neg,99.94
SYNTHETIC_ILLUSTRATIVE_NOT_REAL,PLT-C-PHH-LDH-ctrl,neg,99.85
SYNTHETIC_ILLUSTRATIVE_NOT_REAL,PLT-C-PHH-LDH-ctrl,pos,9.98
SYNTHETIC_ILLUSTRATIVE_NOT_REAL,PLT-C-PHH-LDH-ctrl,pos,10.22
SYNTHETIC_ILLUSTRATIVE_NOT_REAL,PLT-C-PHH-LDH-ctrl,pos,10.83
SYNTHETIC_ILLUSTRATIVE_NOT_REAL,PLT-C-PHH-LDH-ctrl,pos,10.55
SYNTHETIC_ILLUSTRATIVE_NOT_REAL,PLT-C-PHH-LDH-ctrl,pos,9.1
SYNTHETIC_ILLUSTRATIVE_NOT_REAL,PLT-C-PHH-LDH-ctrl,pos,10.68
SYNTHETIC_ILLUSTRATIVE_NOT_REAL,PLT-C-PHH-LDH-ctrl,pos,9.21
SYNTHETIC_ILLUSTRATIVE_NOT_REAL,PLT-C-PHH-LDH-ctrl,pos,10.31
SYNTHETIC_ILLUSTRATIVE_NOT_REAL,PLT-C-PHH-ALT-ctrl,neg,94.84
SYNTHETIC_ILLUSTRATIVE_NOT_REAL,PLT-C-PHH-ALT-ctrl,neg,100.55
SYNTHETIC_ILLUSTRATIVE_NOT_REAL,PLT-C-PHH-ALT-ctrl,neg,100.24
SYNTHETIC_ILLUSTRATIVE_NOT_REAL,PLT-C-PHH-ALT-ctrl,neg,98.84
SYNTHETIC_ILLUSTRATIVE_NOT_REAL,PLT-C-PHH-ALT-ctrl,neg,100.37
SYNTHETIC_ILLUSTRATIVE_NOT_REAL,PLT-C-PHH-ALT-ctrl,neg,98.67
SYNTHETIC_ILLUSTRATIVE_NOT_REAL,PLT-C-PHH-ALT-ctrl,neg,100.27
SYNTHETIC_ILLUSTRATIVE_NOT_REAL,PLT-C-PHH-ALT-ctrl,neg,98.32
SYNTHETIC_ILLUSTRATIVE_NOT_REAL,PLT-C-PHH-ALT-ctrl,pos,10.55
SYNTHETIC_ILLUSTRATIVE_NOT_REAL,PLT-C-PHH-ALT-ctrl,pos,10.29
SYNTHETIC_ILLUSTRATIVE_NOT_REAL,PLT-C-PHH-ALT-ctrl,pos,8.87
SYNTHETIC_ILLUSTRATIVE_NOT_REAL,PLT-C-PHH-ALT-ctrl,pos,9.46
SYNTHETIC_ILLUSTRATIVE_NOT_REAL,PLT-C-PHH-ALT-ctrl,pos,10.56
SYNTHETIC_ILLUSTRATIVE_NOT_REAL,PLT-C-PHH-ALT-ctrl,pos,10.33
SYNTHETIC_ILLUSTRATIVE_NOT_REAL,PLT-C-PHH-ALT-ctrl,pos,10.12
SYNTHETIC_ILLUSTRATIVE_NOT_REAL,PLT-C-PHH-ALT-ctrl,pos,9.12
SYNTHETIC_ILLUSTRATIVE_NOT_REAL,PLT-C-PHH-AST-ctrl,neg,103.12
SYNTHETIC_ILLUSTRATIVE_NOT_REAL,PLT-C-PHH-AST-ctrl,neg,101.29
SYNTHETIC_ILLUSTRATIVE_NOT_REAL,PLT-C-PHH-AST-ctrl,neg,98.07
SYNTHETIC_ILLUSTRATIVE_NOT_REAL,PLT-C-PHH-AST-ctrl,neg,97.87
SYNTHETIC_ILLUSTRATIVE_NOT_REAL,PLT-C-PHH-AST-ctrl,neg,99.12
SYNTHETIC_ILLUSTRATIVE_NOT_REAL,PLT-C-PHH-AST-ctrl,neg,100.44
SYNTHETIC_ILLUSTRATIVE_NOT_REAL,PLT-C-PHH-AST-ctrl,neg,98.49
SYNTHETIC_ILLUSTRATIVE_NOT_REAL,PLT-C-PHH-AST-ctrl,neg,100.85
SYNTHETIC_ILLUSTRATIVE_NOT_REAL,PLT-C-PHH-AST-ctrl,pos,8.91
SYNTHETIC_ILLUSTRATIVE_NOT_REAL,PLT-C-PHH-AST-ctrl,pos,10.92
SYNTHETIC_ILLUSTRATIVE_NOT_REAL,PLT-C-PHH-AST-ctrl,pos,7.94
SYNTHETIC_ILLUSTRATIVE_NOT_REAL,PLT-C-PHH-AST-ctrl,pos,9.98
SYNTHETIC_ILLUSTRATIVE_NOT_REAL,PLT-C-PHH-AST-ctrl,pos,10.2
SYNTHETIC_ILLUSTRATIVE_NOT_REAL,PLT-C-PHH-AST-ctrl,pos,10.35
SYNTHETIC_ILLUSTRATIVE_NOT_REAL,PLT-C-PHH-AST-ctrl,pos,10.08
SYNTHETIC_ILLUSTRATIVE_NOT_REAL,PLT-C-PHH-Cas-ctrl,neg,100.03
SYNTHETIC_ILLUSTRATIVE_NOT_REAL,PLT-C-PHH-Cas-ctrl,neg,97.92
SYNTHETIC_ILLUSTRATIVE_NOT_REAL,PLT-C-PHH-Cas-ctrl,neg,99.43
SYNTHETIC_ILLUSTRATIVE_NOT_REAL,PLT-C-PHH-Cas-ctrl,neg,98.62
SYNTHETIC_ILLUSTRATIVE_NOT_REAL,PLT-C-PHH-Cas-ctrl,neg,100.01
SYNTHETIC_ILLUSTRATIVE_NOT_REAL,PLT-C-PHH-Cas-ctrl,neg,96.76
SYNTHETIC_ILLUSTRATIVE_NOT_REAL,PLT-C-PHH-Cas-ctrl,neg,96.83
SYNTHETIC_ILLUSTRATIVE_NOT_REAL,PLT-C-PHH-Cas-ctrl,neg,97.18
SYNTHETIC_ILLUSTRATIVE_NOT_REAL,PLT-C-PHH-Cas-ctrl,pos,9.88
SYNTHETIC_ILLUSTRATIVE_NOT_REAL,PLT-C-PHH-Cas-ctrl,pos,11.9
SYNTHETIC_ILLUSTRATIVE_NOT_REAL,PLT-C-PHH-Cas-ctrl,pos,10.75
SYNTHETIC_ILLUSTRATIVE_NOT_REAL,PLT-C-PHH-Cas-ctrl,pos,10.93
SYNTHETIC_ILLUSTRATIVE_NOT_REAL,PLT-C-PHH-Cas-ctrl,pos,9.99
SYNTHETIC_ILLUSTRATIVE_NOT_REAL,PLT-C-PHH-Cas-ctrl,pos,11.22
SYNTHETIC_ILLUSTRATIVE_NOT_REAL,PLT-C-PHH-Cas-ctrl,pos,10.26
SYNTHETIC_ILLUSTRATIVE_NOT_REAL,PLT-C-PHH-Cas-ctrl,pos,10.04
SYNTHETIC_ILLUSTRATIVE_NOT_REAL,PLT-C-PHH-HMG-ctrl,neg,101.66
SYNTHETIC_ILLUSTRATIVE_NOT_REAL,PLT-C-PHH-HMG-ctrl,neg,96.92
SYNTHETIC_ILLUSTRATIVE_NOT_REAL,PLT-C-PHH-HMG-ctrl,neg,98.79
SYNTHETIC_ILLUSTRATIVE_NOT_REAL,PLT-C-PHH-HMG-ctrl,neg,99.81
SYNTHETIC_ILLUSTRATIVE_NOT_REAL,PLT-C-PHH-HMG-ctrl,neg,102.68
SYNTHETIC_ILLUSTRATIVE_NOT_REAL,PLT-C-PHH-HMG-ctrl,neg,101.7
SYNTHETIC_ILLUSTRATIVE_NOT_REAL,PLT-C-PHH-HMG-ctrl,neg,100.25
SYNTHETIC_ILLUSTRATIVE_NOT_REAL,PLT-C-PHH-HMG-ctrl,pos,11.49
SYNTHETIC_ILLUSTRATIVE_NOT_REAL,PLT-C-PHH-HMG-ctrl,pos,8.73
SYNTHETIC_ILLUSTRATIVE_NOT_REAL,PLT-C-PHH-HMG-ctrl,pos,9.77
SYNTHETIC_ILLUSTRATIVE_NOT_REAL,PLT-C-PHH-HMG-ctrl,pos,10.18
SYNTHETIC_ILLUSTRATIVE_NOT_REAL,PLT-C-PHH-HMG-ctrl,pos,10.98
SYNTHETIC_ILLUSTRATIVE_NOT_REAL,PLT-C-PHH-HMG-ctrl,pos,10.5
SYNTHETIC_ILLUSTRATIVE_NOT_REAL,PLT-C-PHH-ROS-ctrl,neg,99.37
SYNTHETIC_ILLUSTRATIVE_NOT_REAL,PLT-C-PHH-ROS-ctrl,neg,98.61
SYNTHETIC_ILLUSTRATIVE_NOT_REAL,PLT-C-PHH-ROS-ctrl,neg,98.51
SYNTHETIC_ILLUSTRATIVE_NOT_REAL,PLT-C-PHH-ROS-ctrl,neg,100.85
SYNTHETIC_ILLUSTRATIVE_NOT_REAL,PLT-C-PHH-ROS-ctrl,neg,102.34
SYNTHETIC_ILLUSTRATIVE_NOT_REAL,PLT-C-PHH-ROS-ctrl,neg,100.21
SYNTHETIC_ILLUSTRATIVE_NOT_REAL,PLT-C-PHH-ROS-ctrl,neg,98.25
SYNTHETIC_ILLUSTRATIVE_NOT_REAL,PLT-C-PHH-ROS-ctrl,neg,100.41
SYNTHETIC_ILLUSTRATIVE_NOT_REAL,PLT-C-PHH-ROS-ctrl,pos,9.38
SYNTHETIC_ILLUSTRATIVE_NOT_REAL,PLT-C-PHH-ROS-ctrl,pos,7.9
SYNTHETIC_ILLUSTRATIVE_NOT_REAL,PLT-C-PHH-ROS-ctrl,pos,10.1
SYNTHETIC_ILLUSTRATIVE_NOT_REAL,PLT-C-PHH-ROS-ctrl,pos,8.63
SYNTHETIC_ILLUSTRATIVE_NOT_REAL,PLT-C-PHH-ROS-ctrl,pos,9.5
SYNTHETIC_ILLUSTRATIVE_NOT_REAL,PLT-C-PHH-ROS-ctrl,pos,10.04
SYNTHETIC_ILLUSTRATIVE_NOT_REAL,PLT-C-PHH-ROS-ctrl,pos,9.68
SYNTHETIC_ILLUSTRATIVE_NOT_REAL,PLT-C-PHH-ROS-ctrl,pos,9.79
SYNTHETIC_ILLUSTRATIVE_NOT_REAL,PLT-C-PHH-Lip-ctrl,neg,101.78
SYNTHETIC_ILLUSTRATIVE_NOT_REAL,PLT-C-PHH-Lip-ctrl,neg,98.63
SYNTHETIC_ILLUSTRATIVE_NOT_REAL,PLT-C-PHH-Lip-ctrl,neg,99.29
SYNTHETIC_ILLUSTRATIVE_NOT_REAL,PLT-C-PHH-Lip-ctrl,neg,102.37
SYNTHETIC_ILLUSTRATIVE_NOT_REAL,PLT-C-PHH-Lip-ctrl,neg,99.84
SYNTHETIC_ILLUSTRATIVE_NOT_REAL,PLT-C-PHH-Lip-ctrl,neg,99.94
SYNTHETIC_ILLUSTRATIVE_NOT_REAL,PLT-C-PHH-Lip-ctrl,neg,102.77
SYNTHETIC_ILLUSTRATIVE_NOT_REAL,PLT-C-PHH-Lip-ctrl,neg,102.13
SYNTHETIC_ILLUSTRATIVE_NOT_REAL,PLT-C-PHH-Lip-ctrl,pos,10.14
SYNTHETIC_ILLUSTRATIVE_NOT_REAL,PLT-C-PHH-Lip-ctrl,pos,11.43
SYNTHETIC_ILLUSTRATIVE_NOT_REAL,PLT-C-PHH-Lip-ctrl,pos,8.81
SYNTHETIC_ILLUSTRATIVE_NOT_REAL,PLT-C-PHH-Lip-ctrl,pos,9.91
SYNTHETIC_ILLUSTRATIVE_NOT_REAL,PLT-C-PHH-Lip-ctrl,pos,9.53
SYNTHETIC_ILLUSTRATIVE_NOT_REAL,PLT-C-PHH-Lip-ctrl,pos,11.1
SYNTHETIC_ILLUSTRATIVE_NOT_REAL,PLT-C-PHH-Lip-ctrl,pos,11.18
SYNTHETIC_ILLUSTRATIVE_NOT_REAL,PLT-C-PHH-Lip-ctrl,pos,9.59
SYNTHETIC_ILLUSTRATIVE_NOT_REAL,PLT-C-PHH-Mit-ctrl,neg,101.64
SYNTHETIC_ILLUSTRATIVE_NOT_REAL,PLT-C-PHH-Mit-ctrl,neg,99.62
SYNTHETIC_ILLUSTRATIVE_NOT_REAL,PLT-C-PHH-Mit-ctrl,neg,97.11
SYNTHETIC_ILLUSTRATIVE_NOT_REAL,PLT-C-PHH-Mit-ctrl,neg,98.62
SYNTHETIC_ILLUSTRATIVE_NOT_REAL,PLT-C-PHH-Mit-ctrl,neg,98.95
SYNTHETIC_ILLUSTRATIVE_NOT_REAL,PLT-C-PHH-Mit-ctrl,neg,98.64
SYNTHETIC_ILLUSTRATIVE_NOT_REAL,PLT-C-PHH-Mit-ctrl,neg,102.69
SYNTHETIC_ILLUSTRATIVE_NOT_REAL,PLT-C-PHH-Mit-ctrl,neg,96.23
SYNTHETIC_ILLUSTRATIVE_NOT_REAL,PLT-C-PHH-Mit-ctrl,pos,9.61
SYNTHETIC_ILLUSTRATIVE_NOT_REAL,PLT-C-PHH-Mit-ctrl,pos,10.33
SYNTHETIC_ILLUSTRATIVE_NOT_REAL,PLT-C-PHH-Mit-ctrl,pos,8.3
SYNTHETIC_ILLUSTRATIVE_NOT_REAL,PLT-C-PHH-Mit-ctrl,pos,10.1
SYNTHETIC_ILLUSTRATIVE_NOT_REAL,PLT-C-PHH-Mit-ctrl,pos,9.0
SYNTHETIC_ILLUSTRATIVE_NOT_REAL,PLT-C-PHH-Mit-ctrl,pos,9.52
SYNTHETIC_ILLUSTRATIVE_NOT_REAL,PLT-C-PHH-Mit-ctrl,pos,8.75
SYNTHETIC_ILLUSTRATIVE_NOT_REAL,PLT-C-PHH-Bil-ctrl,neg,98.46
SYNTHETIC_ILLUSTRATIVE_NOT_REAL,PLT-C-PHH-Bil-ctrl,neg,101.23
SYNTHETIC_ILLUSTRATIVE_NOT_REAL,PLT-C-PHH-Bil-ctrl,neg,97.32
SYNTHETIC_ILLUSTRATIVE_NOT_REAL,PLT-C-PHH-Bil-ctrl,neg,99.88
SYNTHETIC_ILLUSTRATIVE_NOT_REAL,PLT-C-PHH-Bil-ctrl,neg,101.07
SYNTHETIC_ILLUSTRATIVE_NOT_REAL,PLT-C-PHH-Bil-ctrl,neg,101.42
SYNTHETIC_ILLUSTRATIVE_NOT_REAL,PLT-C-PHH-Bil-ctrl,neg,99.0
SYNTHETIC_ILLUSTRATIVE_NOT_REAL,PLT-C-PHH-Bil-ctrl,neg,99.06
SYNTHETIC_ILLUSTRATIVE_NOT_REAL,PLT-C-PHH-Bil-ctrl,pos,9.94
SYNTHETIC_ILLUSTRATIVE_NOT_REAL,PLT-C-PHH-Bil-ctrl,pos,10.92
SYNTHETIC_ILLUSTRATIVE_NOT_REAL,PLT-C-PHH-Bil-ctrl,pos,8.64
SYNTHETIC_ILLUSTRATIVE_NOT_REAL,PLT-C-PHH-Bil-ctrl,pos,10.62
SYNTHETIC_ILLUSTRATIVE_NOT_REAL,PLT-C-PHH-Bil-ctrl,pos,10.23
SYNTHETIC_ILLUSTRATIVE_NOT_REAL,PLT-C-PHH-Bil-ctrl,pos,11.04
SYNTHETIC_ILLUSTRATIVE_NOT_REAL,PLT-C-PHH-Bil-ctrl,pos,9.15
SYNTHETIC_ILLUSTRATIVE_NOT_REAL,PLT-C-PHH-Bil-ctrl,pos,10.88
SYNTHETIC_ILLUSTRATIVE_NOT_REAL,PLT-C-PHH-Gen-ctrl,neg,100.48
SYNTHETIC_ILLUSTRATIVE_NOT_REAL,PLT-C-PHH-Gen-ctrl,neg,98.44
SYNTHETIC_ILLUSTRATIVE_NOT_REAL,PLT-C-PHH-Gen-ctrl,neg,96.98
SYNTHETIC_ILLUSTRATIVE_NOT_REAL,PLT-C-PHH-Gen-ctrl,neg,98.27
SYNTHETIC_ILLUSTRATIVE_NOT_REAL,PLT-C-PHH-Gen-ctrl,neg,97.42
SYNTHETIC_ILLUSTRATIVE_NOT_REAL,PLT-C-PHH-Gen-ctrl,neg,99.28
SYNTHETIC_ILLUSTRATIVE_NOT_REAL,PLT-C-PHH-Gen-ctrl,neg,99.31
SYNTHETIC_ILLUSTRATIVE_NOT_REAL,PLT-C-PHH-Gen-ctrl,neg,104.76
SYNTHETIC_ILLUSTRATIVE_NOT_REAL,PLT-C-PHH-Gen-ctrl,pos,8.39
SYNTHETIC_ILLUSTRATIVE_NOT_REAL,PLT-C-PHH-Gen-ctrl,pos,9.55
SYNTHETIC_ILLUSTRATIVE_NOT_REAL,PLT-C-PHH-Gen-ctrl,pos,10.43
SYNTHETIC_ILLUSTRATIVE_NOT_REAL,PLT-C-PHH-Gen-ctrl,pos,10.79
SYNTHETIC_ILLUSTRATIVE_NOT_REAL,PLT-C-PHH-Gen-ctrl,pos,11.04
SYNTHETIC_ILLUSTRATIVE_NOT_REAL,PLT-C-PHH-Gen-ctrl,pos,9.25
SYNTHETIC_ILLUSTRATIVE_NOT_REAL,PLT-C-PHH-Gen-ctrl,pos,10.62
SYNTHETIC_ILLUSTRATIVE_NOT_REAL,PLT-C-PHH-Gen-ctrl,pos,7.78
SYNTHETIC_ILLUSTRATIVE_NOT_REAL,PLT-C-PHH-RNA-ctrl,neg,99.84
SYNTHETIC_ILLUSTRATIVE_NOT_REAL,PLT-C-PHH-RNA-ctrl,neg,99.71
SYNTHETIC_ILLUSTRATIVE_NOT_REAL,PLT-C-PHH-RNA-ctrl,neg,97.61
SYNTHETIC_ILLUSTRATIVE_NOT_REAL,PLT-C-PHH-RNA-ctrl,neg,99.73
SYNTHETIC_ILLUSTRATIVE_NOT_REAL,PLT-C-PHH-RNA-ctrl,neg,96.95
SYNTHETIC_ILLUSTRATIVE_NOT_REAL,PLT-C-PHH-RNA-ctrl,neg,98.78
SYNTHETIC_ILLUSTRATIVE_NOT_REAL,PLT-C-PHH-RNA-ctrl,neg,103.51
SYNTHETIC_ILLUSTRATIVE_NOT_REAL,PLT-C-PHH-RNA-ctrl,neg,99.86
SYNTHETIC_ILLUSTRATIVE_NOT_REAL,PLT-C-PHH-RNA-ctrl,pos,9.69
SYNTHETIC_ILLUSTRATIVE_NOT_REAL,PLT-C-PHH-RNA-ctrl,pos,11.23
SYNTHETIC_ILLUSTRATIVE_NOT_REAL,PLT-C-PHH-RNA-ctrl,pos,10.25
SYNTHETIC_ILLUSTRATIVE_NOT_REAL,PLT-C-PHH-RNA-ctrl,pos,10.49
SYNTHETIC_ILLUSTRATIVE_NOT_REAL,PLT-C-PHH-RNA-ctrl,pos,10.86
SYNTHETIC_ILLUSTRATIVE_NOT_REAL,PLT-C-PHH-RNA-ctrl,pos,10.69
SYNTHETIC_ILLUSTRATIVE_NOT_REAL,PLT-C-PBM-IFN-ctrl,neg,97.91
SYNTHETIC_ILLUSTRATIVE_NOT_REAL,PLT-C-PBM-IFN-ctrl,neg,100.49
SYNTHETIC_ILLUSTRATIVE_NOT_REAL,PLT-C-PBM-IFN-ctrl,neg,103.91
SYNTHETIC_ILLUSTRATIVE_NOT_REAL,PLT-C-PBM-IFN-ctrl,neg,97.55
SYNTHETIC_ILLUSTRATIVE_NOT_REAL,PLT-C-PBM-IFN-ctrl,neg,98.36
SYNTHETIC_ILLUSTRATIVE_NOT_REAL,PLT-C-PBM-IFN-ctrl,neg,101.13
SYNTHETIC_ILLUSTRATIVE_NOT_REAL,PLT-C-PBM-IFN-ctrl,neg,100.23
SYNTHETIC_ILLUSTRATIVE_NOT_REAL,PLT-C-PBM-IFN-ctrl,pos,10.35
SYNTHETIC_ILLUSTRATIVE_NOT_REAL,PLT-C-PBM-IFN-ctrl,pos,9.76
SYNTHETIC_ILLUSTRATIVE_NOT_REAL,PLT-C-PBM-IFN-ctrl,pos,10.76
SYNTHETIC_ILLUSTRATIVE_NOT_REAL,PLT-C-PBM-IFN-ctrl,pos,10.27
SYNTHETIC_ILLUSTRATIVE_NOT_REAL,PLT-C-PBM-IFN-ctrl,pos,11.05
SYNTHETIC_ILLUSTRATIVE_NOT_REAL,PLT-C-PBM-IFN-ctrl,pos,8.91
SYNTHETIC_ILLUSTRATIVE_NOT_REAL,PLT-C-PBM-IFN-ctrl,pos,10.2
SYNTHETIC_ILLUSTRATIVE_NOT_REAL,PLT-C-PBM-IFN-ctrl,pos,9.82
SYNTHETIC_ILLUSTRATIVE_NOT_REAL,PLT-C-PBM-IFN-ctrl,neg,97.36
SYNTHETIC_ILLUSTRATIVE_NOT_REAL,PLT-C-PBM-IFN-ctrl,neg,97.46
SYNTHETIC_ILLUSTRATIVE_NOT_REAL,PLT-C-PBM-IFN-ctrl,neg,101.23
SYNTHETIC_ILLUSTRATIVE_NOT_REAL,PLT-C-PBM-IFN-ctrl,neg,99.6
SYNTHETIC_ILLUSTRATIVE_NOT_REAL,PLT-C-PBM-IFN-ctrl,neg,100.63
SYNTHETIC_ILLUSTRATIVE_NOT_REAL,PLT-C-PBM-IFN-ctrl,neg,100.3
SYNTHETIC_ILLUSTRATIVE_NOT_REAL,PLT-C-PBM-IFN-ctrl,neg,99.92
SYNTHETIC_ILLUSTRATIVE_NOT_REAL,PLT-C-PBM-IFN-ctrl,neg,98.1
SYNTHETIC_ILLUSTRATIVE_NOT_REAL,PLT-C-PBM-IFN-ctrl,pos,10.34
SYNTHETIC_ILLUSTRATIVE_NOT_REAL,PLT-C-PBM-IFN-ctrl,pos,11.15
SYNTHETIC_ILLUSTRATIVE_NOT_REAL,PLT-C-PBM-IFN-ctrl,pos,9.42
SYNTHETIC_ILLUSTRATIVE_NOT_REAL,PLT-C-PBM-IFN-ctrl,pos,11.61
SYNTHETIC_ILLUSTRATIVE_NOT_REAL,PLT-C-PBM-IFN-ctrl,pos,11.35
SYNTHETIC_ILLUSTRATIVE_NOT_REAL,PLT-C-PBM-IFN-ctrl,pos,10.74
SYNTHETIC_ILLUSTRATIVE_NOT_REAL,PLT-C-PBM-IFN-ctrl,pos,9.22
SYNTHETIC_ILLUSTRATIVE_NOT_REAL,PLT-C-PBM-IL1-ctrl,neg,99.15
SYNTHETIC_ILLUSTRATIVE_NOT_REAL,PLT-C-PBM-IL1-ctrl,neg,101.08
SYNTHETIC_ILLUSTRATIVE_NOT_REAL,PLT-C-PBM-IL1-ctrl,neg,102.42
SYNTHETIC_ILLUSTRATIVE_NOT_REAL,PLT-C-PBM-IL1-ctrl,neg,103.27
SYNTHETIC_ILLUSTRATIVE_NOT_REAL,PLT-C-PBM-IL1-ctrl,neg,96.74
SYNTHETIC_ILLUSTRATIVE_NOT_REAL,PLT-C-PBM-IL1-ctrl,neg,100.01
SYNTHETIC_ILLUSTRATIVE_NOT_REAL,PLT-C-PBM-IL1-ctrl,neg,97.81
SYNTHETIC_ILLUSTRATIVE_NOT_REAL,PLT-C-PBM-IL1-ctrl,neg,101.39
SYNTHETIC_ILLUSTRATIVE_NOT_REAL,PLT-C-PBM-IL1-ctrl,pos,10.24
SYNTHETIC_ILLUSTRATIVE_NOT_REAL,PLT-C-PBM-IL1-ctrl,pos,10.04
SYNTHETIC_ILLUSTRATIVE_NOT_REAL,PLT-C-PBM-IL1-ctrl,pos,9.62
SYNTHETIC_ILLUSTRATIVE_NOT_REAL,PLT-C-PBM-IL1-ctrl,pos,9.27
SYNTHETIC_ILLUSTRATIVE_NOT_REAL,PLT-C-PBM-IL1-ctrl,pos,8.69
SYNTHETIC_ILLUSTRATIVE_NOT_REAL,PLT-C-PBM-IL1-ctrl,pos,9.88
SYNTHETIC_ILLUSTRATIVE_NOT_REAL,PLT-C-PBM-IL1-ctrl,pos,10.07
SYNTHETIC_ILLUSTRATIVE_NOT_REAL,PLT-C-PBM-IL6-ctrl,neg,98.16
SYNTHETIC_ILLUSTRATIVE_NOT_REAL,PLT-C-PBM-IL6-ctrl,neg,100.26
SYNTHETIC_ILLUSTRATIVE_NOT_REAL,PLT-C-PBM-IL6-ctrl,neg,100.64
SYNTHETIC_ILLUSTRATIVE_NOT_REAL,PLT-C-PBM-IL6-ctrl,neg,100.69
SYNTHETIC_ILLUSTRATIVE_NOT_REAL,PLT-C-PBM-IL6-ctrl,neg,95.98
SYNTHETIC_ILLUSTRATIVE_NOT_REAL,PLT-C-PBM-IL6-ctrl,neg,98.03
SYNTHETIC_ILLUSTRATIVE_NOT_REAL,PLT-C-PBM-IL6-ctrl,neg,100.78
SYNTHETIC_ILLUSTRATIVE_NOT_REAL,PLT-C-PBM-IL6-ctrl,neg,101.26
SYNTHETIC_ILLUSTRATIVE_NOT_REAL,PLT-C-PBM-IL6-ctrl,pos,10.08
SYNTHETIC_ILLUSTRATIVE_NOT_REAL,PLT-C-PBM-IL6-ctrl,pos,10.2
SYNTHETIC_ILLUSTRATIVE_NOT_REAL,PLT-C-PBM-IL6-ctrl,pos,11.02
SYNTHETIC_ILLUSTRATIVE_NOT_REAL,PLT-C-PBM-IL6-ctrl,pos,9.78
SYNTHETIC_ILLUSTRATIVE_NOT_REAL,PLT-C-PBM-IL6-ctrl,pos,9.45
SYNTHETIC_ILLUSTRATIVE_NOT_REAL,PLT-C-PBM-IL6-ctrl,pos,11.23
SYNTHETIC_ILLUSTRATIVE_NOT_REAL,PLT-C-PBM-IL6-ctrl,pos,10.54
SYNTHETIC_ILLUSTRATIVE_NOT_REAL,PLT-C-PBM-IL6-ctrl,pos,9.93
SYNTHETIC_ILLUSTRATIVE_NOT_REAL,PLT-C-PBM-IL8-ctrl,neg,100.27
SYNTHETIC_ILLUSTRATIVE_NOT_REAL,PLT-C-PBM-IL8-ctrl,neg,97.01
SYNTHETIC_ILLUSTRATIVE_NOT_REAL,PLT-C-PBM-IL8-ctrl,neg,97.14
SYNTHETIC_ILLUSTRATIVE_NOT_REAL,PLT-C-PBM-IL8-ctrl,neg,99.97
SYNTHETIC_ILLUSTRATIVE_NOT_REAL,PLT-C-PBM-IL8-ctrl,neg,101.46
SYNTHETIC_ILLUSTRATIVE_NOT_REAL,PLT-C-PBM-IL8-ctrl,neg,101.54
SYNTHETIC_ILLUSTRATIVE_NOT_REAL,PLT-C-PBM-IL8-ctrl,neg,102.45
SYNTHETIC_ILLUSTRATIVE_NOT_REAL,PLT-C-PBM-IL8-ctrl,neg,98.51
SYNTHETIC_ILLUSTRATIVE_NOT_REAL,PLT-C-PBM-IL8-ctrl,pos,9.9
SYNTHETIC_ILLUSTRATIVE_NOT_REAL,PLT-C-PBM-IL8-ctrl,pos,10.65
SYNTHETIC_ILLUSTRATIVE_NOT_REAL,PLT-C-PBM-IL8-ctrl,pos,9.23
SYNTHETIC_ILLUSTRATIVE_NOT_REAL,PLT-C-PBM-IL8-ctrl,pos,9.79
SYNTHETIC_ILLUSTRATIVE_NOT_REAL,PLT-C-PBM-IL8-ctrl,pos,10.03
SYNTHETIC_ILLUSTRATIVE_NOT_REAL,PLT-C-PBM-IL8-ctrl,pos,10.01
SYNTHETIC_ILLUSTRATIVE_NOT_REAL,PLT-C-PBM-IL1-ctrl,neg,100.73
SYNTHETIC_ILLUSTRATIVE_NOT_REAL,PLT-C-PBM-IL1-ctrl,neg,101.09
SYNTHETIC_ILLUSTRATIVE_NOT_REAL,PLT-C-PBM-IL1-ctrl,neg,97.13
SYNTHETIC_ILLUSTRATIVE_NOT_REAL,PLT-C-PBM-IL1-ctrl,neg,100.64
SYNTHETIC_ILLUSTRATIVE_NOT_REAL,PLT-C-PBM-IL1-ctrl,neg,102.47
SYNTHETIC_ILLUSTRATIVE_NOT_REAL,PLT-C-PBM-IL1-ctrl,neg,100.74
SYNTHETIC_ILLUSTRATIVE_NOT_REAL,PLT-C-PBM-IL1-ctrl,neg,100.12
SYNTHETIC_ILLUSTRATIVE_NOT_REAL,PLT-C-PBM-IL1-ctrl,pos,12.41
SYNTHETIC_ILLUSTRATIVE_NOT_REAL,PLT-C-PBM-IL1-ctrl,pos,10.66
SYNTHETIC_ILLUSTRATIVE_NOT_REAL,PLT-C-PBM-IL1-ctrl,pos,10.23
SYNTHETIC_ILLUSTRATIVE_NOT_REAL,PLT-C-PBM-IL1-ctrl,pos,11.07
SYNTHETIC_ILLUSTRATIVE_NOT_REAL,PLT-C-PBM-IL1-ctrl,pos,11.56
SYNTHETIC_ILLUSTRATIVE_NOT_REAL,PLT-C-PBM-IL1-ctrl,neg,96.53
SYNTHETIC_ILLUSTRATIVE_NOT_REAL,PLT-C-PBM-IL1-ctrl,neg,103.24
SYNTHETIC_ILLUSTRATIVE_NOT_REAL,PLT-C-PBM-IL1-ctrl,neg,102.27
SYNTHETIC_ILLUSTRATIVE_NOT_REAL,PLT-C-PBM-IL1-ctrl,neg,97.38
SYNTHETIC_ILLUSTRATIVE_NOT_REAL,PLT-C-PBM-IL1-ctrl,neg,100.24
SYNTHETIC_ILLUSTRATIVE_NOT_REAL,PLT-C-PBM-IL1-ctrl,neg,100.37
SYNTHETIC_ILLUSTRATIVE_NOT_REAL,PLT-C-PBM-IL1-ctrl,neg,98.09
SYNTHETIC_ILLUSTRATIVE_NOT_REAL,PLT-C-PBM-IL1-ctrl,neg,98.77
SYNTHETIC_ILLUSTRATIVE_NOT_REAL,PLT-C-PBM-IL1-ctrl,pos,10.77
SYNTHETIC_ILLUSTRATIVE_NOT_REAL,PLT-C-PBM-IL1-ctrl,pos,10.58
SYNTHETIC_ILLUSTRATIVE_NOT_REAL,PLT-C-PBM-IL1-ctrl,pos,10.73
SYNTHETIC_ILLUSTRATIVE_NOT_REAL,PLT-C-PBM-IL1-ctrl,pos,10.28
SYNTHETIC_ILLUSTRATIVE_NOT_REAL,PLT-C-PBM-IL1-ctrl,pos,10.11
SYNTHETIC_ILLUSTRATIVE_NOT_REAL,PLT-C-PBM-IL1-ctrl,pos,10.42
SYNTHETIC_ILLUSTRATIVE_NOT_REAL,PLT-C-PBM-IL1-ctrl,pos,9.9
SYNTHETIC_ILLUSTRATIVE_NOT_REAL,PLT-C-PBM-IL1-ctrl,pos,11.36
SYNTHETIC_ILLUSTRATIVE_NOT_REAL,PLT-C-PBM-TNF-ctrl,neg,100.02
SYNTHETIC_ILLUSTRATIVE_NOT_REAL,PLT-C-PBM-TNF-ctrl,neg,100.0
SYNTHETIC_ILLUSTRATIVE_NOT_REAL,PLT-C-PBM-TNF-ctrl,neg,100.6
SYNTHETIC_ILLUSTRATIVE_NOT_REAL,PLT-C-PBM-TNF-ctrl,neg,98.84
SYNTHETIC_ILLUSTRATIVE_NOT_REAL,PLT-C-PBM-TNF-ctrl,neg,101.15
SYNTHETIC_ILLUSTRATIVE_NOT_REAL,PLT-C-PBM-TNF-ctrl,neg,101.11
SYNTHETIC_ILLUSTRATIVE_NOT_REAL,PLT-C-PBM-TNF-ctrl,neg,100.98
SYNTHETIC_ILLUSTRATIVE_NOT_REAL,PLT-C-PBM-TNF-ctrl,neg,100.23
SYNTHETIC_ILLUSTRATIVE_NOT_REAL,PLT-C-PBM-TNF-ctrl,pos,8.08
SYNTHETIC_ILLUSTRATIVE_NOT_REAL,PLT-C-PBM-TNF-ctrl,pos,9.9
SYNTHETIC_ILLUSTRATIVE_NOT_REAL,PLT-C-PBM-TNF-ctrl,pos,8.95
SYNTHETIC_ILLUSTRATIVE_NOT_REAL,PLT-C-PBM-TNF-ctrl,pos,8.73
SYNTHETIC_ILLUSTRATIVE_NOT_REAL,PLT-C-PBM-TNF-ctrl,pos,11.81
SYNTHETIC_ILLUSTRATIVE_NOT_REAL,PLT-C-PBM-TNF-ctrl,pos,9.81
SYNTHETIC_ILLUSTRATIVE_NOT_REAL,PLT-C-PBM-MCP-ctrl,neg,100.41
SYNTHETIC_ILLUSTRATIVE_NOT_REAL,PLT-C-PBM-MCP-ctrl,neg,101.16
SYNTHETIC_ILLUSTRATIVE_NOT_REAL,PLT-C-PBM-MCP-ctrl,neg,101.76
SYNTHETIC_ILLUSTRATIVE_NOT_REAL,PLT-C-PBM-MCP-ctrl,neg,98.28
SYNTHETIC_ILLUSTRATIVE_NOT_REAL,PLT-C-PBM-MCP-ctrl,neg,99.91
SYNTHETIC_ILLUSTRATIVE_NOT_REAL,PLT-C-PBM-MCP-ctrl,neg,100.9
SYNTHETIC_ILLUSTRATIVE_NOT_REAL,PLT-C-PBM-MCP-ctrl,neg,100.55
SYNTHETIC_ILLUSTRATIVE_NOT_REAL,PLT-C-PBM-MCP-ctrl,neg,98.16
SYNTHETIC_ILLUSTRATIVE_NOT_REAL,PLT-C-PBM-MCP-ctrl,pos,8.46
SYNTHETIC_ILLUSTRATIVE_NOT_REAL,PLT-C-PBM-MCP-ctrl,pos,10.27
SYNTHETIC_ILLUSTRATIVE_NOT_REAL,PLT-C-PBM-MCP-ctrl,pos,10.59
SYNTHETIC_ILLUSTRATIVE_NOT_REAL,PLT-C-PBM-MCP-ctrl,pos,11.34
SYNTHETIC_ILLUSTRATIVE_NOT_REAL,PLT-C-PBM-MCP-ctrl,pos,10.35
SYNTHETIC_ILLUSTRATIVE_NOT_REAL,PLT-C-PBM-MCP-ctrl,pos,9.33
SYNTHETIC_ILLUSTRATIVE_NOT_REAL,PLT-C-PBM-MCP-ctrl,pos,10.37
SYNTHETIC_ILLUSTRATIVE_NOT_REAL,PLT-C-PBM-MCP-ctrl,pos,9.93
SYNTHETIC_ILLUSTRATIVE_NOT_REAL,PLT-C-PBM-IP1-ctrl,neg,104.65
SYNTHETIC_ILLUSTRATIVE_NOT_REAL,PLT-C-PBM-IP1-ctrl,neg,97.24
SYNTHETIC_ILLUSTRATIVE_NOT_REAL,PLT-C-PBM-IP1-ctrl,neg,105.1
SYNTHETIC_ILLUSTRATIVE_NOT_REAL,PLT-C-PBM-IP1-ctrl,neg,98.03
SYNTHETIC_ILLUSTRATIVE_NOT_REAL,PLT-C-PBM-IP1-ctrl,neg,99.4
SYNTHETIC_ILLUSTRATIVE_NOT_REAL,PLT-C-PBM-IP1-ctrl,neg,100.55
SYNTHETIC_ILLUSTRATIVE_NOT_REAL,PLT-C-PBM-IP1-ctrl,neg,102.16
SYNTHETIC_ILLUSTRATIVE_NOT_REAL,PLT-C-PBM-IP1-ctrl,neg,101.34
SYNTHETIC_ILLUSTRATIVE_NOT_REAL,PLT-C-PBM-IP1-ctrl,pos,9.7
SYNTHETIC_ILLUSTRATIVE_NOT_REAL,PLT-C-PBM-IP1-ctrl,pos,10.92
SYNTHETIC_ILLUSTRATIVE_NOT_REAL,PLT-C-PBM-IP1-ctrl,pos,11.21
SYNTHETIC_ILLUSTRATIVE_NOT_REAL,PLT-C-PBM-IP1-ctrl,pos,9.55
SYNTHETIC_ILLUSTRATIVE_NOT_REAL,PLT-C-PBM-IP1-ctrl,pos,10.96
SYNTHETIC_ILLUSTRATIVE_NOT_REAL,PLT-C-PBM-IP1-ctrl,pos,10.43
SYNTHETIC_ILLUSTRATIVE_NOT_REAL,PLT-C-PBM-IP1-ctrl,pos,10.19
SYNTHETIC_ILLUSTRATIVE_NOT_REAL,PLT-C-PBM-GM_-ctrl,neg,97.41
SYNTHETIC_ILLUSTRATIVE_NOT_REAL,PLT-C-PBM-GM_-ctrl,neg,97.89
SYNTHETIC_ILLUSTRATIVE_NOT_REAL,PLT-C-PBM-GM_-ctrl,neg,99.89
SYNTHETIC_ILLUSTRATIVE_NOT_REAL,PLT-C-PBM-GM_-ctrl,neg,97.09
SYNTHETIC_ILLUSTRATIVE_NOT_REAL,PLT-C-PBM-GM_-ctrl,neg,98.5
SYNTHETIC_ILLUSTRATIVE_NOT_REAL,PLT-C-PBM-GM_-ctrl,neg,99.88
SYNTHETIC_ILLUSTRATIVE_NOT_REAL,PLT-C-PBM-GM_-ctrl,neg,99.95
SYNTHETIC_ILLUSTRATIVE_NOT_REAL,PLT-C-PBM-GM_-ctrl,pos,10.87
SYNTHETIC_ILLUSTRATIVE_NOT_REAL,PLT-C-PBM-GM_-ctrl,pos,8.65
SYNTHETIC_ILLUSTRATIVE_NOT_REAL,PLT-C-PBM-GM_-ctrl,pos,10.1
SYNTHETIC_ILLUSTRATIVE_NOT_REAL,PLT-C-PBM-GM_-ctrl,pos,9.96
SYNTHETIC_ILLUSTRATIVE_NOT_REAL,PLT-C-PBM-GM_-ctrl,pos,10.21
SYNTHETIC_ILLUSTRATIVE_NOT_REAL,PLT-C-PBM-GM_-ctrl,pos,9.22
SYNTHETIC_ILLUSTRATIVE_NOT_REAL,PLT-C-PBM-GM_-ctrl,pos,9.66
SYNTHETIC_ILLUSTRATIVE_NOT_REAL,PLT-C-PBM-GM_-ctrl,pos,9.92
SYNTHETIC_ILLUSTRATIVE_NOT_REAL,PLT-C-PBM-IL4-ctrl,neg,97.18
SYNTHETIC_ILLUSTRATIVE_NOT_REAL,PLT-C-PBM-IL4-ctrl,neg,99.55
SYNTHETIC_ILLUSTRATIVE_NOT_REAL,PLT-C-PBM-IL4-ctrl,neg,94.77
SYNTHETIC_ILLUSTRATIVE_NOT_REAL,PLT-C-PBM-IL4-ctrl,neg,96.78
SYNTHETIC_ILLUSTRATIVE_NOT_REAL,PLT-C-PBM-IL4-ctrl,neg,101.61
SYNTHETIC_ILLUSTRATIVE_NOT_REAL,PLT-C-PBM-IL4-ctrl,neg,102.36
SYNTHETIC_ILLUSTRATIVE_NOT_REAL,PLT-C-PBM-IL4-ctrl,neg,103.57
SYNTHETIC_ILLUSTRATIVE_NOT_REAL,PLT-C-PBM-IL4-ctrl,neg,97.54
SYNTHETIC_ILLUSTRATIVE_NOT_REAL,PLT-C-PBM-IL4-ctrl,pos,9.94
SYNTHETIC_ILLUSTRATIVE_NOT_REAL,PLT-C-PBM-IL4-ctrl,pos,9.75
SYNTHETIC_ILLUSTRATIVE_NOT_REAL,PLT-C-PBM-IL4-ctrl,pos,10.82
SYNTHETIC_ILLUSTRATIVE_NOT_REAL,PLT-C-PBM-IL4-ctrl,pos,10.25
SYNTHETIC_ILLUSTRATIVE_NOT_REAL,PLT-C-PBM-IL4-ctrl,pos,10.07
SYNTHETIC_ILLUSTRATIVE_NOT_REAL,PLT-C-PBM-IL4-ctrl,pos,10.46
SYNTHETIC_ILLUSTRATIVE_NOT_REAL,PLT-C-PBM-IL4-ctrl,pos,9.66
SYNTHETIC_ILLUSTRATIVE_NOT_REAL,PLT-C-PBM-IL4-ctrl,pos,10.75
SYNTHETIC_ILLUSTRATIVE_NOT_REAL,PLT-C-PBM-IL1-ctrl,neg,99.93
SYNTHETIC_ILLUSTRATIVE_NOT_REAL,PLT-C-PBM-IL1-ctrl,neg,100.6
SYNTHETIC_ILLUSTRATIVE_NOT_REAL,PLT-C-PBM-IL1-ctrl,neg,98.44
SYNTHETIC_ILLUSTRATIVE_NOT_REAL,PLT-C-PBM-IL1-ctrl,neg,96.56
SYNTHETIC_ILLUSTRATIVE_NOT_REAL,PLT-C-PBM-IL1-ctrl,neg,100.1
SYNTHETIC_ILLUSTRATIVE_NOT_REAL,PLT-C-PBM-IL1-ctrl,neg,102.94
SYNTHETIC_ILLUSTRATIVE_NOT_REAL,PLT-C-PBM-IL1-ctrl,neg,103.46
SYNTHETIC_ILLUSTRATIVE_NOT_REAL,PLT-C-PBM-IL1-ctrl,pos,8.96
SYNTHETIC_ILLUSTRATIVE_NOT_REAL,PLT-C-PBM-IL1-ctrl,pos,9.3
SYNTHETIC_ILLUSTRATIVE_NOT_REAL,PLT-C-PBM-IL1-ctrl,pos,10.59
SYNTHETIC_ILLUSTRATIVE_NOT_REAL,PLT-C-PBM-IL1-ctrl,pos,10.9
SYNTHETIC_ILLUSTRATIVE_NOT_REAL,PLT-C-PBM-IL1-ctrl,pos,10.1
SYNTHETIC_ILLUSTRATIVE_NOT_REAL,PLT-C-PBM-IL1-ctrl,pos,8.6
SYNTHETIC_ILLUSTRATIVE_NOT_REAL,PLT-C-PBM-IL1-ctrl,pos,11.75
SYNTHETIC_ILLUSTRATIVE_NOT_REAL,PLT-C-PBM-TLR-ctrl,neg,96.25
SYNTHETIC_ILLUSTRATIVE_NOT_REAL,PLT-C-PBM-TLR-ctrl,neg,99.49
SYNTHETIC_ILLUSTRATIVE_NOT_REAL,PLT-C-PBM-TLR-ctrl,neg,100.32
SYNTHETIC_ILLUSTRATIVE_NOT_REAL,PLT-C-PBM-TLR-ctrl,neg,98.29
SYNTHETIC_ILLUSTRATIVE_NOT_REAL,PLT-C-PBM-TLR-ctrl,neg,102.08
SYNTHETIC_ILLUSTRATIVE_NOT_REAL,PLT-C-PBM-TLR-ctrl,neg,98.87
SYNTHETIC_ILLUSTRATIVE_NOT_REAL,PLT-C-PBM-TLR-ctrl,neg,97.15
SYNTHETIC_ILLUSTRATIVE_NOT_REAL,PLT-C-PBM-TLR-ctrl,neg,101.53
SYNTHETIC_ILLUSTRATIVE_NOT_REAL,PLT-C-PBM-TLR-ctrl,pos,9.9
SYNTHETIC_ILLUSTRATIVE_NOT_REAL,PLT-C-PBM-TLR-ctrl,pos,10.11
SYNTHETIC_ILLUSTRATIVE_NOT_REAL,PLT-C-PBM-TLR-ctrl,pos,8.77
SYNTHETIC_ILLUSTRATIVE_NOT_REAL,PLT-C-PBM-TLR-ctrl,pos,8.94
SYNTHETIC_ILLUSTRATIVE_NOT_REAL,PLT-C-PBM-TLR-ctrl,pos,9.23
SYNTHETIC_ILLUSTRATIVE_NOT_REAL,PLT-C-PBM-TLR-ctrl,pos,9.88
SYNTHETIC_ILLUSTRATIVE_NOT_REAL,PLT-C-PBM-TLR-ctrl,pos,11.05
SYNTHETIC_ILLUSTRATIVE_NOT_REAL,PLT-C-PBM-NK_-ctrl,neg,102.04
SYNTHETIC_ILLUSTRATIVE_NOT_REAL,PLT-C-PBM-NK_-ctrl,neg,102.36
SYNTHETIC_ILLUSTRATIVE_NOT_REAL,PLT-C-PBM-NK_-ctrl,neg,99.73
SYNTHETIC_ILLUSTRATIVE_NOT_REAL,PLT-C-PBM-NK_-ctrl,neg,100.03
SYNTHETIC_ILLUSTRATIVE_NOT_REAL,PLT-C-PBM-NK_-ctrl,neg,102.8
SYNTHETIC_ILLUSTRATIVE_NOT_REAL,PLT-C-PBM-NK_-ctrl,neg,100.78
SYNTHETIC_ILLUSTRATIVE_NOT_REAL,PLT-C-PBM-NK_-ctrl,neg,102.51
SYNTHETIC_ILLUSTRATIVE_NOT_REAL,PLT-C-PBM-NK_-ctrl,neg,99.09
SYNTHETIC_ILLUSTRATIVE_NOT_REAL,PLT-C-PBM-NK_-ctrl,pos,9.96
SYNTHETIC_ILLUSTRATIVE_NOT_REAL,PLT-C-PBM-NK_-ctrl,pos,9.51
SYNTHETIC_ILLUSTRATIVE_NOT_REAL,PLT-C-PBM-NK_-ctrl,pos,9.98
SYNTHETIC_ILLUSTRATIVE_NOT_REAL,PLT-C-PBM-NK_-ctrl,pos,10.32
SYNTHETIC_ILLUSTRATIVE_NOT_REAL,PLT-C-PBM-NK_-ctrl,pos,9.66
SYNTHETIC_ILLUSTRATIVE_NOT_REAL,PLT-C-PBM-NK_-ctrl,pos,11.49
SYNTHETIC_ILLUSTRATIVE_NOT_REAL,PLT-C-PBM-NK_-ctrl,pos,8.87
SYNTHETIC_ILLUSTRATIVE_NOT_REAL,PLT-C-PBM-NK_-ctrl,pos,10.66
SYNTHETIC_ILLUSTRATIVE_NOT_REAL,PLT-C-PBM-C3a-ctrl,neg,95.07
SYNTHETIC_ILLUSTRATIVE_NOT_REAL,PLT-C-PBM-C3a-ctrl,neg,103.98
SYNTHETIC_ILLUSTRATIVE_NOT_REAL,PLT-C-PBM-C3a-ctrl,neg,99.27
SYNTHETIC_ILLUSTRATIVE_NOT_REAL,PLT-C-PBM-C3a-ctrl,neg,98.79
SYNTHETIC_ILLUSTRATIVE_NOT_REAL,PLT-C-PBM-C3a-ctrl,neg,101.72
SYNTHETIC_ILLUSTRATIVE_NOT_REAL,PLT-C-PBM-C3a-ctrl,neg,97.48
SYNTHETIC_ILLUSTRATIVE_NOT_REAL,PLT-C-PBM-C3a-ctrl,neg,99.99
SYNTHETIC_ILLUSTRATIVE_NOT_REAL,PLT-C-PBM-C3a-ctrl,pos,10.17
SYNTHETIC_ILLUSTRATIVE_NOT_REAL,PLT-C-PBM-C3a-ctrl,pos,9.34
SYNTHETIC_ILLUSTRATIVE_NOT_REAL,PLT-C-PBM-C3a-ctrl,pos,9.54
SYNTHETIC_ILLUSTRATIVE_NOT_REAL,PLT-C-PBM-C3a-ctrl,pos,10.49
SYNTHETIC_ILLUSTRATIVE_NOT_REAL,PLT-C-PBM-C3a-ctrl,pos,9.32
SYNTHETIC_ILLUSTRATIVE_NOT_REAL,PLT-C-PBM-C3a-ctrl,pos,9.55
SYNTHETIC_ILLUSTRATIVE_NOT_REAL,PLT-C-PBM-C5a-ctrl,neg,100.7
SYNTHETIC_ILLUSTRATIVE_NOT_REAL,PLT-C-PBM-C5a-ctrl,neg,101.16
SYNTHETIC_ILLUSTRATIVE_NOT_REAL,PLT-C-PBM-C5a-ctrl,neg,102.36
SYNTHETIC_ILLUSTRATIVE_NOT_REAL,PLT-C-PBM-C5a-ctrl,neg,98.61
SYNTHETIC_ILLUSTRATIVE_NOT_REAL,PLT-C-PBM-C5a-ctrl,neg,100.75
SYNTHETIC_ILLUSTRATIVE_NOT_REAL,PLT-C-PBM-C5a-ctrl,neg,99.18
SYNTHETIC_ILLUSTRATIVE_NOT_REAL,PLT-C-PBM-C5a-ctrl,neg,98.15
SYNTHETIC_ILLUSTRATIVE_NOT_REAL,PLT-C-PBM-C5a-ctrl,neg,100.93
SYNTHETIC_ILLUSTRATIVE_NOT_REAL,PLT-C-PBM-C5a-ctrl,pos,10.83
SYNTHETIC_ILLUSTRATIVE_NOT_REAL,PLT-C-PBM-C5a-ctrl,pos,11.42
SYNTHETIC_ILLUSTRATIVE_NOT_REAL,PLT-C-PBM-C5a-ctrl,pos,10.86
SYNTHETIC_ILLUSTRATIVE_NOT_REAL,PLT-C-PBM-C5a-ctrl,pos,9.86
SYNTHETIC_ILLUSTRATIVE_NOT_REAL,PLT-C-PBM-C5a-ctrl,pos,8.85
SYNTHETIC_ILLUSTRATIVE_NOT_REAL,PLT-C-PBM-C5a-ctrl,pos,9.51
SYNTHETIC_ILLUSTRATIVE_NOT_REAL,PLT-C-PBM-C5a-ctrl,pos,10.3
SYNTHETIC_ILLUSTRATIVE_NOT_REAL,PLT-C-PBM-C1q-ctrl,neg,100.05
SYNTHETIC_ILLUSTRATIVE_NOT_REAL,PLT-C-PBM-C1q-ctrl,neg,102.51
SYNTHETIC_ILLUSTRATIVE_NOT_REAL,PLT-C-PBM-C1q-ctrl,neg,102.31
SYNTHETIC_ILLUSTRATIVE_NOT_REAL,PLT-C-PBM-C1q-ctrl,neg,101.34
SYNTHETIC_ILLUSTRATIVE_NOT_REAL,PLT-C-PBM-C1q-ctrl,neg,98.79
SYNTHETIC_ILLUSTRATIVE_NOT_REAL,PLT-C-PBM-C1q-ctrl,neg,101.48
SYNTHETIC_ILLUSTRATIVE_NOT_REAL,PLT-C-PBM-C1q-ctrl,neg,100.0
SYNTHETIC_ILLUSTRATIVE_NOT_REAL,PLT-C-PBM-C1q-ctrl,neg,98.05
SYNTHETIC_ILLUSTRATIVE_NOT_REAL,PLT-C-PBM-C1q-ctrl,pos,8.63
SYNTHETIC_ILLUSTRATIVE_NOT_REAL,PLT-C-PBM-C1q-ctrl,pos,10.78
SYNTHETIC_ILLUSTRATIVE_NOT_REAL,PLT-C-PBM-C1q-ctrl,pos,8.76
SYNTHETIC_ILLUSTRATIVE_NOT_REAL,PLT-C-PBM-C1q-ctrl,pos,10.97
SYNTHETIC_ILLUSTRATIVE_NOT_REAL,PLT-C-PBM-C1q-ctrl,pos,11.74
SYNTHETIC_ILLUSTRATIVE_NOT_REAL,PLT-C-PBM-C1q-ctrl,pos,10.03
SYNTHETIC_ILLUSTRATIVE_NOT_REAL,PLT-C-PBM-C1q-ctrl,pos,9.36
SYNTHETIC_ILLUSTRATIVE_NOT_REAL,PLT-C-PBM-C1q-ctrl,pos,9.52
SYNTHETIC_ILLUSTRATIVE_NOT_REAL,PLT-D-PHH-Cel-ctrl,neg,97.46
SYNTHETIC_ILLUSTRATIVE_NOT_REAL,PLT-D-PHH-Cel-ctrl,neg,99.87
SYNTHETIC_ILLUSTRATIVE_NOT_REAL,PLT-D-PHH-Cel-ctrl,neg,95.59
SYNTHETIC_ILLUSTRATIVE_NOT_REAL,PLT-D-PHH-Cel-ctrl,neg,98.87
SYNTHETIC_ILLUSTRATIVE_NOT_REAL,PLT-D-PHH-Cel-ctrl,neg,100.84
SYNTHETIC_ILLUSTRATIVE_NOT_REAL,PLT-D-PHH-Cel-ctrl,neg,97.8
SYNTHETIC_ILLUSTRATIVE_NOT_REAL,PLT-D-PHH-Cel-ctrl,neg,99.91
SYNTHETIC_ILLUSTRATIVE_NOT_REAL,PLT-D-PHH-Cel-ctrl,neg,98.31
SYNTHETIC_ILLUSTRATIVE_NOT_REAL,PLT-D-PHH-Cel-ctrl,pos,9.74
SYNTHETIC_ILLUSTRATIVE_NOT_REAL,PLT-D-PHH-Cel-ctrl,pos,10.19
SYNTHETIC_ILLUSTRATIVE_NOT_REAL,PLT-D-PHH-Cel-ctrl,pos,10.37
SYNTHETIC_ILLUSTRATIVE_NOT_REAL,PLT-D-PHH-Cel-ctrl,pos,10.34
SYNTHETIC_ILLUSTRATIVE_NOT_REAL,PLT-D-PHH-Cel-ctrl,pos,9.42
SYNTHETIC_ILLUSTRATIVE_NOT_REAL,PLT-D-PHH-Cel-ctrl,pos,11.19
SYNTHETIC_ILLUSTRATIVE_NOT_REAL,PLT-D-PHH-Cel-ctrl,pos,10.26
SYNTHETIC_ILLUSTRATIVE_NOT_REAL,PLT-D-PHH-LDH-ctrl,neg,97.23
SYNTHETIC_ILLUSTRATIVE_NOT_REAL,PLT-D-PHH-LDH-ctrl,neg,102.05
SYNTHETIC_ILLUSTRATIVE_NOT_REAL,PLT-D-PHH-LDH-ctrl,neg,96.55
SYNTHETIC_ILLUSTRATIVE_NOT_REAL,PLT-D-PHH-LDH-ctrl,neg,97.44
SYNTHETIC_ILLUSTRATIVE_NOT_REAL,PLT-D-PHH-LDH-ctrl,neg,97.66
SYNTHETIC_ILLUSTRATIVE_NOT_REAL,PLT-D-PHH-LDH-ctrl,neg,98.55
SYNTHETIC_ILLUSTRATIVE_NOT_REAL,PLT-D-PHH-LDH-ctrl,neg,99.72
SYNTHETIC_ILLUSTRATIVE_NOT_REAL,PLT-D-PHH-LDH-ctrl,neg,93.55
SYNTHETIC_ILLUSTRATIVE_NOT_REAL,PLT-D-PHH-LDH-ctrl,pos,9.6
SYNTHETIC_ILLUSTRATIVE_NOT_REAL,PLT-D-PHH-LDH-ctrl,pos,11.13
SYNTHETIC_ILLUSTRATIVE_NOT_REAL,PLT-D-PHH-LDH-ctrl,pos,10.96
SYNTHETIC_ILLUSTRATIVE_NOT_REAL,PLT-D-PHH-LDH-ctrl,pos,10.71
SYNTHETIC_ILLUSTRATIVE_NOT_REAL,PLT-D-PHH-LDH-ctrl,pos,9.93
SYNTHETIC_ILLUSTRATIVE_NOT_REAL,PLT-D-PHH-LDH-ctrl,pos,10.18
SYNTHETIC_ILLUSTRATIVE_NOT_REAL,PLT-D-PHH-LDH-ctrl,pos,8.66
SYNTHETIC_ILLUSTRATIVE_NOT_REAL,PLT-D-PHH-ALT-ctrl,neg,104.34
SYNTHETIC_ILLUSTRATIVE_NOT_REAL,PLT-D-PHH-ALT-ctrl,neg,98.65
SYNTHETIC_ILLUSTRATIVE_NOT_REAL,PLT-D-PHH-ALT-ctrl,neg,100.95
SYNTHETIC_ILLUSTRATIVE_NOT_REAL,PLT-D-PHH-ALT-ctrl,neg,98.76
SYNTHETIC_ILLUSTRATIVE_NOT_REAL,PLT-D-PHH-ALT-ctrl,neg,104.58
SYNTHETIC_ILLUSTRATIVE_NOT_REAL,PLT-D-PHH-ALT-ctrl,neg,100.93
SYNTHETIC_ILLUSTRATIVE_NOT_REAL,PLT-D-PHH-ALT-ctrl,neg,100.84
SYNTHETIC_ILLUSTRATIVE_NOT_REAL,PLT-D-PHH-ALT-ctrl,pos,9.48
SYNTHETIC_ILLUSTRATIVE_NOT_REAL,PLT-D-PHH-ALT-ctrl,pos,9.99
SYNTHETIC_ILLUSTRATIVE_NOT_REAL,PLT-D-PHH-ALT-ctrl,pos,8.18
SYNTHETIC_ILLUSTRATIVE_NOT_REAL,PLT-D-PHH-ALT-ctrl,pos,9.68
SYNTHETIC_ILLUSTRATIVE_NOT_REAL,PLT-D-PHH-ALT-ctrl,pos,9.22
SYNTHETIC_ILLUSTRATIVE_NOT_REAL,PLT-D-PHH-ALT-ctrl,pos,10.68
SYNTHETIC_ILLUSTRATIVE_NOT_REAL,PLT-D-PHH-ALT-ctrl,pos,11.13
SYNTHETIC_ILLUSTRATIVE_NOT_REAL,PLT-D-PHH-ALT-ctrl,pos,10.27
SYNTHETIC_ILLUSTRATIVE_NOT_REAL,PLT-D-PHH-AST-ctrl,neg,98.7
SYNTHETIC_ILLUSTRATIVE_NOT_REAL,PLT-D-PHH-AST-ctrl,neg,100.1
SYNTHETIC_ILLUSTRATIVE_NOT_REAL,PLT-D-PHH-AST-ctrl,neg,97.48
SYNTHETIC_ILLUSTRATIVE_NOT_REAL,PLT-D-PHH-AST-ctrl,neg,99.15
SYNTHETIC_ILLUSTRATIVE_NOT_REAL,PLT-D-PHH-AST-ctrl,neg,100.19
SYNTHETIC_ILLUSTRATIVE_NOT_REAL,PLT-D-PHH-AST-ctrl,neg,100.14
SYNTHETIC_ILLUSTRATIVE_NOT_REAL,PLT-D-PHH-AST-ctrl,neg,101.65
SYNTHETIC_ILLUSTRATIVE_NOT_REAL,PLT-D-PHH-AST-ctrl,neg,101.07
SYNTHETIC_ILLUSTRATIVE_NOT_REAL,PLT-D-PHH-AST-ctrl,pos,10.81
SYNTHETIC_ILLUSTRATIVE_NOT_REAL,PLT-D-PHH-AST-ctrl,pos,9.48
SYNTHETIC_ILLUSTRATIVE_NOT_REAL,PLT-D-PHH-AST-ctrl,pos,10.14
SYNTHETIC_ILLUSTRATIVE_NOT_REAL,PLT-D-PHH-AST-ctrl,pos,9.19
SYNTHETIC_ILLUSTRATIVE_NOT_REAL,PLT-D-PHH-AST-ctrl,pos,9.89
SYNTHETIC_ILLUSTRATIVE_NOT_REAL,PLT-D-PHH-AST-ctrl,pos,7.82
SYNTHETIC_ILLUSTRATIVE_NOT_REAL,PLT-D-PHH-AST-ctrl,pos,9.94
SYNTHETIC_ILLUSTRATIVE_NOT_REAL,PLT-D-PHH-AST-ctrl,pos,10.06
SYNTHETIC_ILLUSTRATIVE_NOT_REAL,PLT-D-PHH-Cas-ctrl,neg,95.4
SYNTHETIC_ILLUSTRATIVE_NOT_REAL,PLT-D-PHH-Cas-ctrl,neg,97.83
SYNTHETIC_ILLUSTRATIVE_NOT_REAL,PLT-D-PHH-Cas-ctrl,neg,100.28
SYNTHETIC_ILLUSTRATIVE_NOT_REAL,PLT-D-PHH-Cas-ctrl,neg,101.04
SYNTHETIC_ILLUSTRATIVE_NOT_REAL,PLT-D-PHH-Cas-ctrl,neg,99.9
SYNTHETIC_ILLUSTRATIVE_NOT_REAL,PLT-D-PHH-Cas-ctrl,neg,99.92
SYNTHETIC_ILLUSTRATIVE_NOT_REAL,PLT-D-PHH-Cas-ctrl,neg,96.03
SYNTHETIC_ILLUSTRATIVE_NOT_REAL,PLT-D-PHH-Cas-ctrl,neg,97.38
SYNTHETIC_ILLUSTRATIVE_NOT_REAL,PLT-D-PHH-Cas-ctrl,pos,9.05
SYNTHETIC_ILLUSTRATIVE_NOT_REAL,PLT-D-PHH-Cas-ctrl,pos,9.5
SYNTHETIC_ILLUSTRATIVE_NOT_REAL,PLT-D-PHH-Cas-ctrl,pos,11.72
SYNTHETIC_ILLUSTRATIVE_NOT_REAL,PLT-D-PHH-Cas-ctrl,pos,10.78
SYNTHETIC_ILLUSTRATIVE_NOT_REAL,PLT-D-PHH-Cas-ctrl,pos,9.15
SYNTHETIC_ILLUSTRATIVE_NOT_REAL,PLT-D-PHH-Cas-ctrl,pos,9.44
SYNTHETIC_ILLUSTRATIVE_NOT_REAL,PLT-D-PHH-Cas-ctrl,pos,9.53
SYNTHETIC_ILLUSTRATIVE_NOT_REAL,PLT-D-PHH-HMG-ctrl,neg,98.48
SYNTHETIC_ILLUSTRATIVE_NOT_REAL,PLT-D-PHH-HMG-ctrl,neg,101.12
SYNTHETIC_ILLUSTRATIVE_NOT_REAL,PLT-D-PHH-HMG-ctrl,neg,99.39
SYNTHETIC_ILLUSTRATIVE_NOT_REAL,PLT-D-PHH-HMG-ctrl,neg,99.1
SYNTHETIC_ILLUSTRATIVE_NOT_REAL,PLT-D-PHH-HMG-ctrl,neg,100.43
SYNTHETIC_ILLUSTRATIVE_NOT_REAL,PLT-D-PHH-HMG-ctrl,neg,100.88
SYNTHETIC_ILLUSTRATIVE_NOT_REAL,PLT-D-PHH-HMG-ctrl,neg,99.57
SYNTHETIC_ILLUSTRATIVE_NOT_REAL,PLT-D-PHH-HMG-ctrl,neg,99.88
SYNTHETIC_ILLUSTRATIVE_NOT_REAL,PLT-D-PHH-HMG-ctrl,pos,9.14
SYNTHETIC_ILLUSTRATIVE_NOT_REAL,PLT-D-PHH-HMG-ctrl,pos,9.93
SYNTHETIC_ILLUSTRATIVE_NOT_REAL,PLT-D-PHH-HMG-ctrl,pos,10.54
SYNTHETIC_ILLUSTRATIVE_NOT_REAL,PLT-D-PHH-HMG-ctrl,pos,10.04
SYNTHETIC_ILLUSTRATIVE_NOT_REAL,PLT-D-PHH-HMG-ctrl,pos,9.83
SYNTHETIC_ILLUSTRATIVE_NOT_REAL,PLT-D-PHH-HMG-ctrl,pos,8.8
SYNTHETIC_ILLUSTRATIVE_NOT_REAL,PLT-D-PHH-HMG-ctrl,pos,10.88
SYNTHETIC_ILLUSTRATIVE_NOT_REAL,PLT-D-PHH-HMG-ctrl,pos,9.03
SYNTHETIC_ILLUSTRATIVE_NOT_REAL,PLT-D-PHH-ROS-ctrl,neg,99.47
SYNTHETIC_ILLUSTRATIVE_NOT_REAL,PLT-D-PHH-ROS-ctrl,neg,98.51
SYNTHETIC_ILLUSTRATIVE_NOT_REAL,PLT-D-PHH-ROS-ctrl,neg,98.87
SYNTHETIC_ILLUSTRATIVE_NOT_REAL,PLT-D-PHH-ROS-ctrl,neg,102.61
SYNTHETIC_ILLUSTRATIVE_NOT_REAL,PLT-D-PHH-ROS-ctrl,neg,97.07
SYNTHETIC_ILLUSTRATIVE_NOT_REAL,PLT-D-PHH-ROS-ctrl,neg,103.35
SYNTHETIC_ILLUSTRATIVE_NOT_REAL,PLT-D-PHH-ROS-ctrl,neg,98.9
SYNTHETIC_ILLUSTRATIVE_NOT_REAL,PLT-D-PHH-ROS-ctrl,neg,101.2
SYNTHETIC_ILLUSTRATIVE_NOT_REAL,PLT-D-PHH-ROS-ctrl,pos,9.98
SYNTHETIC_ILLUSTRATIVE_NOT_REAL,PLT-D-PHH-ROS-ctrl,pos,9.84
SYNTHETIC_ILLUSTRATIVE_NOT_REAL,PLT-D-PHH-ROS-ctrl,pos,10.43
SYNTHETIC_ILLUSTRATIVE_NOT_REAL,PLT-D-PHH-ROS-ctrl,pos,11.35
SYNTHETIC_ILLUSTRATIVE_NOT_REAL,PLT-D-PHH-ROS-ctrl,pos,9.89
SYNTHETIC_ILLUSTRATIVE_NOT_REAL,PLT-D-PHH-ROS-ctrl,pos,9.96
SYNTHETIC_ILLUSTRATIVE_NOT_REAL,PLT-D-PHH-ROS-ctrl,pos,9.55
SYNTHETIC_ILLUSTRATIVE_NOT_REAL,PLT-D-PHH-ROS-ctrl,pos,11.61
SYNTHETIC_ILLUSTRATIVE_NOT_REAL,PLT-D-PHH-Lip-ctrl,neg,99.28
SYNTHETIC_ILLUSTRATIVE_NOT_REAL,PLT-D-PHH-Lip-ctrl,neg,103.4
SYNTHETIC_ILLUSTRATIVE_NOT_REAL,PLT-D-PHH-Lip-ctrl,neg,101.87
SYNTHETIC_ILLUSTRATIVE_NOT_REAL,PLT-D-PHH-Lip-ctrl,neg,99.26
SYNTHETIC_ILLUSTRATIVE_NOT_REAL,PLT-D-PHH-Lip-ctrl,neg,102.42
SYNTHETIC_ILLUSTRATIVE_NOT_REAL,PLT-D-PHH-Lip-ctrl,neg,103.68
SYNTHETIC_ILLUSTRATIVE_NOT_REAL,PLT-D-PHH-Lip-ctrl,neg,100.86
SYNTHETIC_ILLUSTRATIVE_NOT_REAL,PLT-D-PHH-Lip-ctrl,neg,100.53
SYNTHETIC_ILLUSTRATIVE_NOT_REAL,PLT-D-PHH-Lip-ctrl,pos,9.58
SYNTHETIC_ILLUSTRATIVE_NOT_REAL,PLT-D-PHH-Lip-ctrl,pos,10.07
SYNTHETIC_ILLUSTRATIVE_NOT_REAL,PLT-D-PHH-Lip-ctrl,pos,11.01
SYNTHETIC_ILLUSTRATIVE_NOT_REAL,PLT-D-PHH-Lip-ctrl,pos,9.22
SYNTHETIC_ILLUSTRATIVE_NOT_REAL,PLT-D-PHH-Lip-ctrl,pos,8.67
SYNTHETIC_ILLUSTRATIVE_NOT_REAL,PLT-D-PHH-Lip-ctrl,pos,9.57
SYNTHETIC_ILLUSTRATIVE_NOT_REAL,PLT-D-PHH-Lip-ctrl,pos,10.26
SYNTHETIC_ILLUSTRATIVE_NOT_REAL,PLT-D-PHH-Mit-ctrl,neg,96.47
SYNTHETIC_ILLUSTRATIVE_NOT_REAL,PLT-D-PHH-Mit-ctrl,neg,101.69
SYNTHETIC_ILLUSTRATIVE_NOT_REAL,PLT-D-PHH-Mit-ctrl,neg,98.99
SYNTHETIC_ILLUSTRATIVE_NOT_REAL,PLT-D-PHH-Mit-ctrl,neg,101.36
SYNTHETIC_ILLUSTRATIVE_NOT_REAL,PLT-D-PHH-Mit-ctrl,neg,99.78
SYNTHETIC_ILLUSTRATIVE_NOT_REAL,PLT-D-PHH-Mit-ctrl,neg,98.85
SYNTHETIC_ILLUSTRATIVE_NOT_REAL,PLT-D-PHH-Mit-ctrl,neg,101.19
SYNTHETIC_ILLUSTRATIVE_NOT_REAL,PLT-D-PHH-Mit-ctrl,neg,98.41
SYNTHETIC_ILLUSTRATIVE_NOT_REAL,PLT-D-PHH-Mit-ctrl,pos,9.49
SYNTHETIC_ILLUSTRATIVE_NOT_REAL,PLT-D-PHH-Mit-ctrl,pos,10.11
SYNTHETIC_ILLUSTRATIVE_NOT_REAL,PLT-D-PHH-Mit-ctrl,pos,9.05
SYNTHETIC_ILLUSTRATIVE_NOT_REAL,PLT-D-PHH-Mit-ctrl,pos,8.78
SYNTHETIC_ILLUSTRATIVE_NOT_REAL,PLT-D-PHH-Mit-ctrl,pos,8.61
SYNTHETIC_ILLUSTRATIVE_NOT_REAL,PLT-D-PHH-Mit-ctrl,pos,10.66
SYNTHETIC_ILLUSTRATIVE_NOT_REAL,PLT-D-PHH-Mit-ctrl,pos,11.45
SYNTHETIC_ILLUSTRATIVE_NOT_REAL,PLT-D-PHH-Mit-ctrl,pos,10.86
SYNTHETIC_ILLUSTRATIVE_NOT_REAL,PLT-D-PHH-Bil-ctrl,neg,103.65
SYNTHETIC_ILLUSTRATIVE_NOT_REAL,PLT-D-PHH-Bil-ctrl,neg,98.2
SYNTHETIC_ILLUSTRATIVE_NOT_REAL,PLT-D-PHH-Bil-ctrl,neg,102.52
SYNTHETIC_ILLUSTRATIVE_NOT_REAL,PLT-D-PHH-Bil-ctrl,neg,99.6
SYNTHETIC_ILLUSTRATIVE_NOT_REAL,PLT-D-PHH-Bil-ctrl,neg,95.87
SYNTHETIC_ILLUSTRATIVE_NOT_REAL,PLT-D-PHH-Bil-ctrl,neg,101.19
SYNTHETIC_ILLUSTRATIVE_NOT_REAL,PLT-D-PHH-Bil-ctrl,neg,104.67
SYNTHETIC_ILLUSTRATIVE_NOT_REAL,PLT-D-PHH-Bil-ctrl,neg,100.86
SYNTHETIC_ILLUSTRATIVE_NOT_REAL,PLT-D-PHH-Bil-ctrl,pos,9.12
SYNTHETIC_ILLUSTRATIVE_NOT_REAL,PLT-D-PHH-Bil-ctrl,pos,9.8
SYNTHETIC_ILLUSTRATIVE_NOT_REAL,PLT-D-PHH-Bil-ctrl,pos,9.27
SYNTHETIC_ILLUSTRATIVE_NOT_REAL,PLT-D-PHH-Bil-ctrl,pos,12.28
SYNTHETIC_ILLUSTRATIVE_NOT_REAL,PLT-D-PHH-Bil-ctrl,pos,10.42
SYNTHETIC_ILLUSTRATIVE_NOT_REAL,PLT-D-PHH-Bil-ctrl,pos,8.07
SYNTHETIC_ILLUSTRATIVE_NOT_REAL,PLT-D-PHH-Bil-ctrl,pos,10.64
SYNTHETIC_ILLUSTRATIVE_NOT_REAL,PLT-D-PHH-Bil-ctrl,pos,10.34
SYNTHETIC_ILLUSTRATIVE_NOT_REAL,PLT-D-PHH-Gen-ctrl,neg,99.21
SYNTHETIC_ILLUSTRATIVE_NOT_REAL,PLT-D-PHH-Gen-ctrl,neg,99.66
SYNTHETIC_ILLUSTRATIVE_NOT_REAL,PLT-D-PHH-Gen-ctrl,neg,99.63
SYNTHETIC_ILLUSTRATIVE_NOT_REAL,PLT-D-PHH-Gen-ctrl,neg,99.16
SYNTHETIC_ILLUSTRATIVE_NOT_REAL,PLT-D-PHH-Gen-ctrl,neg,96.41
SYNTHETIC_ILLUSTRATIVE_NOT_REAL,PLT-D-PHH-Gen-ctrl,neg,99.81
SYNTHETIC_ILLUSTRATIVE_NOT_REAL,PLT-D-PHH-Gen-ctrl,neg,99.08
SYNTHETIC_ILLUSTRATIVE_NOT_REAL,PLT-D-PHH-Gen-ctrl,neg,97.31
SYNTHETIC_ILLUSTRATIVE_NOT_REAL,PLT-D-PHH-Gen-ctrl,pos,9.55
SYNTHETIC_ILLUSTRATIVE_NOT_REAL,PLT-D-PHH-Gen-ctrl,pos,10.19
SYNTHETIC_ILLUSTRATIVE_NOT_REAL,PLT-D-PHH-Gen-ctrl,pos,11.38
SYNTHETIC_ILLUSTRATIVE_NOT_REAL,PLT-D-PHH-Gen-ctrl,pos,9.57
SYNTHETIC_ILLUSTRATIVE_NOT_REAL,PLT-D-PHH-Gen-ctrl,pos,11.07
SYNTHETIC_ILLUSTRATIVE_NOT_REAL,PLT-D-PHH-Gen-ctrl,pos,9.64
SYNTHETIC_ILLUSTRATIVE_NOT_REAL,PLT-D-PHH-Gen-ctrl,pos,10.37
SYNTHETIC_ILLUSTRATIVE_NOT_REAL,PLT-D-PHH-Gen-ctrl,pos,9.8
SYNTHETIC_ILLUSTRATIVE_NOT_REAL,PLT-D-PHH-RNA-ctrl,neg,98.27
SYNTHETIC_ILLUSTRATIVE_NOT_REAL,PLT-D-PHH-RNA-ctrl,neg,98.33
SYNTHETIC_ILLUSTRATIVE_NOT_REAL,PLT-D-PHH-RNA-ctrl,neg,95.78
SYNTHETIC_ILLUSTRATIVE_NOT_REAL,PLT-D-PHH-RNA-ctrl,neg,99.03
SYNTHETIC_ILLUSTRATIVE_NOT_REAL,PLT-D-PHH-RNA-ctrl,neg,98.88
SYNTHETIC_ILLUSTRATIVE_NOT_REAL,PLT-D-PHH-RNA-ctrl,neg,98.73
SYNTHETIC_ILLUSTRATIVE_NOT_REAL,PLT-D-PHH-RNA-ctrl,neg,97.52
SYNTHETIC_ILLUSTRATIVE_NOT_REAL,PLT-D-PHH-RNA-ctrl,neg,100.76
SYNTHETIC_ILLUSTRATIVE_NOT_REAL,PLT-D-PHH-RNA-ctrl,pos,9.34
SYNTHETIC_ILLUSTRATIVE_NOT_REAL,PLT-D-PHH-RNA-ctrl,pos,8.24
SYNTHETIC_ILLUSTRATIVE_NOT_REAL,PLT-D-PHH-RNA-ctrl,pos,9.21
SYNTHETIC_ILLUSTRATIVE_NOT_REAL,PLT-D-PHH-RNA-ctrl,pos,10.65
SYNTHETIC_ILLUSTRATIVE_NOT_REAL,PLT-D-PHH-RNA-ctrl,pos,10.96
SYNTHETIC_ILLUSTRATIVE_NOT_REAL,PLT-D-PHH-RNA-ctrl,pos,9.12
SYNTHETIC_ILLUSTRATIVE_NOT_REAL,PLT-D-PHH-RNA-ctrl,pos,9.88
SYNTHETIC_ILLUSTRATIVE_NOT_REAL,PLT-D-PHH-RNA-ctrl,pos,10.45
SYNTHETIC_ILLUSTRATIVE_NOT_REAL,PLT-D-PBM-IFN-ctrl,neg,102.55
SYNTHETIC_ILLUSTRATIVE_NOT_REAL,PLT-D-PBM-IFN-ctrl,neg,104.74
SYNTHETIC_ILLUSTRATIVE_NOT_REAL,PLT-D-PBM-IFN-ctrl,neg,101.4
SYNTHETIC_ILLUSTRATIVE_NOT_REAL,PLT-D-PBM-IFN-ctrl,neg,98.42
SYNTHETIC_ILLUSTRATIVE_NOT_REAL,PLT-D-PBM-IFN-ctrl,neg,100.24
SYNTHETIC_ILLUSTRATIVE_NOT_REAL,PLT-D-PBM-IFN-ctrl,neg,100.63
SYNTHETIC_ILLUSTRATIVE_NOT_REAL,PLT-D-PBM-IFN-ctrl,neg,101.86
SYNTHETIC_ILLUSTRATIVE_NOT_REAL,PLT-D-PBM-IFN-ctrl,neg,101.73
SYNTHETIC_ILLUSTRATIVE_NOT_REAL,PLT-D-PBM-IFN-ctrl,pos,9.33
SYNTHETIC_ILLUSTRATIVE_NOT_REAL,PLT-D-PBM-IFN-ctrl,pos,10.94
SYNTHETIC_ILLUSTRATIVE_NOT_REAL,PLT-D-PBM-IFN-ctrl,pos,9.58
SYNTHETIC_ILLUSTRATIVE_NOT_REAL,PLT-D-PBM-IFN-ctrl,pos,10.24
SYNTHETIC_ILLUSTRATIVE_NOT_REAL,PLT-D-PBM-IFN-ctrl,pos,10.53
SYNTHETIC_ILLUSTRATIVE_NOT_REAL,PLT-D-PBM-IFN-ctrl,pos,10.43
SYNTHETIC_ILLUSTRATIVE_NOT_REAL,PLT-D-PBM-IFN-ctrl,pos,9.6
SYNTHETIC_ILLUSTRATIVE_NOT_REAL,PLT-D-PBM-IFN-ctrl,neg,101.91
SYNTHETIC_ILLUSTRATIVE_NOT_REAL,PLT-D-PBM-IFN-ctrl,neg,98.03
SYNTHETIC_ILLUSTRATIVE_NOT_REAL,PLT-D-PBM-IFN-ctrl,neg,99.48
SYNTHETIC_ILLUSTRATIVE_NOT_REAL,PLT-D-PBM-IFN-ctrl,neg,97.19
SYNTHETIC_ILLUSTRATIVE_NOT_REAL,PLT-D-PBM-IFN-ctrl,neg,101.99
SYNTHETIC_ILLUSTRATIVE_NOT_REAL,PLT-D-PBM-IFN-ctrl,neg,98.2
SYNTHETIC_ILLUSTRATIVE_NOT_REAL,PLT-D-PBM-IFN-ctrl,neg,97.72
SYNTHETIC_ILLUSTRATIVE_NOT_REAL,PLT-D-PBM-IFN-ctrl,neg,96.07
SYNTHETIC_ILLUSTRATIVE_NOT_REAL,PLT-D-PBM-IFN-ctrl,pos,8.61
SYNTHETIC_ILLUSTRATIVE_NOT_REAL,PLT-D-PBM-IFN-ctrl,pos,10.83
SYNTHETIC_ILLUSTRATIVE_NOT_REAL,PLT-D-PBM-IFN-ctrl,pos,10.49
SYNTHETIC_ILLUSTRATIVE_NOT_REAL,PLT-D-PBM-IFN-ctrl,pos,9.01
SYNTHETIC_ILLUSTRATIVE_NOT_REAL,PLT-D-PBM-IFN-ctrl,pos,9.28
SYNTHETIC_ILLUSTRATIVE_NOT_REAL,PLT-D-PBM-IFN-ctrl,pos,9.93
SYNTHETIC_ILLUSTRATIVE_NOT_REAL,PLT-D-PBM-IL1-ctrl,neg,97.59
SYNTHETIC_ILLUSTRATIVE_NOT_REAL,PLT-D-PBM-IL1-ctrl,neg,98.88
SYNTHETIC_ILLUSTRATIVE_NOT_REAL,PLT-D-PBM-IL1-ctrl,neg,100.33
SYNTHETIC_ILLUSTRATIVE_NOT_REAL,PLT-D-PBM-IL1-ctrl,neg,98.56
SYNTHETIC_ILLUSTRATIVE_NOT_REAL,PLT-D-PBM-IL1-ctrl,neg,101.95
SYNTHETIC_ILLUSTRATIVE_NOT_REAL,PLT-D-PBM-IL1-ctrl,neg,99.79
SYNTHETIC_ILLUSTRATIVE_NOT_REAL,PLT-D-PBM-IL1-ctrl,neg,100.39
SYNTHETIC_ILLUSTRATIVE_NOT_REAL,PLT-D-PBM-IL1-ctrl,neg,96.01
SYNTHETIC_ILLUSTRATIVE_NOT_REAL,PLT-D-PBM-IL1-ctrl,pos,10.44
SYNTHETIC_ILLUSTRATIVE_NOT_REAL,PLT-D-PBM-IL1-ctrl,pos,8.39
SYNTHETIC_ILLUSTRATIVE_NOT_REAL,PLT-D-PBM-IL1-ctrl,pos,10.19
SYNTHETIC_ILLUSTRATIVE_NOT_REAL,PLT-D-PBM-IL1-ctrl,pos,10.25
SYNTHETIC_ILLUSTRATIVE_NOT_REAL,PLT-D-PBM-IL1-ctrl,pos,9.41
SYNTHETIC_ILLUSTRATIVE_NOT_REAL,PLT-D-PBM-IL1-ctrl,pos,9.11
SYNTHETIC_ILLUSTRATIVE_NOT_REAL,PLT-D-PBM-IL1-ctrl,pos,8.85
SYNTHETIC_ILLUSTRATIVE_NOT_REAL,PLT-D-PBM-IL6-ctrl,neg,100.58
SYNTHETIC_ILLUSTRATIVE_NOT_REAL,PLT-D-PBM-IL6-ctrl,neg,99.38
SYNTHETIC_ILLUSTRATIVE_NOT_REAL,PLT-D-PBM-IL6-ctrl,neg,99.97
SYNTHETIC_ILLUSTRATIVE_NOT_REAL,PLT-D-PBM-IL6-ctrl,neg,98.74
SYNTHETIC_ILLUSTRATIVE_NOT_REAL,PLT-D-PBM-IL6-ctrl,neg,102.71
SYNTHETIC_ILLUSTRATIVE_NOT_REAL,PLT-D-PBM-IL6-ctrl,neg,102.77
SYNTHETIC_ILLUSTRATIVE_NOT_REAL,PLT-D-PBM-IL6-ctrl,neg,99.93
SYNTHETIC_ILLUSTRATIVE_NOT_REAL,PLT-D-PBM-IL6-ctrl,neg,100.05
SYNTHETIC_ILLUSTRATIVE_NOT_REAL,PLT-D-PBM-IL6-ctrl,pos,10.24
SYNTHETIC_ILLUSTRATIVE_NOT_REAL,PLT-D-PBM-IL6-ctrl,pos,10.74
SYNTHETIC_ILLUSTRATIVE_NOT_REAL,PLT-D-PBM-IL6-ctrl,pos,10.2
SYNTHETIC_ILLUSTRATIVE_NOT_REAL,PLT-D-PBM-IL6-ctrl,pos,9.65
SYNTHETIC_ILLUSTRATIVE_NOT_REAL,PLT-D-PBM-IL6-ctrl,pos,9.83
SYNTHETIC_ILLUSTRATIVE_NOT_REAL,PLT-D-PBM-IL6-ctrl,pos,9.9
SYNTHETIC_ILLUSTRATIVE_NOT_REAL,PLT-D-PBM-IL6-ctrl,pos,9.7
SYNTHETIC_ILLUSTRATIVE_NOT_REAL,PLT-D-PBM-IL8-ctrl,neg,101.54
SYNTHETIC_ILLUSTRATIVE_NOT_REAL,PLT-D-PBM-IL8-ctrl,neg,99.53
SYNTHETIC_ILLUSTRATIVE_NOT_REAL,PLT-D-PBM-IL8-ctrl,neg,101.92
SYNTHETIC_ILLUSTRATIVE_NOT_REAL,PLT-D-PBM-IL8-ctrl,neg,100.85
SYNTHETIC_ILLUSTRATIVE_NOT_REAL,PLT-D-PBM-IL8-ctrl,neg,98.09
SYNTHETIC_ILLUSTRATIVE_NOT_REAL,PLT-D-PBM-IL8-ctrl,neg,101.26
SYNTHETIC_ILLUSTRATIVE_NOT_REAL,PLT-D-PBM-IL8-ctrl,neg,100.02
SYNTHETIC_ILLUSTRATIVE_NOT_REAL,PLT-D-PBM-IL8-ctrl,neg,101.9
SYNTHETIC_ILLUSTRATIVE_NOT_REAL,PLT-D-PBM-IL8-ctrl,pos,11.6
SYNTHETIC_ILLUSTRATIVE_NOT_REAL,PLT-D-PBM-IL8-ctrl,pos,11.36
SYNTHETIC_ILLUSTRATIVE_NOT_REAL,PLT-D-PBM-IL8-ctrl,pos,9.96
SYNTHETIC_ILLUSTRATIVE_NOT_REAL,PLT-D-PBM-IL8-ctrl,pos,10.53
SYNTHETIC_ILLUSTRATIVE_NOT_REAL,PLT-D-PBM-IL8-ctrl,pos,9.5
SYNTHETIC_ILLUSTRATIVE_NOT_REAL,PLT-D-PBM-IL8-ctrl,pos,10.15
SYNTHETIC_ILLUSTRATIVE_NOT_REAL,PLT-D-PBM-IL1-ctrl,neg,99.9
SYNTHETIC_ILLUSTRATIVE_NOT_REAL,PLT-D-PBM-IL1-ctrl,neg,101.54
SYNTHETIC_ILLUSTRATIVE_NOT_REAL,PLT-D-PBM-IL1-ctrl,neg,101.12
SYNTHETIC_ILLUSTRATIVE_NOT_REAL,PLT-D-PBM-IL1-ctrl,neg,100.19
SYNTHETIC_ILLUSTRATIVE_NOT_REAL,PLT-D-PBM-IL1-ctrl,neg,99.39
SYNTHETIC_ILLUSTRATIVE_NOT_REAL,PLT-D-PBM-IL1-ctrl,neg,100.81
SYNTHETIC_ILLUSTRATIVE_NOT_REAL,PLT-D-PBM-IL1-ctrl,neg,101.49
SYNTHETIC_ILLUSTRATIVE_NOT_REAL,PLT-D-PBM-IL1-ctrl,neg,97.4
SYNTHETIC_ILLUSTRATIVE_NOT_REAL,PLT-D-PBM-IL1-ctrl,pos,9.73
SYNTHETIC_ILLUSTRATIVE_NOT_REAL,PLT-D-PBM-IL1-ctrl,pos,10.31
SYNTHETIC_ILLUSTRATIVE_NOT_REAL,PLT-D-PBM-IL1-ctrl,pos,10.27
SYNTHETIC_ILLUSTRATIVE_NOT_REAL,PLT-D-PBM-IL1-ctrl,pos,10.3
SYNTHETIC_ILLUSTRATIVE_NOT_REAL,PLT-D-PBM-IL1-ctrl,pos,11.36
SYNTHETIC_ILLUSTRATIVE_NOT_REAL,PLT-D-PBM-IL1-ctrl,pos,10.88
SYNTHETIC_ILLUSTRATIVE_NOT_REAL,PLT-D-PBM-IL1-ctrl,pos,9.01
SYNTHETIC_ILLUSTRATIVE_NOT_REAL,PLT-D-PBM-IL1-ctrl,pos,11.32
SYNTHETIC_ILLUSTRATIVE_NOT_REAL,PLT-D-PBM-IL1-ctrl,neg,98.01
SYNTHETIC_ILLUSTRATIVE_NOT_REAL,PLT-D-PBM-IL1-ctrl,neg,97.89
SYNTHETIC_ILLUSTRATIVE_NOT_REAL,PLT-D-PBM-IL1-ctrl,neg,100.82
SYNTHETIC_ILLUSTRATIVE_NOT_REAL,PLT-D-PBM-IL1-ctrl,neg,101.18
SYNTHETIC_ILLUSTRATIVE_NOT_REAL,PLT-D-PBM-IL1-ctrl,neg,102.92
SYNTHETIC_ILLUSTRATIVE_NOT_REAL,PLT-D-PBM-IL1-ctrl,neg,99.92
SYNTHETIC_ILLUSTRATIVE_NOT_REAL,PLT-D-PBM-IL1-ctrl,neg,99.53
SYNTHETIC_ILLUSTRATIVE_NOT_REAL,PLT-D-PBM-IL1-ctrl,neg,98.8
SYNTHETIC_ILLUSTRATIVE_NOT_REAL,PLT-D-PBM-IL1-ctrl,pos,10.93
SYNTHETIC_ILLUSTRATIVE_NOT_REAL,PLT-D-PBM-IL1-ctrl,pos,9.52
SYNTHETIC_ILLUSTRATIVE_NOT_REAL,PLT-D-PBM-IL1-ctrl,pos,9.33
SYNTHETIC_ILLUSTRATIVE_NOT_REAL,PLT-D-PBM-IL1-ctrl,pos,9.82
SYNTHETIC_ILLUSTRATIVE_NOT_REAL,PLT-D-PBM-IL1-ctrl,pos,9.99
SYNTHETIC_ILLUSTRATIVE_NOT_REAL,PLT-D-PBM-IL1-ctrl,pos,9.5
SYNTHETIC_ILLUSTRATIVE_NOT_REAL,PLT-D-PBM-IL1-ctrl,pos,11.44
SYNTHETIC_ILLUSTRATIVE_NOT_REAL,PLT-D-PBM-TNF-ctrl,neg,102.68
SYNTHETIC_ILLUSTRATIVE_NOT_REAL,PLT-D-PBM-TNF-ctrl,neg,100.31
SYNTHETIC_ILLUSTRATIVE_NOT_REAL,PLT-D-PBM-TNF-ctrl,neg,98.56
SYNTHETIC_ILLUSTRATIVE_NOT_REAL,PLT-D-PBM-TNF-ctrl,neg,96.4
SYNTHETIC_ILLUSTRATIVE_NOT_REAL,PLT-D-PBM-TNF-ctrl,neg,99.08
SYNTHETIC_ILLUSTRATIVE_NOT_REAL,PLT-D-PBM-TNF-ctrl,neg,101.07
SYNTHETIC_ILLUSTRATIVE_NOT_REAL,PLT-D-PBM-TNF-ctrl,neg,101.15
SYNTHETIC_ILLUSTRATIVE_NOT_REAL,PLT-D-PBM-TNF-ctrl,neg,100.81
SYNTHETIC_ILLUSTRATIVE_NOT_REAL,PLT-D-PBM-TNF-ctrl,pos,9.43
SYNTHETIC_ILLUSTRATIVE_NOT_REAL,PLT-D-PBM-TNF-ctrl,pos,10.42
SYNTHETIC_ILLUSTRATIVE_NOT_REAL,PLT-D-PBM-TNF-ctrl,pos,9.87
SYNTHETIC_ILLUSTRATIVE_NOT_REAL,PLT-D-PBM-TNF-ctrl,pos,10.72
SYNTHETIC_ILLUSTRATIVE_NOT_REAL,PLT-D-PBM-TNF-ctrl,pos,10.21
SYNTHETIC_ILLUSTRATIVE_NOT_REAL,PLT-D-PBM-TNF-ctrl,pos,10.64
SYNTHETIC_ILLUSTRATIVE_NOT_REAL,PLT-D-PBM-TNF-ctrl,pos,10.28
SYNTHETIC_ILLUSTRATIVE_NOT_REAL,PLT-D-PBM-TNF-ctrl,pos,9.62
SYNTHETIC_ILLUSTRATIVE_NOT_REAL,PLT-D-PBM-MCP-ctrl,neg,100.49
SYNTHETIC_ILLUSTRATIVE_NOT_REAL,PLT-D-PBM-MCP-ctrl,neg,99.4
SYNTHETIC_ILLUSTRATIVE_NOT_REAL,PLT-D-PBM-MCP-ctrl,neg,104.39
SYNTHETIC_ILLUSTRATIVE_NOT_REAL,PLT-D-PBM-MCP-ctrl,neg,99.67
SYNTHETIC_ILLUSTRATIVE_NOT_REAL,PLT-D-PBM-MCP-ctrl,neg,101.43
SYNTHETIC_ILLUSTRATIVE_NOT_REAL,PLT-D-PBM-MCP-ctrl,neg,100.58
SYNTHETIC_ILLUSTRATIVE_NOT_REAL,PLT-D-PBM-MCP-ctrl,neg,99.06
SYNTHETIC_ILLUSTRATIVE_NOT_REAL,PLT-D-PBM-MCP-ctrl,neg,101.4
SYNTHETIC_ILLUSTRATIVE_NOT_REAL,PLT-D-PBM-MCP-ctrl,pos,10.89
SYNTHETIC_ILLUSTRATIVE_NOT_REAL,PLT-D-PBM-MCP-ctrl,pos,10.02
SYNTHETIC_ILLUSTRATIVE_NOT_REAL,PLT-D-PBM-MCP-ctrl,pos,10.41
SYNTHETIC_ILLUSTRATIVE_NOT_REAL,PLT-D-PBM-MCP-ctrl,pos,12.3
SYNTHETIC_ILLUSTRATIVE_NOT_REAL,PLT-D-PBM-MCP-ctrl,pos,9.3
SYNTHETIC_ILLUSTRATIVE_NOT_REAL,PLT-D-PBM-MCP-ctrl,pos,9.84
SYNTHETIC_ILLUSTRATIVE_NOT_REAL,PLT-D-PBM-MCP-ctrl,pos,10.47
SYNTHETIC_ILLUSTRATIVE_NOT_REAL,PLT-D-PBM-MCP-ctrl,pos,10.01
SYNTHETIC_ILLUSTRATIVE_NOT_REAL,PLT-D-PBM-IP1-ctrl,neg,102.24
SYNTHETIC_ILLUSTRATIVE_NOT_REAL,PLT-D-PBM-IP1-ctrl,neg,101.06
SYNTHETIC_ILLUSTRATIVE_NOT_REAL,PLT-D-PBM-IP1-ctrl,neg,99.08
SYNTHETIC_ILLUSTRATIVE_NOT_REAL,PLT-D-PBM-IP1-ctrl,neg,99.82
SYNTHETIC_ILLUSTRATIVE_NOT_REAL,PLT-D-PBM-IP1-ctrl,neg,99.56
SYNTHETIC_ILLUSTRATIVE_NOT_REAL,PLT-D-PBM-IP1-ctrl,neg,100.19
SYNTHETIC_ILLUSTRATIVE_NOT_REAL,PLT-D-PBM-IP1-ctrl,neg,100.48
SYNTHETIC_ILLUSTRATIVE_NOT_REAL,PLT-D-PBM-IP1-ctrl,neg,99.17
SYNTHETIC_ILLUSTRATIVE_NOT_REAL,PLT-D-PBM-IP1-ctrl,pos,9.55
SYNTHETIC_ILLUSTRATIVE_NOT_REAL,PLT-D-PBM-IP1-ctrl,pos,10.0
SYNTHETIC_ILLUSTRATIVE_NOT_REAL,PLT-D-PBM-IP1-ctrl,pos,8.59
SYNTHETIC_ILLUSTRATIVE_NOT_REAL,PLT-D-PBM-IP1-ctrl,pos,10.33
SYNTHETIC_ILLUSTRATIVE_NOT_REAL,PLT-D-PBM-IP1-ctrl,pos,10.31
SYNTHETIC_ILLUSTRATIVE_NOT_REAL,PLT-D-PBM-IP1-ctrl,pos,7.52
SYNTHETIC_ILLUSTRATIVE_NOT_REAL,PLT-D-PBM-IP1-ctrl,pos,9.13
SYNTHETIC_ILLUSTRATIVE_NOT_REAL,PLT-D-PBM-IP1-ctrl,pos,9.99
SYNTHETIC_ILLUSTRATIVE_NOT_REAL,PLT-D-PBM-GM_-ctrl,neg,99.95
SYNTHETIC_ILLUSTRATIVE_NOT_REAL,PLT-D-PBM-GM_-ctrl,neg,101.27
SYNTHETIC_ILLUSTRATIVE_NOT_REAL,PLT-D-PBM-GM_-ctrl,neg,99.75
SYNTHETIC_ILLUSTRATIVE_NOT_REAL,PLT-D-PBM-GM_-ctrl,neg,100.82
SYNTHETIC_ILLUSTRATIVE_NOT_REAL,PLT-D-PBM-GM_-ctrl,neg,98.59
SYNTHETIC_ILLUSTRATIVE_NOT_REAL,PLT-D-PBM-GM_-ctrl,neg,102.58
SYNTHETIC_ILLUSTRATIVE_NOT_REAL,PLT-D-PBM-GM_-ctrl,neg,102.91
SYNTHETIC_ILLUSTRATIVE_NOT_REAL,PLT-D-PBM-GM_-ctrl,neg,98.67
SYNTHETIC_ILLUSTRATIVE_NOT_REAL,PLT-D-PBM-GM_-ctrl,pos,8.86
SYNTHETIC_ILLUSTRATIVE_NOT_REAL,PLT-D-PBM-GM_-ctrl,pos,9.62
SYNTHETIC_ILLUSTRATIVE_NOT_REAL,PLT-D-PBM-GM_-ctrl,pos,10.69
SYNTHETIC_ILLUSTRATIVE_NOT_REAL,PLT-D-PBM-GM_-ctrl,pos,10.16
SYNTHETIC_ILLUSTRATIVE_NOT_REAL,PLT-D-PBM-GM_-ctrl,pos,9.95
SYNTHETIC_ILLUSTRATIVE_NOT_REAL,PLT-D-PBM-GM_-ctrl,pos,10.14
SYNTHETIC_ILLUSTRATIVE_NOT_REAL,PLT-D-PBM-GM_-ctrl,pos,8.81
SYNTHETIC_ILLUSTRATIVE_NOT_REAL,PLT-D-PBM-GM_-ctrl,pos,9.96
SYNTHETIC_ILLUSTRATIVE_NOT_REAL,PLT-D-PBM-IL4-ctrl,neg,100.45
SYNTHETIC_ILLUSTRATIVE_NOT_REAL,PLT-D-PBM-IL4-ctrl,neg,102.67
SYNTHETIC_ILLUSTRATIVE_NOT_REAL,PLT-D-PBM-IL4-ctrl,neg,101.59
SYNTHETIC_ILLUSTRATIVE_NOT_REAL,PLT-D-PBM-IL4-ctrl,neg,103.01
SYNTHETIC_ILLUSTRATIVE_NOT_REAL,PLT-D-PBM-IL4-ctrl,neg,97.07
SYNTHETIC_ILLUSTRATIVE_NOT_REAL,PLT-D-PBM-IL4-ctrl,neg,106.47
SYNTHETIC_ILLUSTRATIVE_NOT_REAL,PLT-D-PBM-IL4-ctrl,neg,98.22
SYNTHETIC_ILLUSTRATIVE_NOT_REAL,PLT-D-PBM-IL4-ctrl,neg,100.55
SYNTHETIC_ILLUSTRATIVE_NOT_REAL,PLT-D-PBM-IL4-ctrl,pos,11.26
SYNTHETIC_ILLUSTRATIVE_NOT_REAL,PLT-D-PBM-IL4-ctrl,pos,10.41
SYNTHETIC_ILLUSTRATIVE_NOT_REAL,PLT-D-PBM-IL4-ctrl,pos,10.97
SYNTHETIC_ILLUSTRATIVE_NOT_REAL,PLT-D-PBM-IL4-ctrl,pos,9.01
SYNTHETIC_ILLUSTRATIVE_NOT_REAL,PLT-D-PBM-IL4-ctrl,pos,9.09
SYNTHETIC_ILLUSTRATIVE_NOT_REAL,PLT-D-PBM-IL4-ctrl,pos,9.54
SYNTHETIC_ILLUSTRATIVE_NOT_REAL,PLT-D-PBM-IL4-ctrl,pos,10.09
SYNTHETIC_ILLUSTRATIVE_NOT_REAL,PLT-D-PBM-IL1-ctrl,neg,98.24
SYNTHETIC_ILLUSTRATIVE_NOT_REAL,PLT-D-PBM-IL1-ctrl,neg,100.01
SYNTHETIC_ILLUSTRATIVE_NOT_REAL,PLT-D-PBM-IL1-ctrl,neg,103.04
SYNTHETIC_ILLUSTRATIVE_NOT_REAL,PLT-D-PBM-IL1-ctrl,neg,103.75
SYNTHETIC_ILLUSTRATIVE_NOT_REAL,PLT-D-PBM-IL1-ctrl,neg,100.55
SYNTHETIC_ILLUSTRATIVE_NOT_REAL,PLT-D-PBM-IL1-ctrl,neg,99.67
SYNTHETIC_ILLUSTRATIVE_NOT_REAL,PLT-D-PBM-IL1-ctrl,pos,11.38
SYNTHETIC_ILLUSTRATIVE_NOT_REAL,PLT-D-PBM-IL1-ctrl,pos,9.38
SYNTHETIC_ILLUSTRATIVE_NOT_REAL,PLT-D-PBM-IL1-ctrl,pos,10.07
SYNTHETIC_ILLUSTRATIVE_NOT_REAL,PLT-D-PBM-IL1-ctrl,pos,10.73
SYNTHETIC_ILLUSTRATIVE_NOT_REAL,PLT-D-PBM-IL1-ctrl,pos,11.42
SYNTHETIC_ILLUSTRATIVE_NOT_REAL,PLT-D-PBM-IL1-ctrl,pos,10.51
SYNTHETIC_ILLUSTRATIVE_NOT_REAL,PLT-D-PBM-TLR-ctrl,neg,103.61
SYNTHETIC_ILLUSTRATIVE_NOT_REAL,PLT-D-PBM-TLR-ctrl,neg,101.52
SYNTHETIC_ILLUSTRATIVE_NOT_REAL,PLT-D-PBM-TLR-ctrl,neg,103.08
SYNTHETIC_ILLUSTRATIVE_NOT_REAL,PLT-D-PBM-TLR-ctrl,neg,97.78
SYNTHETIC_ILLUSTRATIVE_NOT_REAL,PLT-D-PBM-TLR-ctrl,neg,101.33
SYNTHETIC_ILLUSTRATIVE_NOT_REAL,PLT-D-PBM-TLR-ctrl,neg,101.44
SYNTHETIC_ILLUSTRATIVE_NOT_REAL,PLT-D-PBM-TLR-ctrl,neg,97.91
SYNTHETIC_ILLUSTRATIVE_NOT_REAL,PLT-D-PBM-TLR-ctrl,neg,98.43
SYNTHETIC_ILLUSTRATIVE_NOT_REAL,PLT-D-PBM-TLR-ctrl,pos,9.41
SYNTHETIC_ILLUSTRATIVE_NOT_REAL,PLT-D-PBM-TLR-ctrl,pos,10.86
SYNTHETIC_ILLUSTRATIVE_NOT_REAL,PLT-D-PBM-TLR-ctrl,pos,10.24
SYNTHETIC_ILLUSTRATIVE_NOT_REAL,PLT-D-PBM-TLR-ctrl,pos,9.5
SYNTHETIC_ILLUSTRATIVE_NOT_REAL,PLT-D-PBM-TLR-ctrl,pos,10.61
SYNTHETIC_ILLUSTRATIVE_NOT_REAL,PLT-D-PBM-TLR-ctrl,pos,9.54
SYNTHETIC_ILLUSTRATIVE_NOT_REAL,PLT-D-PBM-TLR-ctrl,pos,10.16
SYNTHETIC_ILLUSTRATIVE_NOT_REAL,PLT-D-PBM-TLR-ctrl,pos,10.0
SYNTHETIC_ILLUSTRATIVE_NOT_REAL,PLT-D-PBM-NK_-ctrl,neg,100.93
SYNTHETIC_ILLUSTRATIVE_NOT_REAL,PLT-D-PBM-NK_-ctrl,neg,100.81
SYNTHETIC_ILLUSTRATIVE_NOT_REAL,PLT-D-PBM-NK_-ctrl,neg,100.65
SYNTHETIC_ILLUSTRATIVE_NOT_REAL,PLT-D-PBM-NK_-ctrl,neg,96.66
SYNTHETIC_ILLUSTRATIVE_NOT_REAL,PLT-D-PBM-NK_-ctrl,neg,97.37
SYNTHETIC_ILLUSTRATIVE_NOT_REAL,PLT-D-PBM-NK_-ctrl,neg,98.53
SYNTHETIC_ILLUSTRATIVE_NOT_REAL,PLT-D-PBM-NK_-ctrl,neg,98.47
SYNTHETIC_ILLUSTRATIVE_NOT_REAL,PLT-D-PBM-NK_-ctrl,neg,101.45
SYNTHETIC_ILLUSTRATIVE_NOT_REAL,PLT-D-PBM-NK_-ctrl,pos,9.71
SYNTHETIC_ILLUSTRATIVE_NOT_REAL,PLT-D-PBM-NK_-ctrl,pos,11.17
SYNTHETIC_ILLUSTRATIVE_NOT_REAL,PLT-D-PBM-NK_-ctrl,pos,10.04
SYNTHETIC_ILLUSTRATIVE_NOT_REAL,PLT-D-PBM-NK_-ctrl,pos,10.54
SYNTHETIC_ILLUSTRATIVE_NOT_REAL,PLT-D-PBM-NK_-ctrl,pos,9.54
SYNTHETIC_ILLUSTRATIVE_NOT_REAL,PLT-D-PBM-NK_-ctrl,pos,9.59
SYNTHETIC_ILLUSTRATIVE_NOT_REAL,PLT-D-PBM-NK_-ctrl,pos,10.39
SYNTHETIC_ILLUSTRATIVE_NOT_REAL,PLT-D-PBM-NK_-ctrl,pos,10.74
SYNTHETIC_ILLUSTRATIVE_NOT_REAL,PLT-D-PBM-C3a-ctrl,neg,96.89
SYNTHETIC_ILLUSTRATIVE_NOT_REAL,PLT-D-PBM-C3a-ctrl,neg,100.08
SYNTHETIC_ILLUSTRATIVE_NOT_REAL,PLT-D-PBM-C3a-ctrl,neg,99.67
SYNTHETIC_ILLUSTRATIVE_NOT_REAL,PLT-D-PBM-C3a-ctrl,neg,97.86
SYNTHETIC_ILLUSTRATIVE_NOT_REAL,PLT-D-PBM-C3a-ctrl,neg,101.59
SYNTHETIC_ILLUSTRATIVE_NOT_REAL,PLT-D-PBM-C3a-ctrl,neg,98.25
SYNTHETIC_ILLUSTRATIVE_NOT_REAL,PLT-D-PBM-C3a-ctrl,neg,98.78
SYNTHETIC_ILLUSTRATIVE_NOT_REAL,PLT-D-PBM-C3a-ctrl,neg,97.92
SYNTHETIC_ILLUSTRATIVE_NOT_REAL,PLT-D-PBM-C3a-ctrl,pos,10.38
SYNTHETIC_ILLUSTRATIVE_NOT_REAL,PLT-D-PBM-C3a-ctrl,pos,10.47
SYNTHETIC_ILLUSTRATIVE_NOT_REAL,PLT-D-PBM-C3a-ctrl,pos,11.1
SYNTHETIC_ILLUSTRATIVE_NOT_REAL,PLT-D-PBM-C3a-ctrl,pos,9.84
SYNTHETIC_ILLUSTRATIVE_NOT_REAL,PLT-D-PBM-C3a-ctrl,pos,9.38
SYNTHETIC_ILLUSTRATIVE_NOT_REAL,PLT-D-PBM-C3a-ctrl,pos,11.21
SYNTHETIC_ILLUSTRATIVE_NOT_REAL,PLT-D-PBM-C3a-ctrl,pos,9.54
SYNTHETIC_ILLUSTRATIVE_NOT_REAL,PLT-D-PBM-C3a-ctrl,pos,10.57
SYNTHETIC_ILLUSTRATIVE_NOT_REAL,PLT-D-PBM-C5a-ctrl,neg,99.48
SYNTHETIC_ILLUSTRATIVE_NOT_REAL,PLT-D-PBM-C5a-ctrl,neg,99.84
SYNTHETIC_ILLUSTRATIVE_NOT_REAL,PLT-D-PBM-C5a-ctrl,neg,96.64
SYNTHETIC_ILLUSTRATIVE_NOT_REAL,PLT-D-PBM-C5a-ctrl,neg,99.69
SYNTHETIC_ILLUSTRATIVE_NOT_REAL,PLT-D-PBM-C5a-ctrl,neg,99.56
SYNTHETIC_ILLUSTRATIVE_NOT_REAL,PLT-D-PBM-C5a-ctrl,neg,100.9
SYNTHETIC_ILLUSTRATIVE_NOT_REAL,PLT-D-PBM-C5a-ctrl,neg,98.52
SYNTHETIC_ILLUSTRATIVE_NOT_REAL,PLT-D-PBM-C5a-ctrl,neg,98.89
SYNTHETIC_ILLUSTRATIVE_NOT_REAL,PLT-D-PBM-C5a-ctrl,pos,10.14
SYNTHETIC_ILLUSTRATIVE_NOT_REAL,PLT-D-PBM-C5a-ctrl,pos,12.1
SYNTHETIC_ILLUSTRATIVE_NOT_REAL,PLT-D-PBM-C5a-ctrl,pos,9.5
SYNTHETIC_ILLUSTRATIVE_NOT_REAL,PLT-D-PBM-C5a-ctrl,pos,11.59
SYNTHETIC_ILLUSTRATIVE_NOT_REAL,PLT-D-PBM-C5a-ctrl,pos,9.25
SYNTHETIC_ILLUSTRATIVE_NOT_REAL,PLT-D-PBM-C5a-ctrl,pos,10.02
SYNTHETIC_ILLUSTRATIVE_NOT_REAL,PLT-D-PBM-C5a-ctrl,pos,9.24
SYNTHETIC_ILLUSTRATIVE_NOT_REAL,PLT-D-PBM-C5a-ctrl,pos,11.06
SYNTHETIC_ILLUSTRATIVE_NOT_REAL,PLT-D-PBM-C1q-ctrl,neg,99.04
SYNTHETIC_ILLUSTRATIVE_NOT_REAL,PLT-D-PBM-C1q-ctrl,neg,97.98
SYNTHETIC_ILLUSTRATIVE_NOT_REAL,PLT-D-PBM-C1q-ctrl,neg,100.04
SYNTHETIC_ILLUSTRATIVE_NOT_REAL,PLT-D-PBM-C1q-ctrl,neg,97.8
SYNTHETIC_ILLUSTRATIVE_NOT_REAL,PLT-D-PBM-C1q-ctrl,neg,101.39
SYNTHETIC_ILLUSTRATIVE_NOT_REAL,PLT-D-PBM-C1q-ctrl,neg,98.92
SYNTHETIC_ILLUSTRATIVE_NOT_REAL,PLT-D-PBM-C1q-ctrl,neg,99.08
SYNTHETIC_ILLUSTRATIVE_NOT_REAL,PLT-D-PBM-C1q-ctrl,neg,103.9
SYNTHETIC_ILLUSTRATIVE_NOT_REAL,PLT-D-PBM-C1q-ctrl,pos,10.61
SYNTHETIC_ILLUSTRATIVE_NOT_REAL,PLT-D-PBM-C1q-ctrl,pos,9.48
SYNTHETIC_ILLUSTRATIVE_NOT_REAL,PLT-D-PBM-C1q-ctrl,pos,10.28
SYNTHETIC_ILLUSTRATIVE_NOT_REAL,PLT-D-PBM-C1q-ctrl,pos,8.71
SYNTHETIC_ILLUSTRATIVE_NOT_REAL,PLT-D-PBM-C1q-ctrl,pos,9.39
SYNTHETIC_ILLUSTRATIVE_NOT_REAL,PLT-D-PBM-C1q-ctrl,pos,9.4
SYNTHETIC_ILLUSTRATIVE_NOT_REAL,PLT-D-PBM-C1q-ctrl,pos,9.19
SYNTHETIC_ILLUSTRATIVE_NOT_REAL,PLT-E-PHH-Cel-ctrl,neg,99.56
SYNTHETIC_ILLUSTRATIVE_NOT_REAL,PLT-E-PHH-Cel-ctrl,neg,98.39
SYNTHETIC_ILLUSTRATIVE_NOT_REAL,PLT-E-PHH-Cel-ctrl,neg,102.32
SYNTHETIC_ILLUSTRATIVE_NOT_REAL,PLT-E-PHH-Cel-ctrl,neg,104.34
SYNTHETIC_ILLUSTRATIVE_NOT_REAL,PLT-E-PHH-Cel-ctrl,neg,100.91
SYNTHETIC_ILLUSTRATIVE_NOT_REAL,PLT-E-PHH-Cel-ctrl,neg,96.91
SYNTHETIC_ILLUSTRATIVE_NOT_REAL,PLT-E-PHH-Cel-ctrl,neg,102.73
SYNTHETIC_ILLUSTRATIVE_NOT_REAL,PLT-E-PHH-Cel-ctrl,neg,104.03
SYNTHETIC_ILLUSTRATIVE_NOT_REAL,PLT-E-PHH-Cel-ctrl,pos,9.83
SYNTHETIC_ILLUSTRATIVE_NOT_REAL,PLT-E-PHH-Cel-ctrl,pos,10.27
SYNTHETIC_ILLUSTRATIVE_NOT_REAL,PLT-E-PHH-Cel-ctrl,pos,10.83
SYNTHETIC_ILLUSTRATIVE_NOT_REAL,PLT-E-PHH-Cel-ctrl,pos,10.13
SYNTHETIC_ILLUSTRATIVE_NOT_REAL,PLT-E-PHH-Cel-ctrl,pos,10.96
SYNTHETIC_ILLUSTRATIVE_NOT_REAL,PLT-E-PHH-Cel-ctrl,pos,10.41
SYNTHETIC_ILLUSTRATIVE_NOT_REAL,PLT-E-PHH-Cel-ctrl,pos,9.49
SYNTHETIC_ILLUSTRATIVE_NOT_REAL,PLT-E-PHH-Cel-ctrl,pos,9.59
SYNTHETIC_ILLUSTRATIVE_NOT_REAL,PLT-E-PHH-LDH-ctrl,neg,97.08
SYNTHETIC_ILLUSTRATIVE_NOT_REAL,PLT-E-PHH-LDH-ctrl,neg,99.26
SYNTHETIC_ILLUSTRATIVE_NOT_REAL,PLT-E-PHH-LDH-ctrl,neg,98.95
SYNTHETIC_ILLUSTRATIVE_NOT_REAL,PLT-E-PHH-LDH-ctrl,neg,99.29
SYNTHETIC_ILLUSTRATIVE_NOT_REAL,PLT-E-PHH-LDH-ctrl,neg,98.85
SYNTHETIC_ILLUSTRATIVE_NOT_REAL,PLT-E-PHH-LDH-ctrl,neg,103.6
SYNTHETIC_ILLUSTRATIVE_NOT_REAL,PLT-E-PHH-LDH-ctrl,neg,99.52
SYNTHETIC_ILLUSTRATIVE_NOT_REAL,PLT-E-PHH-LDH-ctrl,neg,99.66
SYNTHETIC_ILLUSTRATIVE_NOT_REAL,PLT-E-PHH-LDH-ctrl,pos,8.85
SYNTHETIC_ILLUSTRATIVE_NOT_REAL,PLT-E-PHH-LDH-ctrl,pos,8.94
SYNTHETIC_ILLUSTRATIVE_NOT_REAL,PLT-E-PHH-LDH-ctrl,pos,9.39
SYNTHETIC_ILLUSTRATIVE_NOT_REAL,PLT-E-PHH-LDH-ctrl,pos,9.03
SYNTHETIC_ILLUSTRATIVE_NOT_REAL,PLT-E-PHH-LDH-ctrl,pos,10.37
SYNTHETIC_ILLUSTRATIVE_NOT_REAL,PLT-E-PHH-LDH-ctrl,pos,9.52
SYNTHETIC_ILLUSTRATIVE_NOT_REAL,PLT-E-PHH-LDH-ctrl,pos,9.62
SYNTHETIC_ILLUSTRATIVE_NOT_REAL,PLT-E-PHH-LDH-ctrl,pos,9.87
SYNTHETIC_ILLUSTRATIVE_NOT_REAL,PLT-E-PHH-ALT-ctrl,neg,99.96
SYNTHETIC_ILLUSTRATIVE_NOT_REAL,PLT-E-PHH-ALT-ctrl,neg,98.74
SYNTHETIC_ILLUSTRATIVE_NOT_REAL,PLT-E-PHH-ALT-ctrl,neg,102.92
SYNTHETIC_ILLUSTRATIVE_NOT_REAL,PLT-E-PHH-ALT-ctrl,neg,102.39
SYNTHETIC_ILLUSTRATIVE_NOT_REAL,PLT-E-PHH-ALT-ctrl,neg,101.53
SYNTHETIC_ILLUSTRATIVE_NOT_REAL,PLT-E-PHH-ALT-ctrl,neg,99.03
SYNTHETIC_ILLUSTRATIVE_NOT_REAL,PLT-E-PHH-ALT-ctrl,neg,100.22
SYNTHETIC_ILLUSTRATIVE_NOT_REAL,PLT-E-PHH-ALT-ctrl,neg,98.29
SYNTHETIC_ILLUSTRATIVE_NOT_REAL,PLT-E-PHH-ALT-ctrl,pos,9.19
SYNTHETIC_ILLUSTRATIVE_NOT_REAL,PLT-E-PHH-ALT-ctrl,pos,10.07
SYNTHETIC_ILLUSTRATIVE_NOT_REAL,PLT-E-PHH-ALT-ctrl,pos,10.24
SYNTHETIC_ILLUSTRATIVE_NOT_REAL,PLT-E-PHH-ALT-ctrl,pos,10.43
SYNTHETIC_ILLUSTRATIVE_NOT_REAL,PLT-E-PHH-ALT-ctrl,pos,10.08
SYNTHETIC_ILLUSTRATIVE_NOT_REAL,PLT-E-PHH-ALT-ctrl,pos,11.57
SYNTHETIC_ILLUSTRATIVE_NOT_REAL,PLT-E-PHH-ALT-ctrl,pos,9.24
SYNTHETIC_ILLUSTRATIVE_NOT_REAL,PLT-E-PHH-ALT-ctrl,pos,11.01
SYNTHETIC_ILLUSTRATIVE_NOT_REAL,PLT-E-PHH-AST-ctrl,neg,99.84
SYNTHETIC_ILLUSTRATIVE_NOT_REAL,PLT-E-PHH-AST-ctrl,neg,97.62
SYNTHETIC_ILLUSTRATIVE_NOT_REAL,PLT-E-PHH-AST-ctrl,neg,101.94
SYNTHETIC_ILLUSTRATIVE_NOT_REAL,PLT-E-PHH-AST-ctrl,neg,98.0
SYNTHETIC_ILLUSTRATIVE_NOT_REAL,PLT-E-PHH-AST-ctrl,neg,101.86
SYNTHETIC_ILLUSTRATIVE_NOT_REAL,PLT-E-PHH-AST-ctrl,neg,100.84
SYNTHETIC_ILLUSTRATIVE_NOT_REAL,PLT-E-PHH-AST-ctrl,neg,98.04
SYNTHETIC_ILLUSTRATIVE_NOT_REAL,PLT-E-PHH-AST-ctrl,neg,99.43
SYNTHETIC_ILLUSTRATIVE_NOT_REAL,PLT-E-PHH-AST-ctrl,pos,10.71
SYNTHETIC_ILLUSTRATIVE_NOT_REAL,PLT-E-PHH-AST-ctrl,pos,9.82
SYNTHETIC_ILLUSTRATIVE_NOT_REAL,PLT-E-PHH-AST-ctrl,pos,11.75
SYNTHETIC_ILLUSTRATIVE_NOT_REAL,PLT-E-PHH-AST-ctrl,pos,10.97
SYNTHETIC_ILLUSTRATIVE_NOT_REAL,PLT-E-PHH-AST-ctrl,pos,8.76
SYNTHETIC_ILLUSTRATIVE_NOT_REAL,PLT-E-PHH-AST-ctrl,pos,9.84
SYNTHETIC_ILLUSTRATIVE_NOT_REAL,PLT-E-PHH-AST-ctrl,pos,10.82
SYNTHETIC_ILLUSTRATIVE_NOT_REAL,PLT-E-PHH-Cas-ctrl,neg,99.04
SYNTHETIC_ILLUSTRATIVE_NOT_REAL,PLT-E-PHH-Cas-ctrl,neg,97.93
SYNTHETIC_ILLUSTRATIVE_NOT_REAL,PLT-E-PHH-Cas-ctrl,neg,100.08
SYNTHETIC_ILLUSTRATIVE_NOT_REAL,PLT-E-PHH-Cas-ctrl,neg,99.2
SYNTHETIC_ILLUSTRATIVE_NOT_REAL,PLT-E-PHH-Cas-ctrl,neg,99.09
SYNTHETIC_ILLUSTRATIVE_NOT_REAL,PLT-E-PHH-Cas-ctrl,neg,101.85
SYNTHETIC_ILLUSTRATIVE_NOT_REAL,PLT-E-PHH-Cas-ctrl,neg,100.66
SYNTHETIC_ILLUSTRATIVE_NOT_REAL,PLT-E-PHH-Cas-ctrl,neg,102.25
SYNTHETIC_ILLUSTRATIVE_NOT_REAL,PLT-E-PHH-Cas-ctrl,pos,9.18
SYNTHETIC_ILLUSTRATIVE_NOT_REAL,PLT-E-PHH-Cas-ctrl,pos,10.5
SYNTHETIC_ILLUSTRATIVE_NOT_REAL,PLT-E-PHH-Cas-ctrl,pos,10.03
SYNTHETIC_ILLUSTRATIVE_NOT_REAL,PLT-E-PHH-Cas-ctrl,pos,9.53
SYNTHETIC_ILLUSTRATIVE_NOT_REAL,PLT-E-PHH-Cas-ctrl,pos,8.78
SYNTHETIC_ILLUSTRATIVE_NOT_REAL,PLT-E-PHH-Cas-ctrl,pos,9.95
SYNTHETIC_ILLUSTRATIVE_NOT_REAL,PLT-E-PHH-Cas-ctrl,pos,9.1
SYNTHETIC_ILLUSTRATIVE_NOT_REAL,PLT-E-PHH-Cas-ctrl,pos,10.58
SYNTHETIC_ILLUSTRATIVE_NOT_REAL,PLT-E-PHH-HMG-ctrl,neg,99.84
SYNTHETIC_ILLUSTRATIVE_NOT_REAL,PLT-E-PHH-HMG-ctrl,neg,99.46
SYNTHETIC_ILLUSTRATIVE_NOT_REAL,PLT-E-PHH-HMG-ctrl,neg,99.52
SYNTHETIC_ILLUSTRATIVE_NOT_REAL,PLT-E-PHH-HMG-ctrl,neg,96.72
SYNTHETIC_ILLUSTRATIVE_NOT_REAL,PLT-E-PHH-HMG-ctrl,neg,99.88
SYNTHETIC_ILLUSTRATIVE_NOT_REAL,PLT-E-PHH-HMG-ctrl,neg,98.74
SYNTHETIC_ILLUSTRATIVE_NOT_REAL,PLT-E-PHH-HMG-ctrl,neg,100.11
SYNTHETIC_ILLUSTRATIVE_NOT_REAL,PLT-E-PHH-HMG-ctrl,neg,96.96
SYNTHETIC_ILLUSTRATIVE_NOT_REAL,PLT-E-PHH-HMG-ctrl,pos,10.03
SYNTHETIC_ILLUSTRATIVE_NOT_REAL,PLT-E-PHH-HMG-ctrl,pos,9.05
SYNTHETIC_ILLUSTRATIVE_NOT_REAL,PLT-E-PHH-HMG-ctrl,pos,9.35
SYNTHETIC_ILLUSTRATIVE_NOT_REAL,PLT-E-PHH-HMG-ctrl,pos,9.49
SYNTHETIC_ILLUSTRATIVE_NOT_REAL,PLT-E-PHH-HMG-ctrl,pos,9.57
SYNTHETIC_ILLUSTRATIVE_NOT_REAL,PLT-E-PHH-HMG-ctrl,pos,9.56
SYNTHETIC_ILLUSTRATIVE_NOT_REAL,PLT-E-PHH-HMG-ctrl,pos,9.52
SYNTHETIC_ILLUSTRATIVE_NOT_REAL,PLT-E-PHH-ROS-ctrl,neg,101.11
SYNTHETIC_ILLUSTRATIVE_NOT_REAL,PLT-E-PHH-ROS-ctrl,neg,100.36
SYNTHETIC_ILLUSTRATIVE_NOT_REAL,PLT-E-PHH-ROS-ctrl,neg,98.18
SYNTHETIC_ILLUSTRATIVE_NOT_REAL,PLT-E-PHH-ROS-ctrl,neg,99.37
SYNTHETIC_ILLUSTRATIVE_NOT_REAL,PLT-E-PHH-ROS-ctrl,neg,102.85
SYNTHETIC_ILLUSTRATIVE_NOT_REAL,PLT-E-PHH-ROS-ctrl,neg,103.07
SYNTHETIC_ILLUSTRATIVE_NOT_REAL,PLT-E-PHH-ROS-ctrl,neg,97.1
SYNTHETIC_ILLUSTRATIVE_NOT_REAL,PLT-E-PHH-ROS-ctrl,neg,101.04
SYNTHETIC_ILLUSTRATIVE_NOT_REAL,PLT-E-PHH-ROS-ctrl,pos,9.78
SYNTHETIC_ILLUSTRATIVE_NOT_REAL,PLT-E-PHH-ROS-ctrl,pos,9.61
SYNTHETIC_ILLUSTRATIVE_NOT_REAL,PLT-E-PHH-ROS-ctrl,pos,10.21
SYNTHETIC_ILLUSTRATIVE_NOT_REAL,PLT-E-PHH-ROS-ctrl,pos,11.22
SYNTHETIC_ILLUSTRATIVE_NOT_REAL,PLT-E-PHH-ROS-ctrl,pos,10.45
SYNTHETIC_ILLUSTRATIVE_NOT_REAL,PLT-E-PHH-ROS-ctrl,pos,9.26
SYNTHETIC_ILLUSTRATIVE_NOT_REAL,PLT-E-PHH-ROS-ctrl,pos,10.06
SYNTHETIC_ILLUSTRATIVE_NOT_REAL,PLT-E-PHH-ROS-ctrl,pos,10.37
SYNTHETIC_ILLUSTRATIVE_NOT_REAL,PLT-E-PHH-Lip-ctrl,neg,100.41
SYNTHETIC_ILLUSTRATIVE_NOT_REAL,PLT-E-PHH-Lip-ctrl,neg,103.3
SYNTHETIC_ILLUSTRATIVE_NOT_REAL,PLT-E-PHH-Lip-ctrl,neg,98.54
SYNTHETIC_ILLUSTRATIVE_NOT_REAL,PLT-E-PHH-Lip-ctrl,neg,99.18
SYNTHETIC_ILLUSTRATIVE_NOT_REAL,PLT-E-PHH-Lip-ctrl,neg,100.87
SYNTHETIC_ILLUSTRATIVE_NOT_REAL,PLT-E-PHH-Lip-ctrl,neg,98.19
SYNTHETIC_ILLUSTRATIVE_NOT_REAL,PLT-E-PHH-Lip-ctrl,neg,103.0
SYNTHETIC_ILLUSTRATIVE_NOT_REAL,PLT-E-PHH-Lip-ctrl,neg,99.75
SYNTHETIC_ILLUSTRATIVE_NOT_REAL,PLT-E-PHH-Lip-ctrl,pos,10.46
SYNTHETIC_ILLUSTRATIVE_NOT_REAL,PLT-E-PHH-Lip-ctrl,pos,10.85
SYNTHETIC_ILLUSTRATIVE_NOT_REAL,PLT-E-PHH-Lip-ctrl,pos,10.52
SYNTHETIC_ILLUSTRATIVE_NOT_REAL,PLT-E-PHH-Lip-ctrl,pos,9.46
SYNTHETIC_ILLUSTRATIVE_NOT_REAL,PLT-E-PHH-Lip-ctrl,pos,8.99
SYNTHETIC_ILLUSTRATIVE_NOT_REAL,PLT-E-PHH-Lip-ctrl,pos,8.72
SYNTHETIC_ILLUSTRATIVE_NOT_REAL,PLT-E-PHH-Lip-ctrl,pos,9.32
SYNTHETIC_ILLUSTRATIVE_NOT_REAL,PLT-E-PHH-Lip-ctrl,pos,9.44
SYNTHETIC_ILLUSTRATIVE_NOT_REAL,PLT-E-PHH-Mit-ctrl,neg,101.23
SYNTHETIC_ILLUSTRATIVE_NOT_REAL,PLT-E-PHH-Mit-ctrl,neg,102.07
SYNTHETIC_ILLUSTRATIVE_NOT_REAL,PLT-E-PHH-Mit-ctrl,neg,101.04
SYNTHETIC_ILLUSTRATIVE_NOT_REAL,PLT-E-PHH-Mit-ctrl,neg,98.63
SYNTHETIC_ILLUSTRATIVE_NOT_REAL,PLT-E-PHH-Mit-ctrl,neg,101.09
SYNTHETIC_ILLUSTRATIVE_NOT_REAL,PLT-E-PHH-Mit-ctrl,neg,101.98
SYNTHETIC_ILLUSTRATIVE_NOT_REAL,PLT-E-PHH-Mit-ctrl,neg,96.39
SYNTHETIC_ILLUSTRATIVE_NOT_REAL,PLT-E-PHH-Mit-ctrl,neg,100.59
SYNTHETIC_ILLUSTRATIVE_NOT_REAL,PLT-E-PHH-Mit-ctrl,pos,9.56
SYNTHETIC_ILLUSTRATIVE_NOT_REAL,PLT-E-PHH-Mit-ctrl,pos,10.07
SYNTHETIC_ILLUSTRATIVE_NOT_REAL,PLT-E-PHH-Mit-ctrl,pos,8.99
SYNTHETIC_ILLUSTRATIVE_NOT_REAL,PLT-E-PHH-Mit-ctrl,pos,9.16
SYNTHETIC_ILLUSTRATIVE_NOT_REAL,PLT-E-PHH-Mit-ctrl,pos,9.9
SYNTHETIC_ILLUSTRATIVE_NOT_REAL,PLT-E-PHH-Mit-ctrl,pos,9.55
SYNTHETIC_ILLUSTRATIVE_NOT_REAL,PLT-E-PHH-Mit-ctrl,pos,9.6
SYNTHETIC_ILLUSTRATIVE_NOT_REAL,PLT-E-PHH-Mit-ctrl,pos,9.29
SYNTHETIC_ILLUSTRATIVE_NOT_REAL,PLT-E-PHH-Bil-ctrl,neg,100.37
SYNTHETIC_ILLUSTRATIVE_NOT_REAL,PLT-E-PHH-Bil-ctrl,neg,100.13
SYNTHETIC_ILLUSTRATIVE_NOT_REAL,PLT-E-PHH-Bil-ctrl,neg,99.94
SYNTHETIC_ILLUSTRATIVE_NOT_REAL,PLT-E-PHH-Bil-ctrl,neg,100.58
SYNTHETIC_ILLUSTRATIVE_NOT_REAL,PLT-E-PHH-Bil-ctrl,neg,102.94
SYNTHETIC_ILLUSTRATIVE_NOT_REAL,PLT-E-PHH-Bil-ctrl,neg,95.72
SYNTHETIC_ILLUSTRATIVE_NOT_REAL,PLT-E-PHH-Bil-ctrl,neg,97.14
SYNTHETIC_ILLUSTRATIVE_NOT_REAL,PLT-E-PHH-Bil-ctrl,neg,97.46
SYNTHETIC_ILLUSTRATIVE_NOT_REAL,PLT-E-PHH-Bil-ctrl,pos,10.22
SYNTHETIC_ILLUSTRATIVE_NOT_REAL,PLT-E-PHH-Bil-ctrl,pos,10.08
SYNTHETIC_ILLUSTRATIVE_NOT_REAL,PLT-E-PHH-Bil-ctrl,pos,10.3
SYNTHETIC_ILLUSTRATIVE_NOT_REAL,PLT-E-PHH-Bil-ctrl,pos,11.47
SYNTHETIC_ILLUSTRATIVE_NOT_REAL,PLT-E-PHH-Bil-ctrl,pos,10.02
SYNTHETIC_ILLUSTRATIVE_NOT_REAL,PLT-E-PHH-Bil-ctrl,pos,8.89
SYNTHETIC_ILLUSTRATIVE_NOT_REAL,PLT-E-PHH-Bil-ctrl,pos,10.33
SYNTHETIC_ILLUSTRATIVE_NOT_REAL,PLT-E-PHH-Bil-ctrl,pos,11.41
SYNTHETIC_ILLUSTRATIVE_NOT_REAL,PLT-E-PHH-Gen-ctrl,neg,99.89
SYNTHETIC_ILLUSTRATIVE_NOT_REAL,PLT-E-PHH-Gen-ctrl,neg,96.0
SYNTHETIC_ILLUSTRATIVE_NOT_REAL,PLT-E-PHH-Gen-ctrl,neg,101.91
SYNTHETIC_ILLUSTRATIVE_NOT_REAL,PLT-E-PHH-Gen-ctrl,neg,100.82
SYNTHETIC_ILLUSTRATIVE_NOT_REAL,PLT-E-PHH-Gen-ctrl,neg,100.14
SYNTHETIC_ILLUSTRATIVE_NOT_REAL,PLT-E-PHH-Gen-ctrl,neg,101.08
SYNTHETIC_ILLUSTRATIVE_NOT_REAL,PLT-E-PHH-Gen-ctrl,neg,99.08
SYNTHETIC_ILLUSTRATIVE_NOT_REAL,PLT-E-PHH-Gen-ctrl,neg,99.61
SYNTHETIC_ILLUSTRATIVE_NOT_REAL,PLT-E-PHH-Gen-ctrl,pos,10.35
SYNTHETIC_ILLUSTRATIVE_NOT_REAL,PLT-E-PHH-Gen-ctrl,pos,8.28
SYNTHETIC_ILLUSTRATIVE_NOT_REAL,PLT-E-PHH-Gen-ctrl,pos,9.38
SYNTHETIC_ILLUSTRATIVE_NOT_REAL,PLT-E-PHH-Gen-ctrl,pos,9.49
SYNTHETIC_ILLUSTRATIVE_NOT_REAL,PLT-E-PHH-Gen-ctrl,pos,9.72
SYNTHETIC_ILLUSTRATIVE_NOT_REAL,PLT-E-PHH-Gen-ctrl,pos,9.54
SYNTHETIC_ILLUSTRATIVE_NOT_REAL,PLT-E-PHH-Gen-ctrl,pos,9.35
SYNTHETIC_ILLUSTRATIVE_NOT_REAL,PLT-E-PHH-Gen-ctrl,pos,10.14
SYNTHETIC_ILLUSTRATIVE_NOT_REAL,PLT-E-PHH-RNA-ctrl,neg,99.58
SYNTHETIC_ILLUSTRATIVE_NOT_REAL,PLT-E-PHH-RNA-ctrl,neg,95.41
SYNTHETIC_ILLUSTRATIVE_NOT_REAL,PLT-E-PHH-RNA-ctrl,neg,98.08
SYNTHETIC_ILLUSTRATIVE_NOT_REAL,PLT-E-PHH-RNA-ctrl,neg,100.38
SYNTHETIC_ILLUSTRATIVE_NOT_REAL,PLT-E-PHH-RNA-ctrl,neg,100.58
SYNTHETIC_ILLUSTRATIVE_NOT_REAL,PLT-E-PHH-RNA-ctrl,neg,103.16
SYNTHETIC_ILLUSTRATIVE_NOT_REAL,PLT-E-PHH-RNA-ctrl,neg,101.78
SYNTHETIC_ILLUSTRATIVE_NOT_REAL,PLT-E-PHH-RNA-ctrl,neg,97.31
SYNTHETIC_ILLUSTRATIVE_NOT_REAL,PLT-E-PHH-RNA-ctrl,pos,10.59
SYNTHETIC_ILLUSTRATIVE_NOT_REAL,PLT-E-PHH-RNA-ctrl,pos,10.27
SYNTHETIC_ILLUSTRATIVE_NOT_REAL,PLT-E-PHH-RNA-ctrl,pos,10.06
SYNTHETIC_ILLUSTRATIVE_NOT_REAL,PLT-E-PHH-RNA-ctrl,pos,9.08
SYNTHETIC_ILLUSTRATIVE_NOT_REAL,PLT-E-PHH-RNA-ctrl,pos,11.43
SYNTHETIC_ILLUSTRATIVE_NOT_REAL,PLT-E-PHH-RNA-ctrl,pos,11.35
SYNTHETIC_ILLUSTRATIVE_NOT_REAL,PLT-E-PHH-RNA-ctrl,pos,10.21
SYNTHETIC_ILLUSTRATIVE_NOT_REAL,PLT-E-PHH-RNA-ctrl,pos,9.34
SYNTHETIC_ILLUSTRATIVE_NOT_REAL,PLT-E-PBM-IFN-ctrl,neg,98.51
SYNTHETIC_ILLUSTRATIVE_NOT_REAL,PLT-E-PBM-IFN-ctrl,neg,99.56
SYNTHETIC_ILLUSTRATIVE_NOT_REAL,PLT-E-PBM-IFN-ctrl,neg,98.59
SYNTHETIC_ILLUSTRATIVE_NOT_REAL,PLT-E-PBM-IFN-ctrl,neg,104.2
SYNTHETIC_ILLUSTRATIVE_NOT_REAL,PLT-E-PBM-IFN-ctrl,neg,100.9
SYNTHETIC_ILLUSTRATIVE_NOT_REAL,PLT-E-PBM-IFN-ctrl,neg,101.64
SYNTHETIC_ILLUSTRATIVE_NOT_REAL,PLT-E-PBM-IFN-ctrl,neg,101.74
SYNTHETIC_ILLUSTRATIVE_NOT_REAL,PLT-E-PBM-IFN-ctrl,pos,11.67
SYNTHETIC_ILLUSTRATIVE_NOT_REAL,PLT-E-PBM-IFN-ctrl,pos,8.25
SYNTHETIC_ILLUSTRATIVE_NOT_REAL,PLT-E-PBM-IFN-ctrl,pos,10.61
SYNTHETIC_ILLUSTRATIVE_NOT_REAL,PLT-E-PBM-IFN-ctrl,pos,10.14
SYNTHETIC_ILLUSTRATIVE_NOT_REAL,PLT-E-PBM-IFN-ctrl,pos,10.06
SYNTHETIC_ILLUSTRATIVE_NOT_REAL,PLT-E-PBM-IFN-ctrl,pos,10.92
SYNTHETIC_ILLUSTRATIVE_NOT_REAL,PLT-E-PBM-IFN-ctrl,pos,10.49
SYNTHETIC_ILLUSTRATIVE_NOT_REAL,PLT-E-PBM-IFN-ctrl,pos,8.65
SYNTHETIC_ILLUSTRATIVE_NOT_REAL,PLT-E-PBM-IFN-ctrl,neg,98.65
SYNTHETIC_ILLUSTRATIVE_NOT_REAL,PLT-E-PBM-IFN-ctrl,neg,100.45
SYNTHETIC_ILLUSTRATIVE_NOT_REAL,PLT-E-PBM-IFN-ctrl,neg,99.95
SYNTHETIC_ILLUSTRATIVE_NOT_REAL,PLT-E-PBM-IFN-ctrl,neg,98.93
SYNTHETIC_ILLUSTRATIVE_NOT_REAL,PLT-E-PBM-IFN-ctrl,neg,97.49
SYNTHETIC_ILLUSTRATIVE_NOT_REAL,PLT-E-PBM-IFN-ctrl,neg,101.71
SYNTHETIC_ILLUSTRATIVE_NOT_REAL,PLT-E-PBM-IFN-ctrl,neg,99.02
SYNTHETIC_ILLUSTRATIVE_NOT_REAL,PLT-E-PBM-IFN-ctrl,neg,98.74
SYNTHETIC_ILLUSTRATIVE_NOT_REAL,PLT-E-PBM-IFN-ctrl,pos,10.05
SYNTHETIC_ILLUSTRATIVE_NOT_REAL,PLT-E-PBM-IFN-ctrl,pos,11.17
SYNTHETIC_ILLUSTRATIVE_NOT_REAL,PLT-E-PBM-IFN-ctrl,pos,10.16
SYNTHETIC_ILLUSTRATIVE_NOT_REAL,PLT-E-PBM-IFN-ctrl,pos,12.07
SYNTHETIC_ILLUSTRATIVE_NOT_REAL,PLT-E-PBM-IFN-ctrl,pos,9.76
SYNTHETIC_ILLUSTRATIVE_NOT_REAL,PLT-E-PBM-IFN-ctrl,pos,10.5
SYNTHETIC_ILLUSTRATIVE_NOT_REAL,PLT-E-PBM-IFN-ctrl,pos,8.32
SYNTHETIC_ILLUSTRATIVE_NOT_REAL,PLT-E-PBM-IFN-ctrl,pos,9.5
SYNTHETIC_ILLUSTRATIVE_NOT_REAL,PLT-E-PBM-IL1-ctrl,neg,100.3
SYNTHETIC_ILLUSTRATIVE_NOT_REAL,PLT-E-PBM-IL1-ctrl,neg,98.54
SYNTHETIC_ILLUSTRATIVE_NOT_REAL,PLT-E-PBM-IL1-ctrl,neg,100.98
SYNTHETIC_ILLUSTRATIVE_NOT_REAL,PLT-E-PBM-IL1-ctrl,neg,99.44
SYNTHETIC_ILLUSTRATIVE_NOT_REAL,PLT-E-PBM-IL1-ctrl,neg,99.46
SYNTHETIC_ILLUSTRATIVE_NOT_REAL,PLT-E-PBM-IL1-ctrl,neg,98.79
SYNTHETIC_ILLUSTRATIVE_NOT_REAL,PLT-E-PBM-IL1-ctrl,neg,100.01
SYNTHETIC_ILLUSTRATIVE_NOT_REAL,PLT-E-PBM-IL1-ctrl,neg,96.9
SYNTHETIC_ILLUSTRATIVE_NOT_REAL,PLT-E-PBM-IL1-ctrl,pos,10.79
SYNTHETIC_ILLUSTRATIVE_NOT_REAL,PLT-E-PBM-IL1-ctrl,pos,10.4
SYNTHETIC_ILLUSTRATIVE_NOT_REAL,PLT-E-PBM-IL1-ctrl,pos,10.53
SYNTHETIC_ILLUSTRATIVE_NOT_REAL,PLT-E-PBM-IL1-ctrl,pos,11.08
SYNTHETIC_ILLUSTRATIVE_NOT_REAL,PLT-E-PBM-IL1-ctrl,pos,10.29
SYNTHETIC_ILLUSTRATIVE_NOT_REAL,PLT-E-PBM-IL1-ctrl,pos,9.83
SYNTHETIC_ILLUSTRATIVE_NOT_REAL,PLT-E-PBM-IL1-ctrl,pos,11.14
SYNTHETIC_ILLUSTRATIVE_NOT_REAL,PLT-E-PBM-IL1-ctrl,pos,9.76
SYNTHETIC_ILLUSTRATIVE_NOT_REAL,PLT-E-PBM-IL6-ctrl,neg,99.68
SYNTHETIC_ILLUSTRATIVE_NOT_REAL,PLT-E-PBM-IL6-ctrl,neg,100.41
SYNTHETIC_ILLUSTRATIVE_NOT_REAL,PLT-E-PBM-IL6-ctrl,neg,102.0
SYNTHETIC_ILLUSTRATIVE_NOT_REAL,PLT-E-PBM-IL6-ctrl,neg,102.64
SYNTHETIC_ILLUSTRATIVE_NOT_REAL,PLT-E-PBM-IL6-ctrl,neg,96.11
SYNTHETIC_ILLUSTRATIVE_NOT_REAL,PLT-E-PBM-IL6-ctrl,neg,97.07
SYNTHETIC_ILLUSTRATIVE_NOT_REAL,PLT-E-PBM-IL6-ctrl,neg,99.98
SYNTHETIC_ILLUSTRATIVE_NOT_REAL,PLT-E-PBM-IL6-ctrl,neg,103.86
SYNTHETIC_ILLUSTRATIVE_NOT_REAL,PLT-E-PBM-IL6-ctrl,pos,9.61
SYNTHETIC_ILLUSTRATIVE_NOT_REAL,PLT-E-PBM-IL6-ctrl,pos,10.88
SYNTHETIC_ILLUSTRATIVE_NOT_REAL,PLT-E-PBM-IL6-ctrl,pos,9.56
SYNTHETIC_ILLUSTRATIVE_NOT_REAL,PLT-E-PBM-IL6-ctrl,pos,9.8
SYNTHETIC_ILLUSTRATIVE_NOT_REAL,PLT-E-PBM-IL6-ctrl,pos,11.12
SYNTHETIC_ILLUSTRATIVE_NOT_REAL,PLT-E-PBM-IL6-ctrl,pos,10.07
SYNTHETIC_ILLUSTRATIVE_NOT_REAL,PLT-E-PBM-IL8-ctrl,neg,103.2
SYNTHETIC_ILLUSTRATIVE_NOT_REAL,PLT-E-PBM-IL8-ctrl,neg,102.83
SYNTHETIC_ILLUSTRATIVE_NOT_REAL,PLT-E-PBM-IL8-ctrl,neg,102.42
SYNTHETIC_ILLUSTRATIVE_NOT_REAL,PLT-E-PBM-IL8-ctrl,neg,94.68
SYNTHETIC_ILLUSTRATIVE_NOT_REAL,PLT-E-PBM-IL8-ctrl,neg,98.25
SYNTHETIC_ILLUSTRATIVE_NOT_REAL,PLT-E-PBM-IL8-ctrl,neg,100.29
SYNTHETIC_ILLUSTRATIVE_NOT_REAL,PLT-E-PBM-IL8-ctrl,neg,101.85
SYNTHETIC_ILLUSTRATIVE_NOT_REAL,PLT-E-PBM-IL8-ctrl,neg,94.57
SYNTHETIC_ILLUSTRATIVE_NOT_REAL,PLT-E-PBM-IL8-ctrl,pos,11.31
SYNTHETIC_ILLUSTRATIVE_NOT_REAL,PLT-E-PBM-IL8-ctrl,pos,10.3
SYNTHETIC_ILLUSTRATIVE_NOT_REAL,PLT-E-PBM-IL8-ctrl,pos,9.09
SYNTHETIC_ILLUSTRATIVE_NOT_REAL,PLT-E-PBM-IL8-ctrl,pos,9.41
SYNTHETIC_ILLUSTRATIVE_NOT_REAL,PLT-E-PBM-IL8-ctrl,pos,9.19
SYNTHETIC_ILLUSTRATIVE_NOT_REAL,PLT-E-PBM-IL8-ctrl,pos,9.53
SYNTHETIC_ILLUSTRATIVE_NOT_REAL,PLT-E-PBM-IL8-ctrl,pos,9.4
SYNTHETIC_ILLUSTRATIVE_NOT_REAL,PLT-E-PBM-IL1-ctrl,neg,105.23
SYNTHETIC_ILLUSTRATIVE_NOT_REAL,PLT-E-PBM-IL1-ctrl,neg,99.92
SYNTHETIC_ILLUSTRATIVE_NOT_REAL,PLT-E-PBM-IL1-ctrl,neg,97.74
SYNTHETIC_ILLUSTRATIVE_NOT_REAL,PLT-E-PBM-IL1-ctrl,neg,99.16
SYNTHETIC_ILLUSTRATIVE_NOT_REAL,PLT-E-PBM-IL1-ctrl,neg,103.96
SYNTHETIC_ILLUSTRATIVE_NOT_REAL,PLT-E-PBM-IL1-ctrl,neg,97.49
SYNTHETIC_ILLUSTRATIVE_NOT_REAL,PLT-E-PBM-IL1-ctrl,neg,96.85
SYNTHETIC_ILLUSTRATIVE_NOT_REAL,PLT-E-PBM-IL1-ctrl,pos,10.24
SYNTHETIC_ILLUSTRATIVE_NOT_REAL,PLT-E-PBM-IL1-ctrl,pos,11.01
SYNTHETIC_ILLUSTRATIVE_NOT_REAL,PLT-E-PBM-IL1-ctrl,pos,9.7
SYNTHETIC_ILLUSTRATIVE_NOT_REAL,PLT-E-PBM-IL1-ctrl,pos,10.9
SYNTHETIC_ILLUSTRATIVE_NOT_REAL,PLT-E-PBM-IL1-ctrl,pos,11.51
SYNTHETIC_ILLUSTRATIVE_NOT_REAL,PLT-E-PBM-IL1-ctrl,neg,97.89
SYNTHETIC_ILLUSTRATIVE_NOT_REAL,PLT-E-PBM-IL1-ctrl,neg,100.68
SYNTHETIC_ILLUSTRATIVE_NOT_REAL,PLT-E-PBM-IL1-ctrl,neg,99.04
SYNTHETIC_ILLUSTRATIVE_NOT_REAL,PLT-E-PBM-IL1-ctrl,neg,98.56
SYNTHETIC_ILLUSTRATIVE_NOT_REAL,PLT-E-PBM-IL1-ctrl,neg,101.32
SYNTHETIC_ILLUSTRATIVE_NOT_REAL,PLT-E-PBM-IL1-ctrl,neg,100.67
SYNTHETIC_ILLUSTRATIVE_NOT_REAL,PLT-E-PBM-IL1-ctrl,neg,100.31
SYNTHETIC_ILLUSTRATIVE_NOT_REAL,PLT-E-PBM-IL1-ctrl,pos,10.41
SYNTHETIC_ILLUSTRATIVE_NOT_REAL,PLT-E-PBM-IL1-ctrl,pos,10.02
SYNTHETIC_ILLUSTRATIVE_NOT_REAL,PLT-E-PBM-IL1-ctrl,pos,9.0
SYNTHETIC_ILLUSTRATIVE_NOT_REAL,PLT-E-PBM-IL1-ctrl,pos,10.1
SYNTHETIC_ILLUSTRATIVE_NOT_REAL,PLT-E-PBM-IL1-ctrl,pos,10.28
SYNTHETIC_ILLUSTRATIVE_NOT_REAL,PLT-E-PBM-IL1-ctrl,pos,11.49
SYNTHETIC_ILLUSTRATIVE_NOT_REAL,PLT-E-PBM-IL1-ctrl,pos,11.48
SYNTHETIC_ILLUSTRATIVE_NOT_REAL,PLT-E-PBM-IL1-ctrl,pos,10.69
SYNTHETIC_ILLUSTRATIVE_NOT_REAL,PLT-E-PBM-TNF-ctrl,neg,100.86
SYNTHETIC_ILLUSTRATIVE_NOT_REAL,PLT-E-PBM-TNF-ctrl,neg,96.55
SYNTHETIC_ILLUSTRATIVE_NOT_REAL,PLT-E-PBM-TNF-ctrl,neg,100.27
SYNTHETIC_ILLUSTRATIVE_NOT_REAL,PLT-E-PBM-TNF-ctrl,neg,102.36
SYNTHETIC_ILLUSTRATIVE_NOT_REAL,PLT-E-PBM-TNF-ctrl,neg,99.64
SYNTHETIC_ILLUSTRATIVE_NOT_REAL,PLT-E-PBM-TNF-ctrl,neg,103.85
SYNTHETIC_ILLUSTRATIVE_NOT_REAL,PLT-E-PBM-TNF-ctrl,neg,99.4
SYNTHETIC_ILLUSTRATIVE_NOT_REAL,PLT-E-PBM-TNF-ctrl,neg,98.01
SYNTHETIC_ILLUSTRATIVE_NOT_REAL,PLT-E-PBM-TNF-ctrl,pos,10.51
SYNTHETIC_ILLUSTRATIVE_NOT_REAL,PLT-E-PBM-TNF-ctrl,pos,9.9
SYNTHETIC_ILLUSTRATIVE_NOT_REAL,PLT-E-PBM-TNF-ctrl,pos,10.53
SYNTHETIC_ILLUSTRATIVE_NOT_REAL,PLT-E-PBM-TNF-ctrl,pos,9.52
SYNTHETIC_ILLUSTRATIVE_NOT_REAL,PLT-E-PBM-TNF-ctrl,pos,10.48
SYNTHETIC_ILLUSTRATIVE_NOT_REAL,PLT-E-PBM-TNF-ctrl,pos,10.13
SYNTHETIC_ILLUSTRATIVE_NOT_REAL,PLT-E-PBM-TNF-ctrl,pos,10.24
SYNTHETIC_ILLUSTRATIVE_NOT_REAL,PLT-E-PBM-TNF-ctrl,pos,10.8
SYNTHETIC_ILLUSTRATIVE_NOT_REAL,PLT-E-PBM-MCP-ctrl,neg,99.71
SYNTHETIC_ILLUSTRATIVE_NOT_REAL,PLT-E-PBM-MCP-ctrl,neg,101.14
SYNTHETIC_ILLUSTRATIVE_NOT_REAL,PLT-E-PBM-MCP-ctrl,neg,102.08
SYNTHETIC_ILLUSTRATIVE_NOT_REAL,PLT-E-PBM-MCP-ctrl,neg,99.13
SYNTHETIC_ILLUSTRATIVE_NOT_REAL,PLT-E-PBM-MCP-ctrl,neg,100.85
SYNTHETIC_ILLUSTRATIVE_NOT_REAL,PLT-E-PBM-MCP-ctrl,neg,96.38
SYNTHETIC_ILLUSTRATIVE_NOT_REAL,PLT-E-PBM-MCP-ctrl,neg,98.66
SYNTHETIC_ILLUSTRATIVE_NOT_REAL,PLT-E-PBM-MCP-ctrl,neg,100.95
SYNTHETIC_ILLUSTRATIVE_NOT_REAL,PLT-E-PBM-MCP-ctrl,pos,8.74
SYNTHETIC_ILLUSTRATIVE_NOT_REAL,PLT-E-PBM-MCP-ctrl,pos,8.79
SYNTHETIC_ILLUSTRATIVE_NOT_REAL,PLT-E-PBM-MCP-ctrl,pos,10.2
SYNTHETIC_ILLUSTRATIVE_NOT_REAL,PLT-E-PBM-MCP-ctrl,pos,8.42
SYNTHETIC_ILLUSTRATIVE_NOT_REAL,PLT-E-PBM-MCP-ctrl,pos,9.74
SYNTHETIC_ILLUSTRATIVE_NOT_REAL,PLT-E-PBM-MCP-ctrl,pos,11.66
SYNTHETIC_ILLUSTRATIVE_NOT_REAL,PLT-E-PBM-MCP-ctrl,pos,10.28
SYNTHETIC_ILLUSTRATIVE_NOT_REAL,PLT-E-PBM-MCP-ctrl,pos,11.4
SYNTHETIC_ILLUSTRATIVE_NOT_REAL,PLT-E-PBM-IP1-ctrl,neg,101.81
SYNTHETIC_ILLUSTRATIVE_NOT_REAL,PLT-E-PBM-IP1-ctrl,neg,100.27
SYNTHETIC_ILLUSTRATIVE_NOT_REAL,PLT-E-PBM-IP1-ctrl,neg,97.96
SYNTHETIC_ILLUSTRATIVE_NOT_REAL,PLT-E-PBM-IP1-ctrl,neg,101.14
SYNTHETIC_ILLUSTRATIVE_NOT_REAL,PLT-E-PBM-IP1-ctrl,neg,99.12
SYNTHETIC_ILLUSTRATIVE_NOT_REAL,PLT-E-PBM-IP1-ctrl,neg,102.78
SYNTHETIC_ILLUSTRATIVE_NOT_REAL,PLT-E-PBM-IP1-ctrl,neg,94.21
SYNTHETIC_ILLUSTRATIVE_NOT_REAL,PLT-E-PBM-IP1-ctrl,neg,100.24
SYNTHETIC_ILLUSTRATIVE_NOT_REAL,PLT-E-PBM-IP1-ctrl,pos,7.93
SYNTHETIC_ILLUSTRATIVE_NOT_REAL,PLT-E-PBM-IP1-ctrl,pos,10.09
SYNTHETIC_ILLUSTRATIVE_NOT_REAL,PLT-E-PBM-IP1-ctrl,pos,9.78
SYNTHETIC_ILLUSTRATIVE_NOT_REAL,PLT-E-PBM-IP1-ctrl,pos,10.7
SYNTHETIC_ILLUSTRATIVE_NOT_REAL,PLT-E-PBM-IP1-ctrl,pos,9.11
SYNTHETIC_ILLUSTRATIVE_NOT_REAL,PLT-E-PBM-IP1-ctrl,pos,9.23
SYNTHETIC_ILLUSTRATIVE_NOT_REAL,PLT-E-PBM-IP1-ctrl,pos,8.29
SYNTHETIC_ILLUSTRATIVE_NOT_REAL,PLT-E-PBM-IP1-ctrl,pos,9.66
SYNTHETIC_ILLUSTRATIVE_NOT_REAL,PLT-E-PBM-GM_-ctrl,neg,98.66
SYNTHETIC_ILLUSTRATIVE_NOT_REAL,PLT-E-PBM-GM_-ctrl,neg,103.73
SYNTHETIC_ILLUSTRATIVE_NOT_REAL,PLT-E-PBM-GM_-ctrl,neg,99.69
SYNTHETIC_ILLUSTRATIVE_NOT_REAL,PLT-E-PBM-GM_-ctrl,neg,99.14
SYNTHETIC_ILLUSTRATIVE_NOT_REAL,PLT-E-PBM-GM_-ctrl,neg,102.01
SYNTHETIC_ILLUSTRATIVE_NOT_REAL,PLT-E-PBM-GM_-ctrl,neg,97.38
SYNTHETIC_ILLUSTRATIVE_NOT_REAL,PLT-E-PBM-GM_-ctrl,neg,99.64
SYNTHETIC_ILLUSTRATIVE_NOT_REAL,PLT-E-PBM-GM_-ctrl,neg,102.68
SYNTHETIC_ILLUSTRATIVE_NOT_REAL,PLT-E-PBM-GM_-ctrl,pos,10.05
SYNTHETIC_ILLUSTRATIVE_NOT_REAL,PLT-E-PBM-GM_-ctrl,pos,10.31
SYNTHETIC_ILLUSTRATIVE_NOT_REAL,PLT-E-PBM-GM_-ctrl,pos,9.87
SYNTHETIC_ILLUSTRATIVE_NOT_REAL,PLT-E-PBM-GM_-ctrl,pos,10.32
SYNTHETIC_ILLUSTRATIVE_NOT_REAL,PLT-E-PBM-GM_-ctrl,pos,10.6
SYNTHETIC_ILLUSTRATIVE_NOT_REAL,PLT-E-PBM-GM_-ctrl,pos,9.91
SYNTHETIC_ILLUSTRATIVE_NOT_REAL,PLT-E-PBM-GM_-ctrl,pos,10.13
SYNTHETIC_ILLUSTRATIVE_NOT_REAL,PLT-E-PBM-GM_-ctrl,pos,10.24
SYNTHETIC_ILLUSTRATIVE_NOT_REAL,PLT-E-PBM-IL4-ctrl,neg,99.79
SYNTHETIC_ILLUSTRATIVE_NOT_REAL,PLT-E-PBM-IL4-ctrl,neg,101.4
SYNTHETIC_ILLUSTRATIVE_NOT_REAL,PLT-E-PBM-IL4-ctrl,neg,102.31
SYNTHETIC_ILLUSTRATIVE_NOT_REAL,PLT-E-PBM-IL4-ctrl,neg,101.93
SYNTHETIC_ILLUSTRATIVE_NOT_REAL,PLT-E-PBM-IL4-ctrl,neg,102.96
SYNTHETIC_ILLUSTRATIVE_NOT_REAL,PLT-E-PBM-IL4-ctrl,neg,99.26
SYNTHETIC_ILLUSTRATIVE_NOT_REAL,PLT-E-PBM-IL4-ctrl,neg,96.42
SYNTHETIC_ILLUSTRATIVE_NOT_REAL,PLT-E-PBM-IL4-ctrl,pos,8.73
SYNTHETIC_ILLUSTRATIVE_NOT_REAL,PLT-E-PBM-IL4-ctrl,pos,10.71
SYNTHETIC_ILLUSTRATIVE_NOT_REAL,PLT-E-PBM-IL4-ctrl,pos,10.45
SYNTHETIC_ILLUSTRATIVE_NOT_REAL,PLT-E-PBM-IL4-ctrl,pos,10.09
SYNTHETIC_ILLUSTRATIVE_NOT_REAL,PLT-E-PBM-IL4-ctrl,pos,9.81
SYNTHETIC_ILLUSTRATIVE_NOT_REAL,PLT-E-PBM-IL4-ctrl,pos,9.07
SYNTHETIC_ILLUSTRATIVE_NOT_REAL,PLT-E-PBM-IL4-ctrl,pos,8.3
SYNTHETIC_ILLUSTRATIVE_NOT_REAL,PLT-E-PBM-IL4-ctrl,pos,9.59
SYNTHETIC_ILLUSTRATIVE_NOT_REAL,PLT-E-PBM-IL1-ctrl,neg,98.59
SYNTHETIC_ILLUSTRATIVE_NOT_REAL,PLT-E-PBM-IL1-ctrl,neg,100.26
SYNTHETIC_ILLUSTRATIVE_NOT_REAL,PLT-E-PBM-IL1-ctrl,neg,99.08
SYNTHETIC_ILLUSTRATIVE_NOT_REAL,PLT-E-PBM-IL1-ctrl,neg,98.48
SYNTHETIC_ILLUSTRATIVE_NOT_REAL,PLT-E-PBM-IL1-ctrl,neg,100.35
SYNTHETIC_ILLUSTRATIVE_NOT_REAL,PLT-E-PBM-IL1-ctrl,neg,101.76
SYNTHETIC_ILLUSTRATIVE_NOT_REAL,PLT-E-PBM-IL1-ctrl,neg,97.12
SYNTHETIC_ILLUSTRATIVE_NOT_REAL,PLT-E-PBM-IL1-ctrl,pos,9.24
SYNTHETIC_ILLUSTRATIVE_NOT_REAL,PLT-E-PBM-IL1-ctrl,pos,11.18
SYNTHETIC_ILLUSTRATIVE_NOT_REAL,PLT-E-PBM-IL1-ctrl,pos,9.66
SYNTHETIC_ILLUSTRATIVE_NOT_REAL,PLT-E-PBM-IL1-ctrl,pos,9.47
SYNTHETIC_ILLUSTRATIVE_NOT_REAL,PLT-E-PBM-IL1-ctrl,pos,10.54
SYNTHETIC_ILLUSTRATIVE_NOT_REAL,PLT-E-PBM-IL1-ctrl,pos,10.82
SYNTHETIC_ILLUSTRATIVE_NOT_REAL,PLT-E-PBM-TLR-ctrl,neg,104.01
SYNTHETIC_ILLUSTRATIVE_NOT_REAL,PLT-E-PBM-TLR-ctrl,neg,98.99
SYNTHETIC_ILLUSTRATIVE_NOT_REAL,PLT-E-PBM-TLR-ctrl,neg,100.49
SYNTHETIC_ILLUSTRATIVE_NOT_REAL,PLT-E-PBM-TLR-ctrl,neg,96.29
SYNTHETIC_ILLUSTRATIVE_NOT_REAL,PLT-E-PBM-TLR-ctrl,neg,98.96
SYNTHETIC_ILLUSTRATIVE_NOT_REAL,PLT-E-PBM-TLR-ctrl,neg,98.38
SYNTHETIC_ILLUSTRATIVE_NOT_REAL,PLT-E-PBM-TLR-ctrl,neg,101.72
SYNTHETIC_ILLUSTRATIVE_NOT_REAL,PLT-E-PBM-TLR-ctrl,neg,101.38
SYNTHETIC_ILLUSTRATIVE_NOT_REAL,PLT-E-PBM-TLR-ctrl,pos,10.49
SYNTHETIC_ILLUSTRATIVE_NOT_REAL,PLT-E-PBM-TLR-ctrl,pos,10.86
SYNTHETIC_ILLUSTRATIVE_NOT_REAL,PLT-E-PBM-TLR-ctrl,pos,9.66
SYNTHETIC_ILLUSTRATIVE_NOT_REAL,PLT-E-PBM-TLR-ctrl,pos,11.41
SYNTHETIC_ILLUSTRATIVE_NOT_REAL,PLT-E-PBM-TLR-ctrl,pos,9.85
SYNTHETIC_ILLUSTRATIVE_NOT_REAL,PLT-E-PBM-TLR-ctrl,pos,10.79
SYNTHETIC_ILLUSTRATIVE_NOT_REAL,PLT-E-PBM-TLR-ctrl,pos,11.75
SYNTHETIC_ILLUSTRATIVE_NOT_REAL,PLT-E-PBM-TLR-ctrl,pos,9.63
SYNTHETIC_ILLUSTRATIVE_NOT_REAL,PLT-E-PBM-NK_-ctrl,neg,103.95
SYNTHETIC_ILLUSTRATIVE_NOT_REAL,PLT-E-PBM-NK_-ctrl,neg,101.61
SYNTHETIC_ILLUSTRATIVE_NOT_REAL,PLT-E-PBM-NK_-ctrl,neg,98.36
SYNTHETIC_ILLUSTRATIVE_NOT_REAL,PLT-E-PBM-NK_-ctrl,neg,100.57
SYNTHETIC_ILLUSTRATIVE_NOT_REAL,PLT-E-PBM-NK_-ctrl,neg,98.24
SYNTHETIC_ILLUSTRATIVE_NOT_REAL,PLT-E-PBM-NK_-ctrl,neg,100.96
SYNTHETIC_ILLUSTRATIVE_NOT_REAL,PLT-E-PBM-NK_-ctrl,neg,97.17
SYNTHETIC_ILLUSTRATIVE_NOT_REAL,PLT-E-PBM-NK_-ctrl,neg,101.66
SYNTHETIC_ILLUSTRATIVE_NOT_REAL,PLT-E-PBM-NK_-ctrl,pos,10.32
SYNTHETIC_ILLUSTRATIVE_NOT_REAL,PLT-E-PBM-NK_-ctrl,pos,10.29
SYNTHETIC_ILLUSTRATIVE_NOT_REAL,PLT-E-PBM-NK_-ctrl,pos,10.01
SYNTHETIC_ILLUSTRATIVE_NOT_REAL,PLT-E-PBM-NK_-ctrl,pos,10.2
SYNTHETIC_ILLUSTRATIVE_NOT_REAL,PLT-E-PBM-NK_-ctrl,pos,9.32
SYNTHETIC_ILLUSTRATIVE_NOT_REAL,PLT-E-PBM-NK_-ctrl,pos,10.07
SYNTHETIC_ILLUSTRATIVE_NOT_REAL,PLT-E-PBM-NK_-ctrl,pos,10.5
SYNTHETIC_ILLUSTRATIVE_NOT_REAL,PLT-E-PBM-NK_-ctrl,pos,10.37
SYNTHETIC_ILLUSTRATIVE_NOT_REAL,PLT-E-PBM-C3a-ctrl,neg,100.06
SYNTHETIC_ILLUSTRATIVE_NOT_REAL,PLT-E-PBM-C3a-ctrl,neg,98.93
SYNTHETIC_ILLUSTRATIVE_NOT_REAL,PLT-E-PBM-C3a-ctrl,neg,102.47
SYNTHETIC_ILLUSTRATIVE_NOT_REAL,PLT-E-PBM-C3a-ctrl,neg,95.11
SYNTHETIC_ILLUSTRATIVE_NOT_REAL,PLT-E-PBM-C3a-ctrl,neg,97.18
SYNTHETIC_ILLUSTRATIVE_NOT_REAL,PLT-E-PBM-C3a-ctrl,neg,102.83
SYNTHETIC_ILLUSTRATIVE_NOT_REAL,PLT-E-PBM-C3a-ctrl,neg,97.6
SYNTHETIC_ILLUSTRATIVE_NOT_REAL,PLT-E-PBM-C3a-ctrl,neg,98.41
SYNTHETIC_ILLUSTRATIVE_NOT_REAL,PLT-E-PBM-C3a-ctrl,pos,9.02
SYNTHETIC_ILLUSTRATIVE_NOT_REAL,PLT-E-PBM-C3a-ctrl,pos,8.12
SYNTHETIC_ILLUSTRATIVE_NOT_REAL,PLT-E-PBM-C3a-ctrl,pos,9.92
SYNTHETIC_ILLUSTRATIVE_NOT_REAL,PLT-E-PBM-C3a-ctrl,pos,10.55
SYNTHETIC_ILLUSTRATIVE_NOT_REAL,PLT-E-PBM-C3a-ctrl,pos,10.25
SYNTHETIC_ILLUSTRATIVE_NOT_REAL,PLT-E-PBM-C3a-ctrl,pos,9.0
SYNTHETIC_ILLUSTRATIVE_NOT_REAL,PLT-E-PBM-C3a-ctrl,pos,11.32
SYNTHETIC_ILLUSTRATIVE_NOT_REAL,PLT-E-PBM-C5a-ctrl,neg,99.54
SYNTHETIC_ILLUSTRATIVE_NOT_REAL,PLT-E-PBM-C5a-ctrl,neg,99.76
SYNTHETIC_ILLUSTRATIVE_NOT_REAL,PLT-E-PBM-C5a-ctrl,neg,100.17
SYNTHETIC_ILLUSTRATIVE_NOT_REAL,PLT-E-PBM-C5a-ctrl,neg,99.66
SYNTHETIC_ILLUSTRATIVE_NOT_REAL,PLT-E-PBM-C5a-ctrl,neg,98.42
SYNTHETIC_ILLUSTRATIVE_NOT_REAL,PLT-E-PBM-C5a-ctrl,neg,97.54
SYNTHETIC_ILLUSTRATIVE_NOT_REAL,PLT-E-PBM-C5a-ctrl,neg,99.89
SYNTHETIC_ILLUSTRATIVE_NOT_REAL,PLT-E-PBM-C5a-ctrl,neg,98.24
SYNTHETIC_ILLUSTRATIVE_NOT_REAL,PLT-E-PBM-C5a-ctrl,pos,9.74
SYNTHETIC_ILLUSTRATIVE_NOT_REAL,PLT-E-PBM-C5a-ctrl,pos,9.01
SYNTHETIC_ILLUSTRATIVE_NOT_REAL,PLT-E-PBM-C5a-ctrl,pos,8.94
SYNTHETIC_ILLUSTRATIVE_NOT_REAL,PLT-E-PBM-C5a-ctrl,pos,9.7
SYNTHETIC_ILLUSTRATIVE_NOT_REAL,PLT-E-PBM-C5a-ctrl,pos,9.85
SYNTHETIC_ILLUSTRATIVE_NOT_REAL,PLT-E-PBM-C5a-ctrl,pos,11.78
SYNTHETIC_ILLUSTRATIVE_NOT_REAL,PLT-E-PBM-C5a-ctrl,pos,9.97
SYNTHETIC_ILLUSTRATIVE_NOT_REAL,PLT-E-PBM-C5a-ctrl,pos,10.88
SYNTHETIC_ILLUSTRATIVE_NOT_REAL,PLT-E-PBM-C1q-ctrl,neg,99.41
SYNTHETIC_ILLUSTRATIVE_NOT_REAL,PLT-E-PBM-C1q-ctrl,neg,101.85
SYNTHETIC_ILLUSTRATIVE_NOT_REAL,PLT-E-PBM-C1q-ctrl,neg,100.85
SYNTHETIC_ILLUSTRATIVE_NOT_REAL,PLT-E-PBM-C1q-ctrl,neg,97.68
SYNTHETIC_ILLUSTRATIVE_NOT_REAL,PLT-E-PBM-C1q-ctrl,neg,101.95
SYNTHETIC_ILLUSTRATIVE_NOT_REAL,PLT-E-PBM-C1q-ctrl,neg,102.47
SYNTHETIC_ILLUSTRATIVE_NOT_REAL,PLT-E-PBM-C1q-ctrl,neg,101.1
SYNTHETIC_ILLUSTRATIVE_NOT_REAL,PLT-E-PBM-C1q-ctrl,pos,9.96
SYNTHETIC_ILLUSTRATIVE_NOT_REAL,PLT-E-PBM-C1q-ctrl,pos,9.19
SYNTHETIC_ILLUSTRATIVE_NOT_REAL,PLT-E-PBM-C1q-ctrl,pos,10.81
SYNTHETIC_ILLUSTRATIVE_NOT_REAL,PLT-E-PBM-C1q-ctrl,pos,11.02
SYNTHETIC_ILLUSTRATIVE_NOT_REAL,PLT-E-PBM-C1q-ctrl,pos,9.29
SYNTHETIC_ILLUSTRATIVE_NOT_REAL,PLT-E-PBM-C1q-ctrl,pos,9.95
SYNTHETIC_ILLUSTRATIVE_NOT_REAL,PLT-E-PBM-C1q-ctrl,pos,10.39
SYNTHETIC_ILLUSTRATIVE_NOT_REAL,PLT-E-PBM-C1q-ctrl,pos,9.9
SYNTHETIC_ILLUSTRATIVE_NOT_REAL,PLT-A-PHH-Cel-ctrl,neg,99.18
SYNTHETIC_ILLUSTRATIVE_NOT_REAL,PLT-A-PHH-Cel-ctrl,neg,100.46
SYNTHETIC_ILLUSTRATIVE_NOT_REAL,PLT-A-PHH-Cel-ctrl,neg,98.17
SYNTHETIC_ILLUSTRATIVE_NOT_REAL,PLT-A-PHH-Cel-ctrl,neg,104.08
SYNTHETIC_ILLUSTRATIVE_NOT_REAL,PLT-A-PHH-Cel-ctrl,neg,97.57
SYNTHETIC_ILLUSTRATIVE_NOT_REAL,PLT-A-PHH-Cel-ctrl,neg,97.95
SYNTHETIC_ILLUSTRATIVE_NOT_REAL,PLT-A-PHH-Cel-ctrl,neg,102.12
SYNTHETIC_ILLUSTRATIVE_NOT_REAL,PLT-A-PHH-Cel-ctrl,neg,99.65
SYNTHETIC_ILLUSTRATIVE_NOT_REAL,PLT-A-PHH-Cel-ctrl,pos,9.01
SYNTHETIC_ILLUSTRATIVE_NOT_REAL,PLT-A-PHH-Cel-ctrl,pos,10.78
SYNTHETIC_ILLUSTRATIVE_NOT_REAL,PLT-A-PHH-Cel-ctrl,pos,10.96
SYNTHETIC_ILLUSTRATIVE_NOT_REAL,PLT-A-PHH-Cel-ctrl,pos,8.69
SYNTHETIC_ILLUSTRATIVE_NOT_REAL,PLT-A-PHH-Cel-ctrl,pos,10.55
SYNTHETIC_ILLUSTRATIVE_NOT_REAL,PLT-A-PHH-Cel-ctrl,pos,10.83
SYNTHETIC_ILLUSTRATIVE_NOT_REAL,PLT-A-PHH-Cel-ctrl,pos,11.53
SYNTHETIC_ILLUSTRATIVE_NOT_REAL,PLT-A-PHH-Cel-ctrl,pos,10.41
SYNTHETIC_ILLUSTRATIVE_NOT_REAL,PLT-A-PHH-LDH-ctrl,neg,99.54
SYNTHETIC_ILLUSTRATIVE_NOT_REAL,PLT-A-PHH-LDH-ctrl,neg,101.05
SYNTHETIC_ILLUSTRATIVE_NOT_REAL,PLT-A-PHH-LDH-ctrl,neg,99.88
SYNTHETIC_ILLUSTRATIVE_NOT_REAL,PLT-A-PHH-LDH-ctrl,neg,99.97
SYNTHETIC_ILLUSTRATIVE_NOT_REAL,PLT-A-PHH-LDH-ctrl,neg,99.34
SYNTHETIC_ILLUSTRATIVE_NOT_REAL,PLT-A-PHH-LDH-ctrl,neg,100.24
SYNTHETIC_ILLUSTRATIVE_NOT_REAL,PLT-A-PHH-LDH-ctrl,neg,98.04
SYNTHETIC_ILLUSTRATIVE_NOT_REAL,PLT-A-PHH-LDH-ctrl,pos,8.31
SYNTHETIC_ILLUSTRATIVE_NOT_REAL,PLT-A-PHH-LDH-ctrl,pos,10.82
SYNTHETIC_ILLUSTRATIVE_NOT_REAL,PLT-A-PHH-LDH-ctrl,pos,10.62
SYNTHETIC_ILLUSTRATIVE_NOT_REAL,PLT-A-PHH-LDH-ctrl,pos,9.94
SYNTHETIC_ILLUSTRATIVE_NOT_REAL,PLT-A-PHH-LDH-ctrl,pos,10.96
SYNTHETIC_ILLUSTRATIVE_NOT_REAL,PLT-A-PHH-LDH-ctrl,pos,9.96
SYNTHETIC_ILLUSTRATIVE_NOT_REAL,PLT-A-PHH-LDH-ctrl,pos,9.91
SYNTHETIC_ILLUSTRATIVE_NOT_REAL,PLT-A-PHH-LDH-ctrl,pos,9.66
SYNTHETIC_ILLUSTRATIVE_NOT_REAL,PLT-A-PHH-ALT-ctrl,neg,99.12
SYNTHETIC_ILLUSTRATIVE_NOT_REAL,PLT-A-PHH-ALT-ctrl,neg,99.46
SYNTHETIC_ILLUSTRATIVE_NOT_REAL,PLT-A-PHH-ALT-ctrl,neg,101.92
SYNTHETIC_ILLUSTRATIVE_NOT_REAL,PLT-A-PHH-ALT-ctrl,neg,97.59
SYNTHETIC_ILLUSTRATIVE_NOT_REAL,PLT-A-PHH-ALT-ctrl,neg,105.02
SYNTHETIC_ILLUSTRATIVE_NOT_REAL,PLT-A-PHH-ALT-ctrl,neg,98.57
SYNTHETIC_ILLUSTRATIVE_NOT_REAL,PLT-A-PHH-ALT-ctrl,neg,98.78
SYNTHETIC_ILLUSTRATIVE_NOT_REAL,PLT-A-PHH-ALT-ctrl,neg,97.16
SYNTHETIC_ILLUSTRATIVE_NOT_REAL,PLT-A-PHH-ALT-ctrl,pos,9.53
SYNTHETIC_ILLUSTRATIVE_NOT_REAL,PLT-A-PHH-ALT-ctrl,pos,9.25
SYNTHETIC_ILLUSTRATIVE_NOT_REAL,PLT-A-PHH-ALT-ctrl,pos,9.65
SYNTHETIC_ILLUSTRATIVE_NOT_REAL,PLT-A-PHH-ALT-ctrl,pos,9.13
SYNTHETIC_ILLUSTRATIVE_NOT_REAL,PLT-A-PHH-ALT-ctrl,pos,8.09
SYNTHETIC_ILLUSTRATIVE_NOT_REAL,PLT-A-PHH-ALT-ctrl,pos,10.96
SYNTHETIC_ILLUSTRATIVE_NOT_REAL,PLT-A-PHH-ALT-ctrl,pos,10.62
SYNTHETIC_ILLUSTRATIVE_NOT_REAL,PLT-A-PHH-ALT-ctrl,pos,10.55
SYNTHETIC_ILLUSTRATIVE_NOT_REAL,PLT-A-PHH-AST-ctrl,neg,101.42
SYNTHETIC_ILLUSTRATIVE_NOT_REAL,PLT-A-PHH-AST-ctrl,neg,101.62
SYNTHETIC_ILLUSTRATIVE_NOT_REAL,PLT-A-PHH-AST-ctrl,neg,96.32
SYNTHETIC_ILLUSTRATIVE_NOT_REAL,PLT-A-PHH-AST-ctrl,neg,98.88
SYNTHETIC_ILLUSTRATIVE_NOT_REAL,PLT-A-PHH-AST-ctrl,neg,100.9
SYNTHETIC_ILLUSTRATIVE_NOT_REAL,PLT-A-PHH-AST-ctrl,neg,101.17
SYNTHETIC_ILLUSTRATIVE_NOT_REAL,PLT-A-PHH-AST-ctrl,neg,100.46
SYNTHETIC_ILLUSTRATIVE_NOT_REAL,PLT-A-PHH-AST-ctrl,neg,98.24
SYNTHETIC_ILLUSTRATIVE_NOT_REAL,PLT-A-PHH-AST-ctrl,pos,10.34
SYNTHETIC_ILLUSTRATIVE_NOT_REAL,PLT-A-PHH-AST-ctrl,pos,9.86
SYNTHETIC_ILLUSTRATIVE_NOT_REAL,PLT-A-PHH-AST-ctrl,pos,10.01
SYNTHETIC_ILLUSTRATIVE_NOT_REAL,PLT-A-PHH-AST-ctrl,pos,10.98
SYNTHETIC_ILLUSTRATIVE_NOT_REAL,PLT-A-PHH-AST-ctrl,pos,9.92
SYNTHETIC_ILLUSTRATIVE_NOT_REAL,PLT-A-PHH-AST-ctrl,pos,10.37
SYNTHETIC_ILLUSTRATIVE_NOT_REAL,PLT-A-PHH-AST-ctrl,pos,11.17
SYNTHETIC_ILLUSTRATIVE_NOT_REAL,PLT-A-PHH-AST-ctrl,pos,10.81
SYNTHETIC_ILLUSTRATIVE_NOT_REAL,PLT-A-PHH-Cas-ctrl,neg,100.42
SYNTHETIC_ILLUSTRATIVE_NOT_REAL,PLT-A-PHH-Cas-ctrl,neg,100.41
SYNTHETIC_ILLUSTRATIVE_NOT_REAL,PLT-A-PHH-Cas-ctrl,neg,100.88
SYNTHETIC_ILLUSTRATIVE_NOT_REAL,PLT-A-PHH-Cas-ctrl,neg,103.36
SYNTHETIC_ILLUSTRATIVE_NOT_REAL,PLT-A-PHH-Cas-ctrl,neg,102.8
SYNTHETIC_ILLUSTRATIVE_NOT_REAL,PLT-A-PHH-Cas-ctrl,neg,102.91
SYNTHETIC_ILLUSTRATIVE_NOT_REAL,PLT-A-PHH-Cas-ctrl,neg,100.87
SYNTHETIC_ILLUSTRATIVE_NOT_REAL,PLT-A-PHH-Cas-ctrl,neg,98.59
SYNTHETIC_ILLUSTRATIVE_NOT_REAL,PLT-A-PHH-Cas-ctrl,pos,9.12
SYNTHETIC_ILLUSTRATIVE_NOT_REAL,PLT-A-PHH-Cas-ctrl,pos,10.16
SYNTHETIC_ILLUSTRATIVE_NOT_REAL,PLT-A-PHH-Cas-ctrl,pos,9.26
SYNTHETIC_ILLUSTRATIVE_NOT_REAL,PLT-A-PHH-Cas-ctrl,pos,8.51
SYNTHETIC_ILLUSTRATIVE_NOT_REAL,PLT-A-PHH-Cas-ctrl,pos,9.81
SYNTHETIC_ILLUSTRATIVE_NOT_REAL,PLT-A-PHH-Cas-ctrl,pos,11.8
SYNTHETIC_ILLUSTRATIVE_NOT_REAL,PLT-A-PHH-Cas-ctrl,pos,10.17
SYNTHETIC_ILLUSTRATIVE_NOT_REAL,PLT-A-PHH-HMG-ctrl,neg,99.49
SYNTHETIC_ILLUSTRATIVE_NOT_REAL,PLT-A-PHH-HMG-ctrl,neg,99.76
SYNTHETIC_ILLUSTRATIVE_NOT_REAL,PLT-A-PHH-HMG-ctrl,neg,101.02
SYNTHETIC_ILLUSTRATIVE_NOT_REAL,PLT-A-PHH-HMG-ctrl,neg,99.06
SYNTHETIC_ILLUSTRATIVE_NOT_REAL,PLT-A-PHH-HMG-ctrl,neg,98.4
SYNTHETIC_ILLUSTRATIVE_NOT_REAL,PLT-A-PHH-HMG-ctrl,neg,100.98
SYNTHETIC_ILLUSTRATIVE_NOT_REAL,PLT-A-PHH-HMG-ctrl,neg,98.71
SYNTHETIC_ILLUSTRATIVE_NOT_REAL,PLT-A-PHH-HMG-ctrl,neg,104.18
SYNTHETIC_ILLUSTRATIVE_NOT_REAL,PLT-A-PHH-HMG-ctrl,pos,11.55
SYNTHETIC_ILLUSTRATIVE_NOT_REAL,PLT-A-PHH-HMG-ctrl,pos,10.21
SYNTHETIC_ILLUSTRATIVE_NOT_REAL,PLT-A-PHH-HMG-ctrl,pos,10.25
SYNTHETIC_ILLUSTRATIVE_NOT_REAL,PLT-A-PHH-HMG-ctrl,pos,10.71
SYNTHETIC_ILLUSTRATIVE_NOT_REAL,PLT-A-PHH-HMG-ctrl,pos,9.74
SYNTHETIC_ILLUSTRATIVE_NOT_REAL,PLT-A-PHH-ROS-ctrl,neg,102.3
SYNTHETIC_ILLUSTRATIVE_NOT_REAL,PLT-A-PHH-ROS-ctrl,neg,98.37
SYNTHETIC_ILLUSTRATIVE_NOT_REAL,PLT-A-PHH-ROS-ctrl,neg,100.21
SYNTHETIC_ILLUSTRATIVE_NOT_REAL,PLT-A-PHH-ROS-ctrl,neg,98.99
SYNTHETIC_ILLUSTRATIVE_NOT_REAL,PLT-A-PHH-ROS-ctrl,neg,99.97
SYNTHETIC_ILLUSTRATIVE_NOT_REAL,PLT-A-PHH-ROS-ctrl,neg,97.38
SYNTHETIC_ILLUSTRATIVE_NOT_REAL,PLT-A-PHH-ROS-ctrl,neg,101.88
SYNTHETIC_ILLUSTRATIVE_NOT_REAL,PLT-A-PHH-ROS-ctrl,neg,100.15
SYNTHETIC_ILLUSTRATIVE_NOT_REAL,PLT-A-PHH-ROS-ctrl,pos,9.54
SYNTHETIC_ILLUSTRATIVE_NOT_REAL,PLT-A-PHH-ROS-ctrl,pos,8.7
SYNTHETIC_ILLUSTRATIVE_NOT_REAL,PLT-A-PHH-ROS-ctrl,pos,11.13
SYNTHETIC_ILLUSTRATIVE_NOT_REAL,PLT-A-PHH-ROS-ctrl,pos,9.51
SYNTHETIC_ILLUSTRATIVE_NOT_REAL,PLT-A-PHH-ROS-ctrl,pos,11.32
SYNTHETIC_ILLUSTRATIVE_NOT_REAL,PLT-A-PHH-Lip-ctrl,neg,101.09
SYNTHETIC_ILLUSTRATIVE_NOT_REAL,PLT-A-PHH-Lip-ctrl,neg,101.31
SYNTHETIC_ILLUSTRATIVE_NOT_REAL,PLT-A-PHH-Lip-ctrl,neg,102.37
SYNTHETIC_ILLUSTRATIVE_NOT_REAL,PLT-A-PHH-Lip-ctrl,neg,99.04
SYNTHETIC_ILLUSTRATIVE_NOT_REAL,PLT-A-PHH-Lip-ctrl,neg,95.4
SYNTHETIC_ILLUSTRATIVE_NOT_REAL,PLT-A-PHH-Lip-ctrl,neg,100.76
SYNTHETIC_ILLUSTRATIVE_NOT_REAL,PLT-A-PHH-Lip-ctrl,neg,98.54
SYNTHETIC_ILLUSTRATIVE_NOT_REAL,PLT-A-PHH-Lip-ctrl,neg,96.53
SYNTHETIC_ILLUSTRATIVE_NOT_REAL,PLT-A-PHH-Lip-ctrl,pos,9.96
SYNTHETIC_ILLUSTRATIVE_NOT_REAL,PLT-A-PHH-Lip-ctrl,pos,9.33
SYNTHETIC_ILLUSTRATIVE_NOT_REAL,PLT-A-PHH-Lip-ctrl,pos,9.87
SYNTHETIC_ILLUSTRATIVE_NOT_REAL,PLT-A-PHH-Lip-ctrl,pos,8.3
SYNTHETIC_ILLUSTRATIVE_NOT_REAL,PLT-A-PHH-Lip-ctrl,pos,10.33
SYNTHETIC_ILLUSTRATIVE_NOT_REAL,PLT-A-PHH-Lip-ctrl,pos,10.06
SYNTHETIC_ILLUSTRATIVE_NOT_REAL,PLT-A-PHH-Lip-ctrl,pos,9.34
SYNTHETIC_ILLUSTRATIVE_NOT_REAL,PLT-A-PHH-Mit-ctrl,neg,101.86
SYNTHETIC_ILLUSTRATIVE_NOT_REAL,PLT-A-PHH-Mit-ctrl,neg,100.84
SYNTHETIC_ILLUSTRATIVE_NOT_REAL,PLT-A-PHH-Mit-ctrl,neg,99.29
SYNTHETIC_ILLUSTRATIVE_NOT_REAL,PLT-A-PHH-Mit-ctrl,neg,98.29
SYNTHETIC_ILLUSTRATIVE_NOT_REAL,PLT-A-PHH-Mit-ctrl,neg,98.33
SYNTHETIC_ILLUSTRATIVE_NOT_REAL,PLT-A-PHH-Mit-ctrl,neg,98.34
SYNTHETIC_ILLUSTRATIVE_NOT_REAL,PLT-A-PHH-Mit-ctrl,neg,103.02
SYNTHETIC_ILLUSTRATIVE_NOT_REAL,PLT-A-PHH-Mit-ctrl,neg,99.92
SYNTHETIC_ILLUSTRATIVE_NOT_REAL,PLT-A-PHH-Mit-ctrl,pos,9.74
SYNTHETIC_ILLUSTRATIVE_NOT_REAL,PLT-A-PHH-Mit-ctrl,pos,9.99
SYNTHETIC_ILLUSTRATIVE_NOT_REAL,PLT-A-PHH-Mit-ctrl,pos,10.39
SYNTHETIC_ILLUSTRATIVE_NOT_REAL,PLT-A-PHH-Mit-ctrl,pos,10.54
SYNTHETIC_ILLUSTRATIVE_NOT_REAL,PLT-A-PHH-Mit-ctrl,pos,9.94
SYNTHETIC_ILLUSTRATIVE_NOT_REAL,PLT-A-PHH-Mit-ctrl,pos,9.8
SYNTHETIC_ILLUSTRATIVE_NOT_REAL,PLT-A-PHH-Mit-ctrl,pos,9.35
SYNTHETIC_ILLUSTRATIVE_NOT_REAL,PLT-A-PHH-Mit-ctrl,pos,9.92
SYNTHETIC_ILLUSTRATIVE_NOT_REAL,PLT-A-PHH-Bil-ctrl,neg,94.91
SYNTHETIC_ILLUSTRATIVE_NOT_REAL,PLT-A-PHH-Bil-ctrl,neg,97.89
SYNTHETIC_ILLUSTRATIVE_NOT_REAL,PLT-A-PHH-Bil-ctrl,neg,95.64
SYNTHETIC_ILLUSTRATIVE_NOT_REAL,PLT-A-PHH-Bil-ctrl,neg,99.88
SYNTHETIC_ILLUSTRATIVE_NOT_REAL,PLT-A-PHH-Bil-ctrl,neg,98.46
SYNTHETIC_ILLUSTRATIVE_NOT_REAL,PLT-A-PHH-Bil-ctrl,neg,98.63
SYNTHETIC_ILLUSTRATIVE_NOT_REAL,PLT-A-PHH-Bil-ctrl,neg,105.66
SYNTHETIC_ILLUSTRATIVE_NOT_REAL,PLT-A-PHH-Bil-ctrl,pos,10.28
SYNTHETIC_ILLUSTRATIVE_NOT_REAL,PLT-A-PHH-Bil-ctrl,pos,9.26
SYNTHETIC_ILLUSTRATIVE_NOT_REAL,PLT-A-PHH-Bil-ctrl,pos,10.12
SYNTHETIC_ILLUSTRATIVE_NOT_REAL,PLT-A-PHH-Bil-ctrl,pos,9.71
SYNTHETIC_ILLUSTRATIVE_NOT_REAL,PLT-A-PHH-Bil-ctrl,pos,9.83
SYNTHETIC_ILLUSTRATIVE_NOT_REAL,PLT-A-PHH-Bil-ctrl,pos,9.73
SYNTHETIC_ILLUSTRATIVE_NOT_REAL,PLT-A-PHH-Gen-ctrl,neg,99.3
SYNTHETIC_ILLUSTRATIVE_NOT_REAL,PLT-A-PHH-Gen-ctrl,neg,98.9
SYNTHETIC_ILLUSTRATIVE_NOT_REAL,PLT-A-PHH-Gen-ctrl,neg,99.11
SYNTHETIC_ILLUSTRATIVE_NOT_REAL,PLT-A-PHH-Gen-ctrl,neg,102.16
SYNTHETIC_ILLUSTRATIVE_NOT_REAL,PLT-A-PHH-Gen-ctrl,neg,100.88
SYNTHETIC_ILLUSTRATIVE_NOT_REAL,PLT-A-PHH-Gen-ctrl,neg,100.66
SYNTHETIC_ILLUSTRATIVE_NOT_REAL,PLT-A-PHH-Gen-ctrl,neg,98.42
SYNTHETIC_ILLUSTRATIVE_NOT_REAL,PLT-A-PHH-Gen-ctrl,neg,96.36
SYNTHETIC_ILLUSTRATIVE_NOT_REAL,PLT-A-PHH-Gen-ctrl,pos,10.78
SYNTHETIC_ILLUSTRATIVE_NOT_REAL,PLT-A-PHH-Gen-ctrl,pos,9.6
SYNTHETIC_ILLUSTRATIVE_NOT_REAL,PLT-A-PHH-Gen-ctrl,pos,10.62
SYNTHETIC_ILLUSTRATIVE_NOT_REAL,PLT-A-PHH-Gen-ctrl,pos,10.35
SYNTHETIC_ILLUSTRATIVE_NOT_REAL,PLT-A-PHH-Gen-ctrl,pos,9.48
SYNTHETIC_ILLUSTRATIVE_NOT_REAL,PLT-A-PHH-Gen-ctrl,pos,9.07
SYNTHETIC_ILLUSTRATIVE_NOT_REAL,PLT-A-PHH-Gen-ctrl,pos,10.68
SYNTHETIC_ILLUSTRATIVE_NOT_REAL,PLT-A-PHH-Gen-ctrl,pos,8.26
SYNTHETIC_ILLUSTRATIVE_NOT_REAL,PLT-A-PHH-RNA-ctrl,neg,101.47
SYNTHETIC_ILLUSTRATIVE_NOT_REAL,PLT-A-PHH-RNA-ctrl,neg,99.94
SYNTHETIC_ILLUSTRATIVE_NOT_REAL,PLT-A-PHH-RNA-ctrl,neg,99.67
SYNTHETIC_ILLUSTRATIVE_NOT_REAL,PLT-A-PHH-RNA-ctrl,neg,97.96
SYNTHETIC_ILLUSTRATIVE_NOT_REAL,PLT-A-PHH-RNA-ctrl,neg,99.9
SYNTHETIC_ILLUSTRATIVE_NOT_REAL,PLT-A-PHH-RNA-ctrl,neg,101.38
SYNTHETIC_ILLUSTRATIVE_NOT_REAL,PLT-A-PHH-RNA-ctrl,neg,103.14
SYNTHETIC_ILLUSTRATIVE_NOT_REAL,PLT-A-PHH-RNA-ctrl,pos,9.51
SYNTHETIC_ILLUSTRATIVE_NOT_REAL,PLT-A-PHH-RNA-ctrl,pos,10.87
SYNTHETIC_ILLUSTRATIVE_NOT_REAL,PLT-A-PHH-RNA-ctrl,pos,9.77
SYNTHETIC_ILLUSTRATIVE_NOT_REAL,PLT-A-PHH-RNA-ctrl,pos,9.75
SYNTHETIC_ILLUSTRATIVE_NOT_REAL,PLT-A-PHH-RNA-ctrl,pos,9.93
SYNTHETIC_ILLUSTRATIVE_NOT_REAL,PLT-A-PHH-RNA-ctrl,pos,10.42
SYNTHETIC_ILLUSTRATIVE_NOT_REAL,PLT-A-PHH-RNA-ctrl,pos,8.98
SYNTHETIC_ILLUSTRATIVE_NOT_REAL,PLT-A-PBM-IFN-ctrl,neg,98.46
SYNTHETIC_ILLUSTRATIVE_NOT_REAL,PLT-A-PBM-IFN-ctrl,neg,97.67
SYNTHETIC_ILLUSTRATIVE_NOT_REAL,PLT-A-PBM-IFN-ctrl,neg,99.02
SYNTHETIC_ILLUSTRATIVE_NOT_REAL,PLT-A-PBM-IFN-ctrl,neg,98.03
SYNTHETIC_ILLUSTRATIVE_NOT_REAL,PLT-A-PBM-IFN-ctrl,neg,100.42
SYNTHETIC_ILLUSTRATIVE_NOT_REAL,PLT-A-PBM-IFN-ctrl,neg,97.49
SYNTHETIC_ILLUSTRATIVE_NOT_REAL,PLT-A-PBM-IFN-ctrl,neg,99.21
SYNTHETIC_ILLUSTRATIVE_NOT_REAL,PLT-A-PBM-IFN-ctrl,pos,10.62
SYNTHETIC_ILLUSTRATIVE_NOT_REAL,PLT-A-PBM-IFN-ctrl,pos,9.15
SYNTHETIC_ILLUSTRATIVE_NOT_REAL,PLT-A-PBM-IFN-ctrl,pos,10.08
SYNTHETIC_ILLUSTRATIVE_NOT_REAL,PLT-A-PBM-IFN-ctrl,pos,10.56
SYNTHETIC_ILLUSTRATIVE_NOT_REAL,PLT-A-PBM-IFN-ctrl,pos,8.76
SYNTHETIC_ILLUSTRATIVE_NOT_REAL,PLT-A-PBM-IFN-ctrl,pos,10.27
SYNTHETIC_ILLUSTRATIVE_NOT_REAL,PLT-A-PBM-IFN-ctrl,pos,9.28
SYNTHETIC_ILLUSTRATIVE_NOT_REAL,PLT-A-PBM-IFN-ctrl,neg,102.67
SYNTHETIC_ILLUSTRATIVE_NOT_REAL,PLT-A-PBM-IFN-ctrl,neg,98.94
SYNTHETIC_ILLUSTRATIVE_NOT_REAL,PLT-A-PBM-IFN-ctrl,neg,98.0
SYNTHETIC_ILLUSTRATIVE_NOT_REAL,PLT-A-PBM-IFN-ctrl,neg,101.99
SYNTHETIC_ILLUSTRATIVE_NOT_REAL,PLT-A-PBM-IFN-ctrl,neg,98.2
SYNTHETIC_ILLUSTRATIVE_NOT_REAL,PLT-A-PBM-IFN-ctrl,neg,99.74
SYNTHETIC_ILLUSTRATIVE_NOT_REAL,PLT-A-PBM-IFN-ctrl,neg,101.83
SYNTHETIC_ILLUSTRATIVE_NOT_REAL,PLT-A-PBM-IFN-ctrl,neg,99.67
SYNTHETIC_ILLUSTRATIVE_NOT_REAL,PLT-A-PBM-IFN-ctrl,pos,10.52
SYNTHETIC_ILLUSTRATIVE_NOT_REAL,PLT-A-PBM-IFN-ctrl,pos,11.47
SYNTHETIC_ILLUSTRATIVE_NOT_REAL,PLT-A-PBM-IFN-ctrl,pos,10.24
SYNTHETIC_ILLUSTRATIVE_NOT_REAL,PLT-A-PBM-IFN-ctrl,pos,9.52
SYNTHETIC_ILLUSTRATIVE_NOT_REAL,PLT-A-PBM-IFN-ctrl,pos,7.88
SYNTHETIC_ILLUSTRATIVE_NOT_REAL,PLT-A-PBM-IFN-ctrl,pos,10.09
SYNTHETIC_ILLUSTRATIVE_NOT_REAL,PLT-A-PBM-IFN-ctrl,pos,9.99
SYNTHETIC_ILLUSTRATIVE_NOT_REAL,PLT-A-PBM-IL1-ctrl,neg,101.85
SYNTHETIC_ILLUSTRATIVE_NOT_REAL,PLT-A-PBM-IL1-ctrl,neg,104.28
SYNTHETIC_ILLUSTRATIVE_NOT_REAL,PLT-A-PBM-IL1-ctrl,neg,99.19
SYNTHETIC_ILLUSTRATIVE_NOT_REAL,PLT-A-PBM-IL1-ctrl,neg,102.34
SYNTHETIC_ILLUSTRATIVE_NOT_REAL,PLT-A-PBM-IL1-ctrl,neg,102.26
SYNTHETIC_ILLUSTRATIVE_NOT_REAL,PLT-A-PBM-IL1-ctrl,neg,101.75
SYNTHETIC_ILLUSTRATIVE_NOT_REAL,PLT-A-PBM-IL1-ctrl,neg,99.06
SYNTHETIC_ILLUSTRATIVE_NOT_REAL,PLT-A-PBM-IL1-ctrl,pos,9.52
SYNTHETIC_ILLUSTRATIVE_NOT_REAL,PLT-A-PBM-IL1-ctrl,pos,10.22
SYNTHETIC_ILLUSTRATIVE_NOT_REAL,PLT-A-PBM-IL1-ctrl,pos,10.38
SYNTHETIC_ILLUSTRATIVE_NOT_REAL,PLT-A-PBM-IL1-ctrl,pos,8.79
SYNTHETIC_ILLUSTRATIVE_NOT_REAL,PLT-A-PBM-IL1-ctrl,pos,10.87
SYNTHETIC_ILLUSTRATIVE_NOT_REAL,PLT-A-PBM-IL1-ctrl,pos,9.94
SYNTHETIC_ILLUSTRATIVE_NOT_REAL,PLT-A-PBM-IL6-ctrl,neg,98.73
SYNTHETIC_ILLUSTRATIVE_NOT_REAL,PLT-A-PBM-IL6-ctrl,neg,103.79
SYNTHETIC_ILLUSTRATIVE_NOT_REAL,PLT-A-PBM-IL6-ctrl,neg,99.79
SYNTHETIC_ILLUSTRATIVE_NOT_REAL,PLT-A-PBM-IL6-ctrl,neg,101.18
SYNTHETIC_ILLUSTRATIVE_NOT_REAL,PLT-A-PBM-IL6-ctrl,neg,99.19
SYNTHETIC_ILLUSTRATIVE_NOT_REAL,PLT-A-PBM-IL6-ctrl,neg,99.83
SYNTHETIC_ILLUSTRATIVE_NOT_REAL,PLT-A-PBM-IL6-ctrl,neg,100.04
SYNTHETIC_ILLUSTRATIVE_NOT_REAL,PLT-A-PBM-IL6-ctrl,pos,10.65
SYNTHETIC_ILLUSTRATIVE_NOT_REAL,PLT-A-PBM-IL6-ctrl,pos,10.88
SYNTHETIC_ILLUSTRATIVE_NOT_REAL,PLT-A-PBM-IL6-ctrl,pos,10.69
SYNTHETIC_ILLUSTRATIVE_NOT_REAL,PLT-A-PBM-IL6-ctrl,pos,9.74
SYNTHETIC_ILLUSTRATIVE_NOT_REAL,PLT-A-PBM-IL6-ctrl,pos,9.56
SYNTHETIC_ILLUSTRATIVE_NOT_REAL,PLT-A-PBM-IL6-ctrl,pos,8.49
SYNTHETIC_ILLUSTRATIVE_NOT_REAL,PLT-A-PBM-IL6-ctrl,pos,10.9
SYNTHETIC_ILLUSTRATIVE_NOT_REAL,PLT-A-PBM-IL6-ctrl,pos,9.81
SYNTHETIC_ILLUSTRATIVE_NOT_REAL,PLT-A-PBM-IL8-ctrl,neg,96.85
SYNTHETIC_ILLUSTRATIVE_NOT_REAL,PLT-A-PBM-IL8-ctrl,neg,96.82
SYNTHETIC_ILLUSTRATIVE_NOT_REAL,PLT-A-PBM-IL8-ctrl,neg,101.43
SYNTHETIC_ILLUSTRATIVE_NOT_REAL,PLT-A-PBM-IL8-ctrl,neg,98.05
SYNTHETIC_ILLUSTRATIVE_NOT_REAL,PLT-A-PBM-IL8-ctrl,neg,101.59
SYNTHETIC_ILLUSTRATIVE_NOT_REAL,PLT-A-PBM-IL8-ctrl,neg,99.11
SYNTHETIC_ILLUSTRATIVE_NOT_REAL,PLT-A-PBM-IL8-ctrl,neg,100.69
SYNTHETIC_ILLUSTRATIVE_NOT_REAL,PLT-A-PBM-IL8-ctrl,neg,102.44
SYNTHETIC_ILLUSTRATIVE_NOT_REAL,PLT-A-PBM-IL8-ctrl,pos,9.39
SYNTHETIC_ILLUSTRATIVE_NOT_REAL,PLT-A-PBM-IL8-ctrl,pos,9.4
SYNTHETIC_ILLUSTRATIVE_NOT_REAL,PLT-A-PBM-IL8-ctrl,pos,10.94
SYNTHETIC_ILLUSTRATIVE_NOT_REAL,PLT-A-PBM-IL8-ctrl,pos,10.04
SYNTHETIC_ILLUSTRATIVE_NOT_REAL,PLT-A-PBM-IL8-ctrl,pos,9.91
SYNTHETIC_ILLUSTRATIVE_NOT_REAL,PLT-A-PBM-IL8-ctrl,pos,10.74
SYNTHETIC_ILLUSTRATIVE_NOT_REAL,PLT-A-PBM-IL8-ctrl,pos,9.24
SYNTHETIC_ILLUSTRATIVE_NOT_REAL,PLT-A-PBM-IL8-ctrl,pos,10.0
SYNTHETIC_ILLUSTRATIVE_NOT_REAL,PLT-A-PBM-IL1-ctrl,neg,98.14
SYNTHETIC_ILLUSTRATIVE_NOT_REAL,PLT-A-PBM-IL1-ctrl,neg,97.62
SYNTHETIC_ILLUSTRATIVE_NOT_REAL,PLT-A-PBM-IL1-ctrl,neg,99.76
SYNTHETIC_ILLUSTRATIVE_NOT_REAL,PLT-A-PBM-IL1-ctrl,neg,96.65
SYNTHETIC_ILLUSTRATIVE_NOT_REAL,PLT-A-PBM-IL1-ctrl,neg,99.41
SYNTHETIC_ILLUSTRATIVE_NOT_REAL,PLT-A-PBM-IL1-ctrl,neg,98.69
SYNTHETIC_ILLUSTRATIVE_NOT_REAL,PLT-A-PBM-IL1-ctrl,neg,102.0
SYNTHETIC_ILLUSTRATIVE_NOT_REAL,PLT-A-PBM-IL1-ctrl,neg,96.81
SYNTHETIC_ILLUSTRATIVE_NOT_REAL,PLT-A-PBM-IL1-ctrl,pos,8.68
SYNTHETIC_ILLUSTRATIVE_NOT_REAL,PLT-A-PBM-IL1-ctrl,pos,8.74
SYNTHETIC_ILLUSTRATIVE_NOT_REAL,PLT-A-PBM-IL1-ctrl,pos,9.09
SYNTHETIC_ILLUSTRATIVE_NOT_REAL,PLT-A-PBM-IL1-ctrl,pos,9.26
SYNTHETIC_ILLUSTRATIVE_NOT_REAL,PLT-A-PBM-IL1-ctrl,pos,10.44
SYNTHETIC_ILLUSTRATIVE_NOT_REAL,PLT-A-PBM-IL1-ctrl,pos,9.32
SYNTHETIC_ILLUSTRATIVE_NOT_REAL,PLT-A-PBM-IL1-ctrl,pos,9.8
SYNTHETIC_ILLUSTRATIVE_NOT_REAL,PLT-A-PBM-IL1-ctrl,pos,9.85
SYNTHETIC_ILLUSTRATIVE_NOT_REAL,PLT-A-PBM-IL1-ctrl,neg,101.54
SYNTHETIC_ILLUSTRATIVE_NOT_REAL,PLT-A-PBM-IL1-ctrl,neg,101.07
SYNTHETIC_ILLUSTRATIVE_NOT_REAL,PLT-A-PBM-IL1-ctrl,neg,102.12
SYNTHETIC_ILLUSTRATIVE_NOT_REAL,PLT-A-PBM-IL1-ctrl,neg,98.39
SYNTHETIC_ILLUSTRATIVE_NOT_REAL,PLT-A-PBM-IL1-ctrl,neg,101.17
SYNTHETIC_ILLUSTRATIVE_NOT_REAL,PLT-A-PBM-IL1-ctrl,neg,99.88
SYNTHETIC_ILLUSTRATIVE_NOT_REAL,PLT-A-PBM-IL1-ctrl,neg,100.04
SYNTHETIC_ILLUSTRATIVE_NOT_REAL,PLT-A-PBM-IL1-ctrl,pos,9.74
SYNTHETIC_ILLUSTRATIVE_NOT_REAL,PLT-A-PBM-IL1-ctrl,pos,9.99
SYNTHETIC_ILLUSTRATIVE_NOT_REAL,PLT-A-PBM-IL1-ctrl,pos,8.61
SYNTHETIC_ILLUSTRATIVE_NOT_REAL,PLT-A-PBM-IL1-ctrl,pos,11.18
SYNTHETIC_ILLUSTRATIVE_NOT_REAL,PLT-A-PBM-IL1-ctrl,pos,10.76
SYNTHETIC_ILLUSTRATIVE_NOT_REAL,PLT-A-PBM-IL1-ctrl,pos,11.35
SYNTHETIC_ILLUSTRATIVE_NOT_REAL,PLT-A-PBM-TNF-ctrl,neg,100.62
SYNTHETIC_ILLUSTRATIVE_NOT_REAL,PLT-A-PBM-TNF-ctrl,neg,99.08
SYNTHETIC_ILLUSTRATIVE_NOT_REAL,PLT-A-PBM-TNF-ctrl,neg,99.93
SYNTHETIC_ILLUSTRATIVE_NOT_REAL,PLT-A-PBM-TNF-ctrl,neg,98.55
SYNTHETIC_ILLUSTRATIVE_NOT_REAL,PLT-A-PBM-TNF-ctrl,neg,100.92
SYNTHETIC_ILLUSTRATIVE_NOT_REAL,PLT-A-PBM-TNF-ctrl,neg,96.69
SYNTHETIC_ILLUSTRATIVE_NOT_REAL,PLT-A-PBM-TNF-ctrl,neg,99.8
SYNTHETIC_ILLUSTRATIVE_NOT_REAL,PLT-A-PBM-TNF-ctrl,neg,101.11
SYNTHETIC_ILLUSTRATIVE_NOT_REAL,PLT-A-PBM-TNF-ctrl,pos,10.68
SYNTHETIC_ILLUSTRATIVE_NOT_REAL,PLT-A-PBM-TNF-ctrl,pos,10.43
SYNTHETIC_ILLUSTRATIVE_NOT_REAL,PLT-A-PBM-TNF-ctrl,pos,11.02
SYNTHETIC_ILLUSTRATIVE_NOT_REAL,PLT-A-PBM-TNF-ctrl,pos,10.2
SYNTHETIC_ILLUSTRATIVE_NOT_REAL,PLT-A-PBM-TNF-ctrl,pos,12.03
SYNTHETIC_ILLUSTRATIVE_NOT_REAL,PLT-A-PBM-TNF-ctrl,pos,9.59
SYNTHETIC_ILLUSTRATIVE_NOT_REAL,PLT-A-PBM-TNF-ctrl,pos,8.41
SYNTHETIC_ILLUSTRATIVE_NOT_REAL,PLT-A-PBM-TNF-ctrl,pos,8.28
SYNTHETIC_ILLUSTRATIVE_NOT_REAL,PLT-A-PBM-MCP-ctrl,neg,99.4
SYNTHETIC_ILLUSTRATIVE_NOT_REAL,PLT-A-PBM-MCP-ctrl,neg,99.52
SYNTHETIC_ILLUSTRATIVE_NOT_REAL,PLT-A-PBM-MCP-ctrl,neg,101.77
SYNTHETIC_ILLUSTRATIVE_NOT_REAL,PLT-A-PBM-MCP-ctrl,neg,100.74
SYNTHETIC_ILLUSTRATIVE_NOT_REAL,PLT-A-PBM-MCP-ctrl,neg,104.55
SYNTHETIC_ILLUSTRATIVE_NOT_REAL,PLT-A-PBM-MCP-ctrl,neg,95.83
SYNTHETIC_ILLUSTRATIVE_NOT_REAL,PLT-A-PBM-MCP-ctrl,neg,102.07
SYNTHETIC_ILLUSTRATIVE_NOT_REAL,PLT-A-PBM-MCP-ctrl,pos,7.74
SYNTHETIC_ILLUSTRATIVE_NOT_REAL,PLT-A-PBM-MCP-ctrl,pos,10.5
SYNTHETIC_ILLUSTRATIVE_NOT_REAL,PLT-A-PBM-MCP-ctrl,pos,9.95
SYNTHETIC_ILLUSTRATIVE_NOT_REAL,PLT-A-PBM-MCP-ctrl,pos,9.94
SYNTHETIC_ILLUSTRATIVE_NOT_REAL,PLT-A-PBM-MCP-ctrl,pos,10.04
SYNTHETIC_ILLUSTRATIVE_NOT_REAL,PLT-A-PBM-MCP-ctrl,pos,10.36
SYNTHETIC_ILLUSTRATIVE_NOT_REAL,PLT-A-PBM-MCP-ctrl,pos,9.74
SYNTHETIC_ILLUSTRATIVE_NOT_REAL,PLT-A-PBM-MCP-ctrl,pos,9.46
SYNTHETIC_ILLUSTRATIVE_NOT_REAL,PLT-A-PBM-IP1-ctrl,neg,99.48
SYNTHETIC_ILLUSTRATIVE_NOT_REAL,PLT-A-PBM-IP1-ctrl,neg,99.83
SYNTHETIC_ILLUSTRATIVE_NOT_REAL,PLT-A-PBM-IP1-ctrl,neg,99.8
SYNTHETIC_ILLUSTRATIVE_NOT_REAL,PLT-A-PBM-IP1-ctrl,neg,100.89
SYNTHETIC_ILLUSTRATIVE_NOT_REAL,PLT-A-PBM-IP1-ctrl,neg,101.67
SYNTHETIC_ILLUSTRATIVE_NOT_REAL,PLT-A-PBM-IP1-ctrl,neg,100.7
SYNTHETIC_ILLUSTRATIVE_NOT_REAL,PLT-A-PBM-IP1-ctrl,neg,98.62
SYNTHETIC_ILLUSTRATIVE_NOT_REAL,PLT-A-PBM-IP1-ctrl,neg,99.37
SYNTHETIC_ILLUSTRATIVE_NOT_REAL,PLT-A-PBM-IP1-ctrl,pos,8.77
SYNTHETIC_ILLUSTRATIVE_NOT_REAL,PLT-A-PBM-IP1-ctrl,pos,9.19
SYNTHETIC_ILLUSTRATIVE_NOT_REAL,PLT-A-PBM-IP1-ctrl,pos,10.14
SYNTHETIC_ILLUSTRATIVE_NOT_REAL,PLT-A-PBM-IP1-ctrl,pos,10.0
SYNTHETIC_ILLUSTRATIVE_NOT_REAL,PLT-A-PBM-IP1-ctrl,pos,9.55
SYNTHETIC_ILLUSTRATIVE_NOT_REAL,PLT-A-PBM-IP1-ctrl,pos,10.18
SYNTHETIC_ILLUSTRATIVE_NOT_REAL,PLT-A-PBM-IP1-ctrl,pos,9.41
SYNTHETIC_ILLUSTRATIVE_NOT_REAL,PLT-A-PBM-IP1-ctrl,pos,9.97
SYNTHETIC_ILLUSTRATIVE_NOT_REAL,PLT-A-PBM-GM_-ctrl,neg,103.08
SYNTHETIC_ILLUSTRATIVE_NOT_REAL,PLT-A-PBM-GM_-ctrl,neg,100.29
SYNTHETIC_ILLUSTRATIVE_NOT_REAL,PLT-A-PBM-GM_-ctrl,neg,100.5
SYNTHETIC_ILLUSTRATIVE_NOT_REAL,PLT-A-PBM-GM_-ctrl,neg,101.74
SYNTHETIC_ILLUSTRATIVE_NOT_REAL,PLT-A-PBM-GM_-ctrl,neg,102.79
SYNTHETIC_ILLUSTRATIVE_NOT_REAL,PLT-A-PBM-GM_-ctrl,neg,102.05
SYNTHETIC_ILLUSTRATIVE_NOT_REAL,PLT-A-PBM-GM_-ctrl,neg,98.65
SYNTHETIC_ILLUSTRATIVE_NOT_REAL,PLT-A-PBM-GM_-ctrl,neg,100.46
SYNTHETIC_ILLUSTRATIVE_NOT_REAL,PLT-A-PBM-GM_-ctrl,pos,9.53
SYNTHETIC_ILLUSTRATIVE_NOT_REAL,PLT-A-PBM-GM_-ctrl,pos,9.82
SYNTHETIC_ILLUSTRATIVE_NOT_REAL,PLT-A-PBM-GM_-ctrl,pos,10.32
SYNTHETIC_ILLUSTRATIVE_NOT_REAL,PLT-A-PBM-GM_-ctrl,pos,10.96
SYNTHETIC_ILLUSTRATIVE_NOT_REAL,PLT-A-PBM-GM_-ctrl,pos,9.15
SYNTHETIC_ILLUSTRATIVE_NOT_REAL,PLT-A-PBM-GM_-ctrl,pos,10.62
SYNTHETIC_ILLUSTRATIVE_NOT_REAL,PLT-A-PBM-GM_-ctrl,pos,10.31
SYNTHETIC_ILLUSTRATIVE_NOT_REAL,PLT-A-PBM-GM_-ctrl,pos,9.19
SYNTHETIC_ILLUSTRATIVE_NOT_REAL,PLT-A-PBM-IL4-ctrl,neg,101.01
SYNTHETIC_ILLUSTRATIVE_NOT_REAL,PLT-A-PBM-IL4-ctrl,neg,98.57
SYNTHETIC_ILLUSTRATIVE_NOT_REAL,PLT-A-PBM-IL4-ctrl,neg,98.42
SYNTHETIC_ILLUSTRATIVE_NOT_REAL,PLT-A-PBM-IL4-ctrl,neg,102.69
SYNTHETIC_ILLUSTRATIVE_NOT_REAL,PLT-A-PBM-IL4-ctrl,neg,101.44
SYNTHETIC_ILLUSTRATIVE_NOT_REAL,PLT-A-PBM-IL4-ctrl,neg,99.38
SYNTHETIC_ILLUSTRATIVE_NOT_REAL,PLT-A-PBM-IL4-ctrl,neg,101.32
SYNTHETIC_ILLUSTRATIVE_NOT_REAL,PLT-A-PBM-IL4-ctrl,pos,9.24
SYNTHETIC_ILLUSTRATIVE_NOT_REAL,PLT-A-PBM-IL4-ctrl,pos,10.32
SYNTHETIC_ILLUSTRATIVE_NOT_REAL,PLT-A-PBM-IL4-ctrl,pos,9.97
SYNTHETIC_ILLUSTRATIVE_NOT_REAL,PLT-A-PBM-IL4-ctrl,pos,10.28
SYNTHETIC_ILLUSTRATIVE_NOT_REAL,PLT-A-PBM-IL4-ctrl,pos,11.95
SYNTHETIC_ILLUSTRATIVE_NOT_REAL,PLT-A-PBM-IL4-ctrl,pos,10.38
SYNTHETIC_ILLUSTRATIVE_NOT_REAL,PLT-A-PBM-IL4-ctrl,pos,10.18
SYNTHETIC_ILLUSTRATIVE_NOT_REAL,PLT-A-PBM-IL4-ctrl,pos,11.7
SYNTHETIC_ILLUSTRATIVE_NOT_REAL,PLT-A-PBM-IL1-ctrl,neg,100.27
SYNTHETIC_ILLUSTRATIVE_NOT_REAL,PLT-A-PBM-IL1-ctrl,neg,103.12
SYNTHETIC_ILLUSTRATIVE_NOT_REAL,PLT-A-PBM-IL1-ctrl,neg,100.61
SYNTHETIC_ILLUSTRATIVE_NOT_REAL,PLT-A-PBM-IL1-ctrl,neg,94.94
SYNTHETIC_ILLUSTRATIVE_NOT_REAL,PLT-A-PBM-IL1-ctrl,neg,98.99
SYNTHETIC_ILLUSTRATIVE_NOT_REAL,PLT-A-PBM-IL1-ctrl,pos,10.3
SYNTHETIC_ILLUSTRATIVE_NOT_REAL,PLT-A-PBM-IL1-ctrl,pos,9.92
SYNTHETIC_ILLUSTRATIVE_NOT_REAL,PLT-A-PBM-IL1-ctrl,pos,9.45
SYNTHETIC_ILLUSTRATIVE_NOT_REAL,PLT-A-PBM-IL1-ctrl,pos,10.71
SYNTHETIC_ILLUSTRATIVE_NOT_REAL,PLT-A-PBM-IL1-ctrl,pos,10.86
SYNTHETIC_ILLUSTRATIVE_NOT_REAL,PLT-A-PBM-TLR-ctrl,neg,97.59
SYNTHETIC_ILLUSTRATIVE_NOT_REAL,PLT-A-PBM-TLR-ctrl,neg,102.88
SYNTHETIC_ILLUSTRATIVE_NOT_REAL,PLT-A-PBM-TLR-ctrl,neg,99.83
SYNTHETIC_ILLUSTRATIVE_NOT_REAL,PLT-A-PBM-TLR-ctrl,neg,98.06
SYNTHETIC_ILLUSTRATIVE_NOT_REAL,PLT-A-PBM-TLR-ctrl,neg,98.54
SYNTHETIC_ILLUSTRATIVE_NOT_REAL,PLT-A-PBM-TLR-ctrl,neg,100.12
SYNTHETIC_ILLUSTRATIVE_NOT_REAL,PLT-A-PBM-TLR-ctrl,neg,98.74
SYNTHETIC_ILLUSTRATIVE_NOT_REAL,PLT-A-PBM-TLR-ctrl,neg,97.84
SYNTHETIC_ILLUSTRATIVE_NOT_REAL,PLT-A-PBM-TLR-ctrl,pos,9.01
SYNTHETIC_ILLUSTRATIVE_NOT_REAL,PLT-A-PBM-TLR-ctrl,pos,9.98
SYNTHETIC_ILLUSTRATIVE_NOT_REAL,PLT-A-PBM-TLR-ctrl,pos,11.4
SYNTHETIC_ILLUSTRATIVE_NOT_REAL,PLT-A-PBM-TLR-ctrl,pos,7.77
SYNTHETIC_ILLUSTRATIVE_NOT_REAL,PLT-A-PBM-TLR-ctrl,pos,9.68
SYNTHETIC_ILLUSTRATIVE_NOT_REAL,PLT-A-PBM-TLR-ctrl,pos,10.02
SYNTHETIC_ILLUSTRATIVE_NOT_REAL,PLT-A-PBM-TLR-ctrl,pos,9.32
SYNTHETIC_ILLUSTRATIVE_NOT_REAL,PLT-A-PBM-TLR-ctrl,pos,11.77
SYNTHETIC_ILLUSTRATIVE_NOT_REAL,PLT-A-PBM-NK_-ctrl,neg,99.89
SYNTHETIC_ILLUSTRATIVE_NOT_REAL,PLT-A-PBM-NK_-ctrl,neg,99.22
SYNTHETIC_ILLUSTRATIVE_NOT_REAL,PLT-A-PBM-NK_-ctrl,neg,99.81
SYNTHETIC_ILLUSTRATIVE_NOT_REAL,PLT-A-PBM-NK_-ctrl,neg,100.52
SYNTHETIC_ILLUSTRATIVE_NOT_REAL,PLT-A-PBM-NK_-ctrl,neg,98.07
SYNTHETIC_ILLUSTRATIVE_NOT_REAL,PLT-A-PBM-NK_-ctrl,neg,101.47
SYNTHETIC_ILLUSTRATIVE_NOT_REAL,PLT-A-PBM-NK_-ctrl,neg,96.52
SYNTHETIC_ILLUSTRATIVE_NOT_REAL,PLT-A-PBM-NK_-ctrl,neg,98.71
SYNTHETIC_ILLUSTRATIVE_NOT_REAL,PLT-A-PBM-NK_-ctrl,pos,10.13
SYNTHETIC_ILLUSTRATIVE_NOT_REAL,PLT-A-PBM-NK_-ctrl,pos,9.98
SYNTHETIC_ILLUSTRATIVE_NOT_REAL,PLT-A-PBM-NK_-ctrl,pos,8.61
SYNTHETIC_ILLUSTRATIVE_NOT_REAL,PLT-A-PBM-NK_-ctrl,pos,9.61
SYNTHETIC_ILLUSTRATIVE_NOT_REAL,PLT-A-PBM-NK_-ctrl,pos,9.81
SYNTHETIC_ILLUSTRATIVE_NOT_REAL,PLT-A-PBM-NK_-ctrl,pos,8.73
SYNTHETIC_ILLUSTRATIVE_NOT_REAL,PLT-A-PBM-NK_-ctrl,pos,10.3
SYNTHETIC_ILLUSTRATIVE_NOT_REAL,PLT-A-PBM-C3a-ctrl,neg,99.95
SYNTHETIC_ILLUSTRATIVE_NOT_REAL,PLT-A-PBM-C3a-ctrl,neg,100.98
SYNTHETIC_ILLUSTRATIVE_NOT_REAL,PLT-A-PBM-C3a-ctrl,neg,102.4
SYNTHETIC_ILLUSTRATIVE_NOT_REAL,PLT-A-PBM-C3a-ctrl,neg,99.41
SYNTHETIC_ILLUSTRATIVE_NOT_REAL,PLT-A-PBM-C3a-ctrl,neg,98.91
SYNTHETIC_ILLUSTRATIVE_NOT_REAL,PLT-A-PBM-C3a-ctrl,neg,100.55
SYNTHETIC_ILLUSTRATIVE_NOT_REAL,PLT-A-PBM-C3a-ctrl,neg,99.6
SYNTHETIC_ILLUSTRATIVE_NOT_REAL,PLT-A-PBM-C3a-ctrl,neg,103.33
SYNTHETIC_ILLUSTRATIVE_NOT_REAL,PLT-A-PBM-C3a-ctrl,pos,9.74
SYNTHETIC_ILLUSTRATIVE_NOT_REAL,PLT-A-PBM-C3a-ctrl,pos,9.46
SYNTHETIC_ILLUSTRATIVE_NOT_REAL,PLT-A-PBM-C3a-ctrl,pos,11.5
SYNTHETIC_ILLUSTRATIVE_NOT_REAL,PLT-A-PBM-C3a-ctrl,pos,9.39
SYNTHETIC_ILLUSTRATIVE_NOT_REAL,PLT-A-PBM-C3a-ctrl,pos,10.55
SYNTHETIC_ILLUSTRATIVE_NOT_REAL,PLT-A-PBM-C3a-ctrl,pos,10.46
SYNTHETIC_ILLUSTRATIVE_NOT_REAL,PLT-A-PBM-C3a-ctrl,pos,11.19
SYNTHETIC_ILLUSTRATIVE_NOT_REAL,PLT-A-PBM-C5a-ctrl,neg,99.0
SYNTHETIC_ILLUSTRATIVE_NOT_REAL,PLT-A-PBM-C5a-ctrl,neg,99.99
SYNTHETIC_ILLUSTRATIVE_NOT_REAL,PLT-A-PBM-C5a-ctrl,neg,103.34
SYNTHETIC_ILLUSTRATIVE_NOT_REAL,PLT-A-PBM-C5a-ctrl,neg,98.64
SYNTHETIC_ILLUSTRATIVE_NOT_REAL,PLT-A-PBM-C5a-ctrl,neg,97.44
SYNTHETIC_ILLUSTRATIVE_NOT_REAL,PLT-A-PBM-C5a-ctrl,neg,97.67
SYNTHETIC_ILLUSTRATIVE_NOT_REAL,PLT-A-PBM-C5a-ctrl,neg,98.68
SYNTHETIC_ILLUSTRATIVE_NOT_REAL,PLT-A-PBM-C5a-ctrl,neg,97.15
SYNTHETIC_ILLUSTRATIVE_NOT_REAL,PLT-A-PBM-C5a-ctrl,pos,8.97
SYNTHETIC_ILLUSTRATIVE_NOT_REAL,PLT-A-PBM-C5a-ctrl,pos,9.29
SYNTHETIC_ILLUSTRATIVE_NOT_REAL,PLT-A-PBM-C5a-ctrl,pos,10.37
SYNTHETIC_ILLUSTRATIVE_NOT_REAL,PLT-A-PBM-C5a-ctrl,pos,10.17
SYNTHETIC_ILLUSTRATIVE_NOT_REAL,PLT-A-PBM-C5a-ctrl,pos,9.68
SYNTHETIC_ILLUSTRATIVE_NOT_REAL,PLT-A-PBM-C5a-ctrl,pos,10.27
SYNTHETIC_ILLUSTRATIVE_NOT_REAL,PLT-A-PBM-C5a-ctrl,pos,10.0
SYNTHETIC_ILLUSTRATIVE_NOT_REAL,PLT-A-PBM-C5a-ctrl,pos,9.88
SYNTHETIC_ILLUSTRATIVE_NOT_REAL,PLT-A-PBM-C1q-ctrl,neg,100.68
SYNTHETIC_ILLUSTRATIVE_NOT_REAL,PLT-A-PBM-C1q-ctrl,neg,95.95
SYNTHETIC_ILLUSTRATIVE_NOT_REAL,PLT-A-PBM-C1q-ctrl,neg,98.31
SYNTHETIC_ILLUSTRATIVE_NOT_REAL,PLT-A-PBM-C1q-ctrl,neg,100.07
SYNTHETIC_ILLUSTRATIVE_NOT_REAL,PLT-A-PBM-C1q-ctrl,neg,100.01
SYNTHETIC_ILLUSTRATIVE_NOT_REAL,PLT-A-PBM-C1q-ctrl,neg,99.79
SYNTHETIC_ILLUSTRATIVE_NOT_REAL,PLT-A-PBM-C1q-ctrl,neg,100.73
SYNTHETIC_ILLUSTRATIVE_NOT_REAL,PLT-A-PBM-C1q-ctrl,neg,100.37
SYNTHETIC_ILLUSTRATIVE_NOT_REAL,PLT-A-PBM-C1q-ctrl,pos,9.75
SYNTHETIC_ILLUSTRATIVE_NOT_REAL,PLT-A-PBM-C1q-ctrl,pos,11.29
SYNTHETIC_ILLUSTRATIVE_NOT_REAL,PLT-A-PBM-C1q-ctrl,pos,9.92
SYNTHETIC_ILLUSTRATIVE_NOT_REAL,PLT-A-PBM-C1q-ctrl,pos,12.11
SYNTHETIC_ILLUSTRATIVE_NOT_REAL,PLT-A-PBM-C1q-ctrl,pos,8.66
SYNTHETIC_ILLUSTRATIVE_NOT_REAL,PLT-A-PBM-C1q-ctrl,pos,10.72
SYNTHETIC_ILLUSTRATIVE_NOT_REAL,PLT-A-PBM-C1q-ctrl,pos,8.99
SYNTHETIC_ILLUSTRATIVE_NOT_REAL,PLT-A-PBM-C1q-ctrl,pos,8.63
SYNTHETIC_ILLUSTRATIVE_NOT_REAL,PLT-B-PHH-Cel-ctrl,neg,101.63
SYNTHETIC_ILLUSTRATIVE_NOT_REAL,PLT-B-PHH-Cel-ctrl,neg,100.67
SYNTHETIC_ILLUSTRATIVE_NOT_REAL,PLT-B-PHH-Cel-ctrl,neg,99.66
SYNTHETIC_ILLUSTRATIVE_NOT_REAL,PLT-B-PHH-Cel-ctrl,neg,100.54
SYNTHETIC_ILLUSTRATIVE_NOT_REAL,PLT-B-PHH-Cel-ctrl,neg,97.59
SYNTHETIC_ILLUSTRATIVE_NOT_REAL,PLT-B-PHH-Cel-ctrl,neg,99.36
SYNTHETIC_ILLUSTRATIVE_NOT_REAL,PLT-B-PHH-Cel-ctrl,neg,100.63
SYNTHETIC_ILLUSTRATIVE_NOT_REAL,PLT-B-PHH-Cel-ctrl,neg,101.4
SYNTHETIC_ILLUSTRATIVE_NOT_REAL,PLT-B-PHH-Cel-ctrl,pos,8.49
SYNTHETIC_ILLUSTRATIVE_NOT_REAL,PLT-B-PHH-Cel-ctrl,pos,10.36
SYNTHETIC_ILLUSTRATIVE_NOT_REAL,PLT-B-PHH-Cel-ctrl,pos,9.13
SYNTHETIC_ILLUSTRATIVE_NOT_REAL,PLT-B-PHH-Cel-ctrl,pos,8.27
SYNTHETIC_ILLUSTRATIVE_NOT_REAL,PLT-B-PHH-Cel-ctrl,pos,10.64
SYNTHETIC_ILLUSTRATIVE_NOT_REAL,PLT-B-PHH-Cel-ctrl,pos,10.88
SYNTHETIC_ILLUSTRATIVE_NOT_REAL,PLT-B-PHH-Cel-ctrl,pos,9.15
SYNTHETIC_ILLUSTRATIVE_NOT_REAL,PLT-B-PHH-LDH-ctrl,neg,96.89
SYNTHETIC_ILLUSTRATIVE_NOT_REAL,PLT-B-PHH-LDH-ctrl,neg,99.51
SYNTHETIC_ILLUSTRATIVE_NOT_REAL,PLT-B-PHH-LDH-ctrl,neg,97.32
SYNTHETIC_ILLUSTRATIVE_NOT_REAL,PLT-B-PHH-LDH-ctrl,neg,103.32
SYNTHETIC_ILLUSTRATIVE_NOT_REAL,PLT-B-PHH-LDH-ctrl,neg,102.81
SYNTHETIC_ILLUSTRATIVE_NOT_REAL,PLT-B-PHH-LDH-ctrl,neg,97.75
SYNTHETIC_ILLUSTRATIVE_NOT_REAL,PLT-B-PHH-LDH-ctrl,neg,99.96
SYNTHETIC_ILLUSTRATIVE_NOT_REAL,PLT-B-PHH-LDH-ctrl,neg,96.6
SYNTHETIC_ILLUSTRATIVE_NOT_REAL,PLT-B-PHH-LDH-ctrl,pos,9.83
SYNTHETIC_ILLUSTRATIVE_NOT_REAL,PLT-B-PHH-LDH-ctrl,pos,9.59
SYNTHETIC_ILLUSTRATIVE_NOT_REAL,PLT-B-PHH-LDH-ctrl,pos,11.55
SYNTHETIC_ILLUSTRATIVE_NOT_REAL,PLT-B-PHH-LDH-ctrl,pos,10.38
SYNTHETIC_ILLUSTRATIVE_NOT_REAL,PLT-B-PHH-LDH-ctrl,pos,10.18
SYNTHETIC_ILLUSTRATIVE_NOT_REAL,PLT-B-PHH-LDH-ctrl,pos,10.91
SYNTHETIC_ILLUSTRATIVE_NOT_REAL,PLT-B-PHH-LDH-ctrl,pos,9.66
SYNTHETIC_ILLUSTRATIVE_NOT_REAL,PLT-B-PHH-LDH-ctrl,pos,10.55
SYNTHETIC_ILLUSTRATIVE_NOT_REAL,PLT-B-PHH-ALT-ctrl,neg,98.8
SYNTHETIC_ILLUSTRATIVE_NOT_REAL,PLT-B-PHH-ALT-ctrl,neg,100.88
SYNTHETIC_ILLUSTRATIVE_NOT_REAL,PLT-B-PHH-ALT-ctrl,neg,99.05
SYNTHETIC_ILLUSTRATIVE_NOT_REAL,PLT-B-PHH-ALT-ctrl,neg,101.63
SYNTHETIC_ILLUSTRATIVE_NOT_REAL,PLT-B-PHH-ALT-ctrl,neg,99.17
SYNTHETIC_ILLUSTRATIVE_NOT_REAL,PLT-B-PHH-ALT-ctrl,neg,99.24
SYNTHETIC_ILLUSTRATIVE_NOT_REAL,PLT-B-PHH-ALT-ctrl,neg,101.98
SYNTHETIC_ILLUSTRATIVE_NOT_REAL,PLT-B-PHH-ALT-ctrl,neg,96.18
SYNTHETIC_ILLUSTRATIVE_NOT_REAL,PLT-B-PHH-ALT-ctrl,pos,10.36
SYNTHETIC_ILLUSTRATIVE_NOT_REAL,PLT-B-PHH-ALT-ctrl,pos,9.56
SYNTHETIC_ILLUSTRATIVE_NOT_REAL,PLT-B-PHH-ALT-ctrl,pos,10.56
SYNTHETIC_ILLUSTRATIVE_NOT_REAL,PLT-B-PHH-ALT-ctrl,pos,10.5
SYNTHETIC_ILLUSTRATIVE_NOT_REAL,PLT-B-PHH-ALT-ctrl,pos,9.2
SYNTHETIC_ILLUSTRATIVE_NOT_REAL,PLT-B-PHH-ALT-ctrl,pos,11.32
SYNTHETIC_ILLUSTRATIVE_NOT_REAL,PLT-B-PHH-ALT-ctrl,pos,9.66
SYNTHETIC_ILLUSTRATIVE_NOT_REAL,PLT-B-PHH-AST-ctrl,neg,101.15
SYNTHETIC_ILLUSTRATIVE_NOT_REAL,PLT-B-PHH-AST-ctrl,neg,101.87
SYNTHETIC_ILLUSTRATIVE_NOT_REAL,PLT-B-PHH-AST-ctrl,neg,98.79
SYNTHETIC_ILLUSTRATIVE_NOT_REAL,PLT-B-PHH-AST-ctrl,neg,101.44
SYNTHETIC_ILLUSTRATIVE_NOT_REAL,PLT-B-PHH-AST-ctrl,neg,97.21
SYNTHETIC_ILLUSTRATIVE_NOT_REAL,PLT-B-PHH-AST-ctrl,neg,101.2
SYNTHETIC_ILLUSTRATIVE_NOT_REAL,PLT-B-PHH-AST-ctrl,neg,101.82
SYNTHETIC_ILLUSTRATIVE_NOT_REAL,PLT-B-PHH-AST-ctrl,neg,99.41
SYNTHETIC_ILLUSTRATIVE_NOT_REAL,PLT-B-PHH-AST-ctrl,pos,10.31
SYNTHETIC_ILLUSTRATIVE_NOT_REAL,PLT-B-PHH-AST-ctrl,pos,9.64
SYNTHETIC_ILLUSTRATIVE_NOT_REAL,PLT-B-PHH-AST-ctrl,pos,9.72
SYNTHETIC_ILLUSTRATIVE_NOT_REAL,PLT-B-PHH-AST-ctrl,pos,10.15
SYNTHETIC_ILLUSTRATIVE_NOT_REAL,PLT-B-PHH-AST-ctrl,pos,10.07
SYNTHETIC_ILLUSTRATIVE_NOT_REAL,PLT-B-PHH-AST-ctrl,pos,10.33
SYNTHETIC_ILLUSTRATIVE_NOT_REAL,PLT-B-PHH-AST-ctrl,pos,9.12
SYNTHETIC_ILLUSTRATIVE_NOT_REAL,PLT-B-PHH-Cas-ctrl,neg,99.61
SYNTHETIC_ILLUSTRATIVE_NOT_REAL,PLT-B-PHH-Cas-ctrl,neg,102.66
SYNTHETIC_ILLUSTRATIVE_NOT_REAL,PLT-B-PHH-Cas-ctrl,neg,99.79
SYNTHETIC_ILLUSTRATIVE_NOT_REAL,PLT-B-PHH-Cas-ctrl,neg,100.86
SYNTHETIC_ILLUSTRATIVE_NOT_REAL,PLT-B-PHH-Cas-ctrl,neg,99.05
SYNTHETIC_ILLUSTRATIVE_NOT_REAL,PLT-B-PHH-Cas-ctrl,neg,100.1
SYNTHETIC_ILLUSTRATIVE_NOT_REAL,PLT-B-PHH-Cas-ctrl,neg,101.84
SYNTHETIC_ILLUSTRATIVE_NOT_REAL,PLT-B-PHH-Cas-ctrl,pos,10.66
SYNTHETIC_ILLUSTRATIVE_NOT_REAL,PLT-B-PHH-Cas-ctrl,pos,9.95
SYNTHETIC_ILLUSTRATIVE_NOT_REAL,PLT-B-PHH-Cas-ctrl,pos,9.02
SYNTHETIC_ILLUSTRATIVE_NOT_REAL,PLT-B-PHH-Cas-ctrl,pos,8.76
SYNTHETIC_ILLUSTRATIVE_NOT_REAL,PLT-B-PHH-Cas-ctrl,pos,9.25
SYNTHETIC_ILLUSTRATIVE_NOT_REAL,PLT-B-PHH-Cas-ctrl,pos,9.56
SYNTHETIC_ILLUSTRATIVE_NOT_REAL,PLT-B-PHH-Cas-ctrl,pos,9.37
SYNTHETIC_ILLUSTRATIVE_NOT_REAL,PLT-B-PHH-Cas-ctrl,pos,12.27
SYNTHETIC_ILLUSTRATIVE_NOT_REAL,PLT-B-PHH-HMG-ctrl,neg,99.53
SYNTHETIC_ILLUSTRATIVE_NOT_REAL,PLT-B-PHH-HMG-ctrl,neg,98.69
SYNTHETIC_ILLUSTRATIVE_NOT_REAL,PLT-B-PHH-HMG-ctrl,neg,97.49
SYNTHETIC_ILLUSTRATIVE_NOT_REAL,PLT-B-PHH-HMG-ctrl,neg,99.58
SYNTHETIC_ILLUSTRATIVE_NOT_REAL,PLT-B-PHH-HMG-ctrl,neg,99.34
SYNTHETIC_ILLUSTRATIVE_NOT_REAL,PLT-B-PHH-HMG-ctrl,neg,100.29
SYNTHETIC_ILLUSTRATIVE_NOT_REAL,PLT-B-PHH-HMG-ctrl,neg,100.01
SYNTHETIC_ILLUSTRATIVE_NOT_REAL,PLT-B-PHH-HMG-ctrl,neg,100.32
SYNTHETIC_ILLUSTRATIVE_NOT_REAL,PLT-B-PHH-HMG-ctrl,pos,9.8
SYNTHETIC_ILLUSTRATIVE_NOT_REAL,PLT-B-PHH-HMG-ctrl,pos,9.39
SYNTHETIC_ILLUSTRATIVE_NOT_REAL,PLT-B-PHH-HMG-ctrl,pos,9.9
SYNTHETIC_ILLUSTRATIVE_NOT_REAL,PLT-B-PHH-HMG-ctrl,pos,9.97
SYNTHETIC_ILLUSTRATIVE_NOT_REAL,PLT-B-PHH-HMG-ctrl,pos,10.75
SYNTHETIC_ILLUSTRATIVE_NOT_REAL,PLT-B-PHH-HMG-ctrl,pos,10.02
SYNTHETIC_ILLUSTRATIVE_NOT_REAL,PLT-B-PHH-HMG-ctrl,pos,10.63
SYNTHETIC_ILLUSTRATIVE_NOT_REAL,PLT-B-PHH-ROS-ctrl,neg,98.83
SYNTHETIC_ILLUSTRATIVE_NOT_REAL,PLT-B-PHH-ROS-ctrl,neg,96.05
SYNTHETIC_ILLUSTRATIVE_NOT_REAL,PLT-B-PHH-ROS-ctrl,neg,99.08
SYNTHETIC_ILLUSTRATIVE_NOT_REAL,PLT-B-PHH-ROS-ctrl,neg,99.36
SYNTHETIC_ILLUSTRATIVE_NOT_REAL,PLT-B-PHH-ROS-ctrl,neg,97.67
SYNTHETIC_ILLUSTRATIVE_NOT_REAL,PLT-B-PHH-ROS-ctrl,neg,102.0
SYNTHETIC_ILLUSTRATIVE_NOT_REAL,PLT-B-PHH-ROS-ctrl,neg,99.42
SYNTHETIC_ILLUSTRATIVE_NOT_REAL,PLT-B-PHH-ROS-ctrl,neg,105.95
SYNTHETIC_ILLUSTRATIVE_NOT_REAL,PLT-B-PHH-ROS-ctrl,pos,10.46
SYNTHETIC_ILLUSTRATIVE_NOT_REAL,PLT-B-PHH-ROS-ctrl,pos,9.33
SYNTHETIC_ILLUSTRATIVE_NOT_REAL,PLT-B-PHH-ROS-ctrl,pos,9.98
SYNTHETIC_ILLUSTRATIVE_NOT_REAL,PLT-B-PHH-ROS-ctrl,pos,10.57
SYNTHETIC_ILLUSTRATIVE_NOT_REAL,PLT-B-PHH-ROS-ctrl,pos,10.85
SYNTHETIC_ILLUSTRATIVE_NOT_REAL,PLT-B-PHH-ROS-ctrl,pos,9.62
SYNTHETIC_ILLUSTRATIVE_NOT_REAL,PLT-B-PHH-ROS-ctrl,pos,10.79
SYNTHETIC_ILLUSTRATIVE_NOT_REAL,PLT-B-PHH-Lip-ctrl,neg,100.3
SYNTHETIC_ILLUSTRATIVE_NOT_REAL,PLT-B-PHH-Lip-ctrl,neg,101.24
SYNTHETIC_ILLUSTRATIVE_NOT_REAL,PLT-B-PHH-Lip-ctrl,neg,99.69
SYNTHETIC_ILLUSTRATIVE_NOT_REAL,PLT-B-PHH-Lip-ctrl,neg,100.28
SYNTHETIC_ILLUSTRATIVE_NOT_REAL,PLT-B-PHH-Lip-ctrl,neg,102.8
SYNTHETIC_ILLUSTRATIVE_NOT_REAL,PLT-B-PHH-Lip-ctrl,neg,98.65
SYNTHETIC_ILLUSTRATIVE_NOT_REAL,PLT-B-PHH-Lip-ctrl,neg,99.88
SYNTHETIC_ILLUSTRATIVE_NOT_REAL,PLT-B-PHH-Lip-ctrl,neg,102.39
SYNTHETIC_ILLUSTRATIVE_NOT_REAL,PLT-B-PHH-Lip-ctrl,pos,9.0
SYNTHETIC_ILLUSTRATIVE_NOT_REAL,PLT-B-PHH-Lip-ctrl,pos,10.45
SYNTHETIC_ILLUSTRATIVE_NOT_REAL,PLT-B-PHH-Lip-ctrl,pos,7.85
SYNTHETIC_ILLUSTRATIVE_NOT_REAL,PLT-B-PHH-Lip-ctrl,pos,8.65
SYNTHETIC_ILLUSTRATIVE_NOT_REAL,PLT-B-PHH-Lip-ctrl,pos,8.66
SYNTHETIC_ILLUSTRATIVE_NOT_REAL,PLT-B-PHH-Lip-ctrl,pos,9.78
SYNTHETIC_ILLUSTRATIVE_NOT_REAL,PLT-B-PHH-Lip-ctrl,pos,9.93
SYNTHETIC_ILLUSTRATIVE_NOT_REAL,PLT-B-PHH-Lip-ctrl,pos,8.09
SYNTHETIC_ILLUSTRATIVE_NOT_REAL,PLT-B-PHH-Mit-ctrl,neg,100.46
SYNTHETIC_ILLUSTRATIVE_NOT_REAL,PLT-B-PHH-Mit-ctrl,neg,100.76
SYNTHETIC_ILLUSTRATIVE_NOT_REAL,PLT-B-PHH-Mit-ctrl,neg,100.33
SYNTHETIC_ILLUSTRATIVE_NOT_REAL,PLT-B-PHH-Mit-ctrl,neg,101.22
SYNTHETIC_ILLUSTRATIVE_NOT_REAL,PLT-B-PHH-Mit-ctrl,neg,99.78
SYNTHETIC_ILLUSTRATIVE_NOT_REAL,PLT-B-PHH-Mit-ctrl,neg,98.59
SYNTHETIC_ILLUSTRATIVE_NOT_REAL,PLT-B-PHH-Mit-ctrl,neg,100.83
SYNTHETIC_ILLUSTRATIVE_NOT_REAL,PLT-B-PHH-Mit-ctrl,neg,96.74
SYNTHETIC_ILLUSTRATIVE_NOT_REAL,PLT-B-PHH-Mit-ctrl,pos,9.95
SYNTHETIC_ILLUSTRATIVE_NOT_REAL,PLT-B-PHH-Mit-ctrl,pos,10.72
SYNTHETIC_ILLUSTRATIVE_NOT_REAL,PLT-B-PHH-Mit-ctrl,pos,10.4
SYNTHETIC_ILLUSTRATIVE_NOT_REAL,PLT-B-PHH-Mit-ctrl,pos,10.87
SYNTHETIC_ILLUSTRATIVE_NOT_REAL,PLT-B-PHH-Mit-ctrl,pos,9.76
SYNTHETIC_ILLUSTRATIVE_NOT_REAL,PLT-B-PHH-Mit-ctrl,pos,9.58
SYNTHETIC_ILLUSTRATIVE_NOT_REAL,PLT-B-PHH-Bil-ctrl,neg,99.03
SYNTHETIC_ILLUSTRATIVE_NOT_REAL,PLT-B-PHH-Bil-ctrl,neg,98.13
SYNTHETIC_ILLUSTRATIVE_NOT_REAL,PLT-B-PHH-Bil-ctrl,neg,96.97
SYNTHETIC_ILLUSTRATIVE_NOT_REAL,PLT-B-PHH-Bil-ctrl,neg,102.74
SYNTHETIC_ILLUSTRATIVE_NOT_REAL,PLT-B-PHH-Bil-ctrl,neg,95.84
SYNTHETIC_ILLUSTRATIVE_NOT_REAL,PLT-B-PHH-Bil-ctrl,neg,101.6
SYNTHETIC_ILLUSTRATIVE_NOT_REAL,PLT-B-PHH-Bil-ctrl,neg,99.14
SYNTHETIC_ILLUSTRATIVE_NOT_REAL,PLT-B-PHH-Bil-ctrl,neg,98.82
SYNTHETIC_ILLUSTRATIVE_NOT_REAL,PLT-B-PHH-Bil-ctrl,pos,9.01
SYNTHETIC_ILLUSTRATIVE_NOT_REAL,PLT-B-PHH-Bil-ctrl,pos,9.23
SYNTHETIC_ILLUSTRATIVE_NOT_REAL,PLT-B-PHH-Bil-ctrl,pos,9.63
SYNTHETIC_ILLUSTRATIVE_NOT_REAL,PLT-B-PHH-Bil-ctrl,pos,8.32
SYNTHETIC_ILLUSTRATIVE_NOT_REAL,PLT-B-PHH-Bil-ctrl,pos,10.8
SYNTHETIC_ILLUSTRATIVE_NOT_REAL,PLT-B-PHH-Bil-ctrl,pos,10.11
SYNTHETIC_ILLUSTRATIVE_NOT_REAL,PLT-B-PHH-Bil-ctrl,pos,9.96
SYNTHETIC_ILLUSTRATIVE_NOT_REAL,PLT-B-PHH-Bil-ctrl,pos,9.94
SYNTHETIC_ILLUSTRATIVE_NOT_REAL,PLT-B-PHH-Gen-ctrl,neg,100.07
SYNTHETIC_ILLUSTRATIVE_NOT_REAL,PLT-B-PHH-Gen-ctrl,neg,101.96
SYNTHETIC_ILLUSTRATIVE_NOT_REAL,PLT-B-PHH-Gen-ctrl,neg,99.11
SYNTHETIC_ILLUSTRATIVE_NOT_REAL,PLT-B-PHH-Gen-ctrl,neg,99.77
SYNTHETIC_ILLUSTRATIVE_NOT_REAL,PLT-B-PHH-Gen-ctrl,neg,99.82
SYNTHETIC_ILLUSTRATIVE_NOT_REAL,PLT-B-PHH-Gen-ctrl,neg,101.15
SYNTHETIC_ILLUSTRATIVE_NOT_REAL,PLT-B-PHH-Gen-ctrl,neg,97.86
SYNTHETIC_ILLUSTRATIVE_NOT_REAL,PLT-B-PHH-Gen-ctrl,neg,99.62
SYNTHETIC_ILLUSTRATIVE_NOT_REAL,PLT-B-PHH-Gen-ctrl,pos,9.2
SYNTHETIC_ILLUSTRATIVE_NOT_REAL,PLT-B-PHH-Gen-ctrl,pos,10.32
SYNTHETIC_ILLUSTRATIVE_NOT_REAL,PLT-B-PHH-Gen-ctrl,pos,10.63
SYNTHETIC_ILLUSTRATIVE_NOT_REAL,PLT-B-PHH-Gen-ctrl,pos,8.1
SYNTHETIC_ILLUSTRATIVE_NOT_REAL,PLT-B-PHH-Gen-ctrl,pos,10.12
SYNTHETIC_ILLUSTRATIVE_NOT_REAL,PLT-B-PHH-Gen-ctrl,pos,9.79
SYNTHETIC_ILLUSTRATIVE_NOT_REAL,PLT-B-PHH-Gen-ctrl,pos,10.54
SYNTHETIC_ILLUSTRATIVE_NOT_REAL,PLT-B-PHH-Gen-ctrl,pos,9.35
SYNTHETIC_ILLUSTRATIVE_NOT_REAL,PLT-B-PHH-RNA-ctrl,neg,97.45
SYNTHETIC_ILLUSTRATIVE_NOT_REAL,PLT-B-PHH-RNA-ctrl,neg,101.32
SYNTHETIC_ILLUSTRATIVE_NOT_REAL,PLT-B-PHH-RNA-ctrl,neg,96.6
SYNTHETIC_ILLUSTRATIVE_NOT_REAL,PLT-B-PHH-RNA-ctrl,neg,101.43
SYNTHETIC_ILLUSTRATIVE_NOT_REAL,PLT-B-PHH-RNA-ctrl,neg,102.07
SYNTHETIC_ILLUSTRATIVE_NOT_REAL,PLT-B-PHH-RNA-ctrl,neg,101.09
SYNTHETIC_ILLUSTRATIVE_NOT_REAL,PLT-B-PHH-RNA-ctrl,neg,102.53
SYNTHETIC_ILLUSTRATIVE_NOT_REAL,PLT-B-PHH-RNA-ctrl,neg,103.08
SYNTHETIC_ILLUSTRATIVE_NOT_REAL,PLT-B-PHH-RNA-ctrl,pos,9.73
SYNTHETIC_ILLUSTRATIVE_NOT_REAL,PLT-B-PHH-RNA-ctrl,pos,9.58
SYNTHETIC_ILLUSTRATIVE_NOT_REAL,PLT-B-PHH-RNA-ctrl,pos,9.59
SYNTHETIC_ILLUSTRATIVE_NOT_REAL,PLT-B-PHH-RNA-ctrl,pos,9.96
SYNTHETIC_ILLUSTRATIVE_NOT_REAL,PLT-B-PHH-RNA-ctrl,pos,9.8
SYNTHETIC_ILLUSTRATIVE_NOT_REAL,PLT-B-PHH-RNA-ctrl,pos,9.78
SYNTHETIC_ILLUSTRATIVE_NOT_REAL,PLT-B-PHH-RNA-ctrl,pos,11.38
SYNTHETIC_ILLUSTRATIVE_NOT_REAL,PLT-B-PHH-RNA-ctrl,pos,10.03
SYNTHETIC_ILLUSTRATIVE_NOT_REAL,PLT-B-PBM-IFN-ctrl,neg,100.41
SYNTHETIC_ILLUSTRATIVE_NOT_REAL,PLT-B-PBM-IFN-ctrl,neg,100.81
SYNTHETIC_ILLUSTRATIVE_NOT_REAL,PLT-B-PBM-IFN-ctrl,neg,99.73
SYNTHETIC_ILLUSTRATIVE_NOT_REAL,PLT-B-PBM-IFN-ctrl,neg,100.42
SYNTHETIC_ILLUSTRATIVE_NOT_REAL,PLT-B-PBM-IFN-ctrl,neg,104.33
SYNTHETIC_ILLUSTRATIVE_NOT_REAL,PLT-B-PBM-IFN-ctrl,neg,103.66
SYNTHETIC_ILLUSTRATIVE_NOT_REAL,PLT-B-PBM-IFN-ctrl,neg,101.86
SYNTHETIC_ILLUSTRATIVE_NOT_REAL,PLT-B-PBM-IFN-ctrl,neg,100.06
SYNTHETIC_ILLUSTRATIVE_NOT_REAL,PLT-B-PBM-IFN-ctrl,pos,11.63
SYNTHETIC_ILLUSTRATIVE_NOT_REAL,PLT-B-PBM-IFN-ctrl,pos,9.47
SYNTHETIC_ILLUSTRATIVE_NOT_REAL,PLT-B-PBM-IFN-ctrl,pos,8.55
SYNTHETIC_ILLUSTRATIVE_NOT_REAL,PLT-B-PBM-IFN-ctrl,pos,9.22
SYNTHETIC_ILLUSTRATIVE_NOT_REAL,PLT-B-PBM-IFN-ctrl,pos,8.1
SYNTHETIC_ILLUSTRATIVE_NOT_REAL,PLT-B-PBM-IFN-ctrl,pos,9.1
SYNTHETIC_ILLUSTRATIVE_NOT_REAL,PLT-B-PBM-IFN-ctrl,pos,9.64
SYNTHETIC_ILLUSTRATIVE_NOT_REAL,PLT-B-PBM-IFN-ctrl,neg,99.66
SYNTHETIC_ILLUSTRATIVE_NOT_REAL,PLT-B-PBM-IFN-ctrl,neg,101.05
SYNTHETIC_ILLUSTRATIVE_NOT_REAL,PLT-B-PBM-IFN-ctrl,neg,97.75
SYNTHETIC_ILLUSTRATIVE_NOT_REAL,PLT-B-PBM-IFN-ctrl,neg,102.4
SYNTHETIC_ILLUSTRATIVE_NOT_REAL,PLT-B-PBM-IFN-ctrl,neg,100.03
SYNTHETIC_ILLUSTRATIVE_NOT_REAL,PLT-B-PBM-IFN-ctrl,neg,104.57
SYNTHETIC_ILLUSTRATIVE_NOT_REAL,PLT-B-PBM-IFN-ctrl,neg,95.73
SYNTHETIC_ILLUSTRATIVE_NOT_REAL,PLT-B-PBM-IFN-ctrl,neg,98.2
SYNTHETIC_ILLUSTRATIVE_NOT_REAL,PLT-B-PBM-IFN-ctrl,pos,8.77
SYNTHETIC_ILLUSTRATIVE_NOT_REAL,PLT-B-PBM-IFN-ctrl,pos,10.0
SYNTHETIC_ILLUSTRATIVE_NOT_REAL,PLT-B-PBM-IFN-ctrl,pos,10.29
SYNTHETIC_ILLUSTRATIVE_NOT_REAL,PLT-B-PBM-IFN-ctrl,pos,9.5
SYNTHETIC_ILLUSTRATIVE_NOT_REAL,PLT-B-PBM-IFN-ctrl,pos,10.12
SYNTHETIC_ILLUSTRATIVE_NOT_REAL,PLT-B-PBM-IFN-ctrl,pos,9.34
SYNTHETIC_ILLUSTRATIVE_NOT_REAL,PLT-B-PBM-IFN-ctrl,pos,9.94
SYNTHETIC_ILLUSTRATIVE_NOT_REAL,PLT-B-PBM-IL1-ctrl,neg,98.77
SYNTHETIC_ILLUSTRATIVE_NOT_REAL,PLT-B-PBM-IL1-ctrl,neg,102.24
SYNTHETIC_ILLUSTRATIVE_NOT_REAL,PLT-B-PBM-IL1-ctrl,neg,100.84
SYNTHETIC_ILLUSTRATIVE_NOT_REAL,PLT-B-PBM-IL1-ctrl,neg,99.86
SYNTHETIC_ILLUSTRATIVE_NOT_REAL,PLT-B-PBM-IL1-ctrl,neg,98.91
SYNTHETIC_ILLUSTRATIVE_NOT_REAL,PLT-B-PBM-IL1-ctrl,neg,100.32
SYNTHETIC_ILLUSTRATIVE_NOT_REAL,PLT-B-PBM-IL1-ctrl,neg,106.68
SYNTHETIC_ILLUSTRATIVE_NOT_REAL,PLT-B-PBM-IL1-ctrl,neg,100.24
SYNTHETIC_ILLUSTRATIVE_NOT_REAL,PLT-B-PBM-IL1-ctrl,pos,9.2
SYNTHETIC_ILLUSTRATIVE_NOT_REAL,PLT-B-PBM-IL1-ctrl,pos,8.67
SYNTHETIC_ILLUSTRATIVE_NOT_REAL,PLT-B-PBM-IL1-ctrl,pos,10.4
SYNTHETIC_ILLUSTRATIVE_NOT_REAL,PLT-B-PBM-IL1-ctrl,pos,9.25
SYNTHETIC_ILLUSTRATIVE_NOT_REAL,PLT-B-PBM-IL1-ctrl,pos,11.11
SYNTHETIC_ILLUSTRATIVE_NOT_REAL,PLT-B-PBM-IL1-ctrl,pos,11.02
SYNTHETIC_ILLUSTRATIVE_NOT_REAL,PLT-B-PBM-IL1-ctrl,pos,9.39
SYNTHETIC_ILLUSTRATIVE_NOT_REAL,PLT-B-PBM-IL6-ctrl,neg,97.93
SYNTHETIC_ILLUSTRATIVE_NOT_REAL,PLT-B-PBM-IL6-ctrl,neg,98.35
SYNTHETIC_ILLUSTRATIVE_NOT_REAL,PLT-B-PBM-IL6-ctrl,neg,102.29
SYNTHETIC_ILLUSTRATIVE_NOT_REAL,PLT-B-PBM-IL6-ctrl,neg,101.89
SYNTHETIC_ILLUSTRATIVE_NOT_REAL,PLT-B-PBM-IL6-ctrl,neg,100.4
SYNTHETIC_ILLUSTRATIVE_NOT_REAL,PLT-B-PBM-IL6-ctrl,neg,103.39
SYNTHETIC_ILLUSTRATIVE_NOT_REAL,PLT-B-PBM-IL6-ctrl,neg,98.59
SYNTHETIC_ILLUSTRATIVE_NOT_REAL,PLT-B-PBM-IL6-ctrl,neg,101.87
SYNTHETIC_ILLUSTRATIVE_NOT_REAL,PLT-B-PBM-IL6-ctrl,pos,9.67
SYNTHETIC_ILLUSTRATIVE_NOT_REAL,PLT-B-PBM-IL6-ctrl,pos,8.37
SYNTHETIC_ILLUSTRATIVE_NOT_REAL,PLT-B-PBM-IL6-ctrl,pos,10.69
SYNTHETIC_ILLUSTRATIVE_NOT_REAL,PLT-B-PBM-IL6-ctrl,pos,10.26
SYNTHETIC_ILLUSTRATIVE_NOT_REAL,PLT-B-PBM-IL6-ctrl,pos,8.88
SYNTHETIC_ILLUSTRATIVE_NOT_REAL,PLT-B-PBM-IL6-ctrl,pos,9.72
SYNTHETIC_ILLUSTRATIVE_NOT_REAL,PLT-B-PBM-IL6-ctrl,pos,10.41
SYNTHETIC_ILLUSTRATIVE_NOT_REAL,PLT-B-PBM-IL6-ctrl,pos,9.73
SYNTHETIC_ILLUSTRATIVE_NOT_REAL,PLT-B-PBM-IL8-ctrl,neg,94.88
SYNTHETIC_ILLUSTRATIVE_NOT_REAL,PLT-B-PBM-IL8-ctrl,neg,96.55
SYNTHETIC_ILLUSTRATIVE_NOT_REAL,PLT-B-PBM-IL8-ctrl,neg,99.13
SYNTHETIC_ILLUSTRATIVE_NOT_REAL,PLT-B-PBM-IL8-ctrl,neg,101.64
SYNTHETIC_ILLUSTRATIVE_NOT_REAL,PLT-B-PBM-IL8-ctrl,neg,100.85
SYNTHETIC_ILLUSTRATIVE_NOT_REAL,PLT-B-PBM-IL8-ctrl,neg,98.91
SYNTHETIC_ILLUSTRATIVE_NOT_REAL,PLT-B-PBM-IL8-ctrl,neg,97.12
SYNTHETIC_ILLUSTRATIVE_NOT_REAL,PLT-B-PBM-IL8-ctrl,pos,9.7
SYNTHETIC_ILLUSTRATIVE_NOT_REAL,PLT-B-PBM-IL8-ctrl,pos,10.88
SYNTHETIC_ILLUSTRATIVE_NOT_REAL,PLT-B-PBM-IL8-ctrl,pos,12.21
SYNTHETIC_ILLUSTRATIVE_NOT_REAL,PLT-B-PBM-IL8-ctrl,pos,9.44
SYNTHETIC_ILLUSTRATIVE_NOT_REAL,PLT-B-PBM-IL8-ctrl,pos,9.15
SYNTHETIC_ILLUSTRATIVE_NOT_REAL,PLT-B-PBM-IL8-ctrl,pos,10.17
SYNTHETIC_ILLUSTRATIVE_NOT_REAL,PLT-B-PBM-IL8-ctrl,pos,10.2
SYNTHETIC_ILLUSTRATIVE_NOT_REAL,PLT-B-PBM-IL8-ctrl,pos,10.62
SYNTHETIC_ILLUSTRATIVE_NOT_REAL,PLT-B-PBM-IL1-ctrl,neg,100.72
SYNTHETIC_ILLUSTRATIVE_NOT_REAL,PLT-B-PBM-IL1-ctrl,neg,103.87
SYNTHETIC_ILLUSTRATIVE_NOT_REAL,PLT-B-PBM-IL1-ctrl,neg,100.81
SYNTHETIC_ILLUSTRATIVE_NOT_REAL,PLT-B-PBM-IL1-ctrl,neg,99.48
SYNTHETIC_ILLUSTRATIVE_NOT_REAL,PLT-B-PBM-IL1-ctrl,neg,100.55
SYNTHETIC_ILLUSTRATIVE_NOT_REAL,PLT-B-PBM-IL1-ctrl,neg,99.39
SYNTHETIC_ILLUSTRATIVE_NOT_REAL,PLT-B-PBM-IL1-ctrl,neg,99.98
SYNTHETIC_ILLUSTRATIVE_NOT_REAL,PLT-B-PBM-IL1-ctrl,pos,10.65
SYNTHETIC_ILLUSTRATIVE_NOT_REAL,PLT-B-PBM-IL1-ctrl,pos,9.77
SYNTHETIC_ILLUSTRATIVE_NOT_REAL,PLT-B-PBM-IL1-ctrl,pos,9.99
SYNTHETIC_ILLUSTRATIVE_NOT_REAL,PLT-B-PBM-IL1-ctrl,pos,8.76
SYNTHETIC_ILLUSTRATIVE_NOT_REAL,PLT-B-PBM-IL1-ctrl,pos,11.21
SYNTHETIC_ILLUSTRATIVE_NOT_REAL,PLT-B-PBM-IL1-ctrl,pos,11.42
SYNTHETIC_ILLUSTRATIVE_NOT_REAL,PLT-B-PBM-IL1-ctrl,pos,9.52
SYNTHETIC_ILLUSTRATIVE_NOT_REAL,PLT-B-PBM-IL1-ctrl,neg,99.13
SYNTHETIC_ILLUSTRATIVE_NOT_REAL,PLT-B-PBM-IL1-ctrl,neg,100.61
SYNTHETIC_ILLUSTRATIVE_NOT_REAL,PLT-B-PBM-IL1-ctrl,neg,100.08
SYNTHETIC_ILLUSTRATIVE_NOT_REAL,PLT-B-PBM-IL1-ctrl,neg,101.64
SYNTHETIC_ILLUSTRATIVE_NOT_REAL,PLT-B-PBM-IL1-ctrl,neg,102.12
SYNTHETIC_ILLUSTRATIVE_NOT_REAL,PLT-B-PBM-IL1-ctrl,neg,101.16
SYNTHETIC_ILLUSTRATIVE_NOT_REAL,PLT-B-PBM-IL1-ctrl,neg,97.97
SYNTHETIC_ILLUSTRATIVE_NOT_REAL,PLT-B-PBM-IL1-ctrl,neg,99.11
SYNTHETIC_ILLUSTRATIVE_NOT_REAL,PLT-B-PBM-IL1-ctrl,pos,9.27
SYNTHETIC_ILLUSTRATIVE_NOT_REAL,PLT-B-PBM-IL1-ctrl,pos,10.9
SYNTHETIC_ILLUSTRATIVE_NOT_REAL,PLT-B-PBM-IL1-ctrl,pos,10.34
SYNTHETIC_ILLUSTRATIVE_NOT_REAL,PLT-B-PBM-IL1-ctrl,pos,11.06
SYNTHETIC_ILLUSTRATIVE_NOT_REAL,PLT-B-PBM-IL1-ctrl,pos,10.16
SYNTHETIC_ILLUSTRATIVE_NOT_REAL,PLT-B-PBM-IL1-ctrl,pos,9.17
SYNTHETIC_ILLUSTRATIVE_NOT_REAL,PLT-B-PBM-IL1-ctrl,pos,9.22
SYNTHETIC_ILLUSTRATIVE_NOT_REAL,PLT-B-PBM-TNF-ctrl,neg,100.25
SYNTHETIC_ILLUSTRATIVE_NOT_REAL,PLT-B-PBM-TNF-ctrl,neg,103.21
SYNTHETIC_ILLUSTRATIVE_NOT_REAL,PLT-B-PBM-TNF-ctrl,neg,103.73
SYNTHETIC_ILLUSTRATIVE_NOT_REAL,PLT-B-PBM-TNF-ctrl,neg,98.01
SYNTHETIC_ILLUSTRATIVE_NOT_REAL,PLT-B-PBM-TNF-ctrl,neg,99.81
SYNTHETIC_ILLUSTRATIVE_NOT_REAL,PLT-B-PBM-TNF-ctrl,neg,101.21
SYNTHETIC_ILLUSTRATIVE_NOT_REAL,PLT-B-PBM-TNF-ctrl,neg,99.36
SYNTHETIC_ILLUSTRATIVE_NOT_REAL,PLT-B-PBM-TNF-ctrl,neg,97.05
SYNTHETIC_ILLUSTRATIVE_NOT_REAL,PLT-B-PBM-TNF-ctrl,pos,9.45
SYNTHETIC_ILLUSTRATIVE_NOT_REAL,PLT-B-PBM-TNF-ctrl,pos,9.25
SYNTHETIC_ILLUSTRATIVE_NOT_REAL,PLT-B-PBM-TNF-ctrl,pos,9.12
SYNTHETIC_ILLUSTRATIVE_NOT_REAL,PLT-B-PBM-TNF-ctrl,pos,10.15
SYNTHETIC_ILLUSTRATIVE_NOT_REAL,PLT-B-PBM-TNF-ctrl,pos,9.97
SYNTHETIC_ILLUSTRATIVE_NOT_REAL,PLT-B-PBM-TNF-ctrl,pos,9.32
SYNTHETIC_ILLUSTRATIVE_NOT_REAL,PLT-B-PBM-TNF-ctrl,pos,11.28
SYNTHETIC_ILLUSTRATIVE_NOT_REAL,PLT-B-PBM-TNF-ctrl,pos,9.82
SYNTHETIC_ILLUSTRATIVE_NOT_REAL,PLT-B-PBM-MCP-ctrl,neg,98.21
SYNTHETIC_ILLUSTRATIVE_NOT_REAL,PLT-B-PBM-MCP-ctrl,neg,97.75
SYNTHETIC_ILLUSTRATIVE_NOT_REAL,PLT-B-PBM-MCP-ctrl,neg,98.72
SYNTHETIC_ILLUSTRATIVE_NOT_REAL,PLT-B-PBM-MCP-ctrl,neg,100.13
SYNTHETIC_ILLUSTRATIVE_NOT_REAL,PLT-B-PBM-MCP-ctrl,neg,99.76
SYNTHETIC_ILLUSTRATIVE_NOT_REAL,PLT-B-PBM-MCP-ctrl,neg,101.55
SYNTHETIC_ILLUSTRATIVE_NOT_REAL,PLT-B-PBM-MCP-ctrl,neg,98.74
SYNTHETIC_ILLUSTRATIVE_NOT_REAL,PLT-B-PBM-MCP-ctrl,pos,9.65
SYNTHETIC_ILLUSTRATIVE_NOT_REAL,PLT-B-PBM-MCP-ctrl,pos,9.27
SYNTHETIC_ILLUSTRATIVE_NOT_REAL,PLT-B-PBM-MCP-ctrl,pos,11.65
SYNTHETIC_ILLUSTRATIVE_NOT_REAL,PLT-B-PBM-MCP-ctrl,pos,9.34
SYNTHETIC_ILLUSTRATIVE_NOT_REAL,PLT-B-PBM-MCP-ctrl,pos,10.46
SYNTHETIC_ILLUSTRATIVE_NOT_REAL,PLT-B-PBM-MCP-ctrl,pos,10.4
SYNTHETIC_ILLUSTRATIVE_NOT_REAL,PLT-B-PBM-MCP-ctrl,pos,9.15
SYNTHETIC_ILLUSTRATIVE_NOT_REAL,PLT-B-PBM-MCP-ctrl,pos,10.59
SYNTHETIC_ILLUSTRATIVE_NOT_REAL,PLT-B-PBM-IP1-ctrl,neg,102.41
SYNTHETIC_ILLUSTRATIVE_NOT_REAL,PLT-B-PBM-IP1-ctrl,neg,102.65
SYNTHETIC_ILLUSTRATIVE_NOT_REAL,PLT-B-PBM-IP1-ctrl,neg,99.03
SYNTHETIC_ILLUSTRATIVE_NOT_REAL,PLT-B-PBM-IP1-ctrl,neg,97.02
SYNTHETIC_ILLUSTRATIVE_NOT_REAL,PLT-B-PBM-IP1-ctrl,neg,98.4
SYNTHETIC_ILLUSTRATIVE_NOT_REAL,PLT-B-PBM-IP1-ctrl,neg,100.32
SYNTHETIC_ILLUSTRATIVE_NOT_REAL,PLT-B-PBM-IP1-ctrl,neg,103.07
SYNTHETIC_ILLUSTRATIVE_NOT_REAL,PLT-B-PBM-IP1-ctrl,neg,99.5
SYNTHETIC_ILLUSTRATIVE_NOT_REAL,PLT-B-PBM-IP1-ctrl,pos,10.73
SYNTHETIC_ILLUSTRATIVE_NOT_REAL,PLT-B-PBM-IP1-ctrl,pos,10.61
SYNTHETIC_ILLUSTRATIVE_NOT_REAL,PLT-B-PBM-IP1-ctrl,pos,8.82
SYNTHETIC_ILLUSTRATIVE_NOT_REAL,PLT-B-PBM-IP1-ctrl,pos,10.9
SYNTHETIC_ILLUSTRATIVE_NOT_REAL,PLT-B-PBM-IP1-ctrl,pos,11.02
SYNTHETIC_ILLUSTRATIVE_NOT_REAL,PLT-B-PBM-IP1-ctrl,pos,9.91
SYNTHETIC_ILLUSTRATIVE_NOT_REAL,PLT-B-PBM-IP1-ctrl,pos,10.96
SYNTHETIC_ILLUSTRATIVE_NOT_REAL,PLT-B-PBM-GM_-ctrl,neg,99.52
SYNTHETIC_ILLUSTRATIVE_NOT_REAL,PLT-B-PBM-GM_-ctrl,neg,100.16
SYNTHETIC_ILLUSTRATIVE_NOT_REAL,PLT-B-PBM-GM_-ctrl,neg,102.71
SYNTHETIC_ILLUSTRATIVE_NOT_REAL,PLT-B-PBM-GM_-ctrl,neg,101.13
SYNTHETIC_ILLUSTRATIVE_NOT_REAL,PLT-B-PBM-GM_-ctrl,neg,100.18
SYNTHETIC_ILLUSTRATIVE_NOT_REAL,PLT-B-PBM-GM_-ctrl,neg,102.6
SYNTHETIC_ILLUSTRATIVE_NOT_REAL,PLT-B-PBM-GM_-ctrl,neg,96.67
SYNTHETIC_ILLUSTRATIVE_NOT_REAL,PLT-B-PBM-GM_-ctrl,neg,98.76
SYNTHETIC_ILLUSTRATIVE_NOT_REAL,PLT-B-PBM-GM_-ctrl,pos,12.42
SYNTHETIC_ILLUSTRATIVE_NOT_REAL,PLT-B-PBM-GM_-ctrl,pos,10.6
SYNTHETIC_ILLUSTRATIVE_NOT_REAL,PLT-B-PBM-GM_-ctrl,pos,11.27
SYNTHETIC_ILLUSTRATIVE_NOT_REAL,PLT-B-PBM-GM_-ctrl,pos,9.33
SYNTHETIC_ILLUSTRATIVE_NOT_REAL,PLT-B-PBM-GM_-ctrl,pos,11.59
SYNTHETIC_ILLUSTRATIVE_NOT_REAL,PLT-B-PBM-GM_-ctrl,pos,8.98
SYNTHETIC_ILLUSTRATIVE_NOT_REAL,PLT-B-PBM-GM_-ctrl,pos,10.47
SYNTHETIC_ILLUSTRATIVE_NOT_REAL,PLT-B-PBM-GM_-ctrl,pos,10.27
SYNTHETIC_ILLUSTRATIVE_NOT_REAL,PLT-B-PBM-IL4-ctrl,neg,99.69
SYNTHETIC_ILLUSTRATIVE_NOT_REAL,PLT-B-PBM-IL4-ctrl,neg,99.53
SYNTHETIC_ILLUSTRATIVE_NOT_REAL,PLT-B-PBM-IL4-ctrl,neg,105.34
SYNTHETIC_ILLUSTRATIVE_NOT_REAL,PLT-B-PBM-IL4-ctrl,neg,102.49
SYNTHETIC_ILLUSTRATIVE_NOT_REAL,PLT-B-PBM-IL4-ctrl,neg,100.31
SYNTHETIC_ILLUSTRATIVE_NOT_REAL,PLT-B-PBM-IL4-ctrl,neg,95.8
SYNTHETIC_ILLUSTRATIVE_NOT_REAL,PLT-B-PBM-IL4-ctrl,neg,99.09
SYNTHETIC_ILLUSTRATIVE_NOT_REAL,PLT-B-PBM-IL4-ctrl,neg,101.91
SYNTHETIC_ILLUSTRATIVE_NOT_REAL,PLT-B-PBM-IL4-ctrl,pos,10.25
SYNTHETIC_ILLUSTRATIVE_NOT_REAL,PLT-B-PBM-IL4-ctrl,pos,9.77
SYNTHETIC_ILLUSTRATIVE_NOT_REAL,PLT-B-PBM-IL4-ctrl,pos,10.66
SYNTHETIC_ILLUSTRATIVE_NOT_REAL,PLT-B-PBM-IL4-ctrl,pos,9.39
SYNTHETIC_ILLUSTRATIVE_NOT_REAL,PLT-B-PBM-IL4-ctrl,pos,10.15
SYNTHETIC_ILLUSTRATIVE_NOT_REAL,PLT-B-PBM-IL4-ctrl,pos,10.6
SYNTHETIC_ILLUSTRATIVE_NOT_REAL,PLT-B-PBM-IL4-ctrl,pos,10.61
SYNTHETIC_ILLUSTRATIVE_NOT_REAL,PLT-B-PBM-IL1-ctrl,neg,99.74
SYNTHETIC_ILLUSTRATIVE_NOT_REAL,PLT-B-PBM-IL1-ctrl,neg,96.3
SYNTHETIC_ILLUSTRATIVE_NOT_REAL,PLT-B-PBM-IL1-ctrl,neg,99.02
SYNTHETIC_ILLUSTRATIVE_NOT_REAL,PLT-B-PBM-IL1-ctrl,neg,98.33
SYNTHETIC_ILLUSTRATIVE_NOT_REAL,PLT-B-PBM-IL1-ctrl,neg,96.39
SYNTHETIC_ILLUSTRATIVE_NOT_REAL,PLT-B-PBM-IL1-ctrl,neg,96.5
SYNTHETIC_ILLUSTRATIVE_NOT_REAL,PLT-B-PBM-IL1-ctrl,neg,99.96
SYNTHETIC_ILLUSTRATIVE_NOT_REAL,PLT-B-PBM-IL1-ctrl,neg,101.01
SYNTHETIC_ILLUSTRATIVE_NOT_REAL,PLT-B-PBM-IL1-ctrl,pos,10.37
SYNTHETIC_ILLUSTRATIVE_NOT_REAL,PLT-B-PBM-IL1-ctrl,pos,9.24
SYNTHETIC_ILLUSTRATIVE_NOT_REAL,PLT-B-PBM-IL1-ctrl,pos,10.77
SYNTHETIC_ILLUSTRATIVE_NOT_REAL,PLT-B-PBM-IL1-ctrl,pos,10.05
SYNTHETIC_ILLUSTRATIVE_NOT_REAL,PLT-B-PBM-IL1-ctrl,pos,9.21
SYNTHETIC_ILLUSTRATIVE_NOT_REAL,PLT-B-PBM-TLR-ctrl,neg,102.25
SYNTHETIC_ILLUSTRATIVE_NOT_REAL,PLT-B-PBM-TLR-ctrl,neg,99.03
SYNTHETIC_ILLUSTRATIVE_NOT_REAL,PLT-B-PBM-TLR-ctrl,neg,101.0
SYNTHETIC_ILLUSTRATIVE_NOT_REAL,PLT-B-PBM-TLR-ctrl,neg,98.7
SYNTHETIC_ILLUSTRATIVE_NOT_REAL,PLT-B-PBM-TLR-ctrl,neg,96.95
SYNTHETIC_ILLUSTRATIVE_NOT_REAL,PLT-B-PBM-TLR-ctrl,neg,96.02
SYNTHETIC_ILLUSTRATIVE_NOT_REAL,PLT-B-PBM-TLR-ctrl,neg,101.35
SYNTHETIC_ILLUSTRATIVE_NOT_REAL,PLT-B-PBM-TLR-ctrl,neg,99.17
SYNTHETIC_ILLUSTRATIVE_NOT_REAL,PLT-B-PBM-TLR-ctrl,pos,8.64
SYNTHETIC_ILLUSTRATIVE_NOT_REAL,PLT-B-PBM-TLR-ctrl,pos,11.31
SYNTHETIC_ILLUSTRATIVE_NOT_REAL,PLT-B-PBM-TLR-ctrl,pos,9.48
SYNTHETIC_ILLUSTRATIVE_NOT_REAL,PLT-B-PBM-TLR-ctrl,pos,8.49
SYNTHETIC_ILLUSTRATIVE_NOT_REAL,PLT-B-PBM-TLR-ctrl,pos,8.85
SYNTHETIC_ILLUSTRATIVE_NOT_REAL,PLT-B-PBM-TLR-ctrl,pos,9.45
SYNTHETIC_ILLUSTRATIVE_NOT_REAL,PLT-B-PBM-TLR-ctrl,pos,10.72
SYNTHETIC_ILLUSTRATIVE_NOT_REAL,PLT-B-PBM-NK_-ctrl,neg,101.46
SYNTHETIC_ILLUSTRATIVE_NOT_REAL,PLT-B-PBM-NK_-ctrl,neg,101.19
SYNTHETIC_ILLUSTRATIVE_NOT_REAL,PLT-B-PBM-NK_-ctrl,neg,99.34
SYNTHETIC_ILLUSTRATIVE_NOT_REAL,PLT-B-PBM-NK_-ctrl,neg,101.68
SYNTHETIC_ILLUSTRATIVE_NOT_REAL,PLT-B-PBM-NK_-ctrl,neg,98.82
SYNTHETIC_ILLUSTRATIVE_NOT_REAL,PLT-B-PBM-NK_-ctrl,neg,102.09
SYNTHETIC_ILLUSTRATIVE_NOT_REAL,PLT-B-PBM-NK_-ctrl,neg,101.29
SYNTHETIC_ILLUSTRATIVE_NOT_REAL,PLT-B-PBM-NK_-ctrl,neg,98.95
SYNTHETIC_ILLUSTRATIVE_NOT_REAL,PLT-B-PBM-NK_-ctrl,pos,10.66
SYNTHETIC_ILLUSTRATIVE_NOT_REAL,PLT-B-PBM-NK_-ctrl,pos,9.64
SYNTHETIC_ILLUSTRATIVE_NOT_REAL,PLT-B-PBM-NK_-ctrl,pos,9.17
SYNTHETIC_ILLUSTRATIVE_NOT_REAL,PLT-B-PBM-NK_-ctrl,pos,10.16
SYNTHETIC_ILLUSTRATIVE_NOT_REAL,PLT-B-PBM-NK_-ctrl,pos,11.06
SYNTHETIC_ILLUSTRATIVE_NOT_REAL,PLT-B-PBM-NK_-ctrl,pos,9.54
SYNTHETIC_ILLUSTRATIVE_NOT_REAL,PLT-B-PBM-C3a-ctrl,neg,102.79
SYNTHETIC_ILLUSTRATIVE_NOT_REAL,PLT-B-PBM-C3a-ctrl,neg,99.01
SYNTHETIC_ILLUSTRATIVE_NOT_REAL,PLT-B-PBM-C3a-ctrl,neg,99.26
SYNTHETIC_ILLUSTRATIVE_NOT_REAL,PLT-B-PBM-C3a-ctrl,neg,100.64
SYNTHETIC_ILLUSTRATIVE_NOT_REAL,PLT-B-PBM-C3a-ctrl,neg,103.09
SYNTHETIC_ILLUSTRATIVE_NOT_REAL,PLT-B-PBM-C3a-ctrl,neg,101.91
SYNTHETIC_ILLUSTRATIVE_NOT_REAL,PLT-B-PBM-C3a-ctrl,neg,99.19
SYNTHETIC_ILLUSTRATIVE_NOT_REAL,PLT-B-PBM-C3a-ctrl,neg,101.27
SYNTHETIC_ILLUSTRATIVE_NOT_REAL,PLT-B-PBM-C3a-ctrl,pos,10.47
SYNTHETIC_ILLUSTRATIVE_NOT_REAL,PLT-B-PBM-C3a-ctrl,pos,9.71
SYNTHETIC_ILLUSTRATIVE_NOT_REAL,PLT-B-PBM-C3a-ctrl,pos,9.54
SYNTHETIC_ILLUSTRATIVE_NOT_REAL,PLT-B-PBM-C3a-ctrl,pos,8.57
SYNTHETIC_ILLUSTRATIVE_NOT_REAL,PLT-B-PBM-C3a-ctrl,pos,8.86
SYNTHETIC_ILLUSTRATIVE_NOT_REAL,PLT-B-PBM-C3a-ctrl,pos,9.24
SYNTHETIC_ILLUSTRATIVE_NOT_REAL,PLT-B-PBM-C3a-ctrl,pos,11.37
SYNTHETIC_ILLUSTRATIVE_NOT_REAL,PLT-B-PBM-C3a-ctrl,pos,10.17
SYNTHETIC_ILLUSTRATIVE_NOT_REAL,PLT-B-PBM-C5a-ctrl,neg,99.29
SYNTHETIC_ILLUSTRATIVE_NOT_REAL,PLT-B-PBM-C5a-ctrl,neg,99.55
SYNTHETIC_ILLUSTRATIVE_NOT_REAL,PLT-B-PBM-C5a-ctrl,neg,97.58
SYNTHETIC_ILLUSTRATIVE_NOT_REAL,PLT-B-PBM-C5a-ctrl,neg,100.38
SYNTHETIC_ILLUSTRATIVE_NOT_REAL,PLT-B-PBM-C5a-ctrl,neg,99.84
SYNTHETIC_ILLUSTRATIVE_NOT_REAL,PLT-B-PBM-C5a-ctrl,neg,101.25
SYNTHETIC_ILLUSTRATIVE_NOT_REAL,PLT-B-PBM-C5a-ctrl,neg,97.28
SYNTHETIC_ILLUSTRATIVE_NOT_REAL,PLT-B-PBM-C5a-ctrl,neg,101.46
SYNTHETIC_ILLUSTRATIVE_NOT_REAL,PLT-B-PBM-C5a-ctrl,pos,10.83
SYNTHETIC_ILLUSTRATIVE_NOT_REAL,PLT-B-PBM-C5a-ctrl,pos,10.27
SYNTHETIC_ILLUSTRATIVE_NOT_REAL,PLT-B-PBM-C5a-ctrl,pos,9.33
SYNTHETIC_ILLUSTRATIVE_NOT_REAL,PLT-B-PBM-C5a-ctrl,pos,9.32
SYNTHETIC_ILLUSTRATIVE_NOT_REAL,PLT-B-PBM-C5a-ctrl,pos,9.9
SYNTHETIC_ILLUSTRATIVE_NOT_REAL,PLT-B-PBM-C5a-ctrl,pos,10.24
SYNTHETIC_ILLUSTRATIVE_NOT_REAL,PLT-B-PBM-C5a-ctrl,pos,10.38
SYNTHETIC_ILLUSTRATIVE_NOT_REAL,PLT-B-PBM-C5a-ctrl,pos,10.03
SYNTHETIC_ILLUSTRATIVE_NOT_REAL,PLT-B-PBM-C1q-ctrl,neg,104.87
SYNTHETIC_ILLUSTRATIVE_NOT_REAL,PLT-B-PBM-C1q-ctrl,neg,98.58
SYNTHETIC_ILLUSTRATIVE_NOT_REAL,PLT-B-PBM-C1q-ctrl,neg,101.01
SYNTHETIC_ILLUSTRATIVE_NOT_REAL,PLT-B-PBM-C1q-ctrl,neg,100.37
SYNTHETIC_ILLUSTRATIVE_NOT_REAL,PLT-B-PBM-C1q-ctrl,neg,104.24
SYNTHETIC_ILLUSTRATIVE_NOT_REAL,PLT-B-PBM-C1q-ctrl,neg,103.09
SYNTHETIC_ILLUSTRATIVE_NOT_REAL,PLT-B-PBM-C1q-ctrl,neg,103.93
SYNTHETIC_ILLUSTRATIVE_NOT_REAL,PLT-B-PBM-C1q-ctrl,neg,101.15
SYNTHETIC_ILLUSTRATIVE_NOT_REAL,PLT-B-PBM-C1q-ctrl,pos,10.32
SYNTHETIC_ILLUSTRATIVE_NOT_REAL,PLT-B-PBM-C1q-ctrl,pos,10.04
SYNTHETIC_ILLUSTRATIVE_NOT_REAL,PLT-B-PBM-C1q-ctrl,pos,9.71
SYNTHETIC_ILLUSTRATIVE_NOT_REAL,PLT-B-PBM-C1q-ctrl,pos,9.38
SYNTHETIC_ILLUSTRATIVE_NOT_REAL,PLT-B-PBM-C1q-ctrl,pos,10.26
SYNTHETIC_ILLUSTRATIVE_NOT_REAL,PLT-B-PBM-C1q-ctrl,pos,8.76
SYNTHETIC_ILLUSTRATIVE_NOT_REAL,PLT-C-PHH-Cel-ctrl,neg,99.11
SYNTHETIC_ILLUSTRATIVE_NOT_REAL,PLT-C-PHH-Cel-ctrl,neg,101.33
SYNTHETIC_ILLUSTRATIVE_NOT_REAL,PLT-C-PHH-Cel-ctrl,neg,99.64
SYNTHETIC_ILLUSTRATIVE_NOT_REAL,PLT-C-PHH-Cel-ctrl,neg,98.91
SYNTHETIC_ILLUSTRATIVE_NOT_REAL,PLT-C-PHH-Cel-ctrl,neg,98.36
SYNTHETIC_ILLUSTRATIVE_NOT_REAL,PLT-C-PHH-Cel-ctrl,neg,97.09
SYNTHETIC_ILLUSTRATIVE_NOT_REAL,PLT-C-PHH-Cel-ctrl,neg,101.24
SYNTHETIC_ILLUSTRATIVE_NOT_REAL,PLT-C-PHH-Cel-ctrl,pos,7.75
SYNTHETIC_ILLUSTRATIVE_NOT_REAL,PLT-C-PHH-Cel-ctrl,pos,10.4
SYNTHETIC_ILLUSTRATIVE_NOT_REAL,PLT-C-PHH-Cel-ctrl,pos,10.39
SYNTHETIC_ILLUSTRATIVE_NOT_REAL,PLT-C-PHH-Cel-ctrl,pos,10.04
SYNTHETIC_ILLUSTRATIVE_NOT_REAL,PLT-C-PHH-Cel-ctrl,pos,9.72
SYNTHETIC_ILLUSTRATIVE_NOT_REAL,PLT-C-PHH-Cel-ctrl,pos,10.73
SYNTHETIC_ILLUSTRATIVE_NOT_REAL,PLT-C-PHH-Cel-ctrl,pos,10.63
SYNTHETIC_ILLUSTRATIVE_NOT_REAL,PLT-C-PHH-LDH-ctrl,neg,98.88
SYNTHETIC_ILLUSTRATIVE_NOT_REAL,PLT-C-PHH-LDH-ctrl,neg,99.03
SYNTHETIC_ILLUSTRATIVE_NOT_REAL,PLT-C-PHH-LDH-ctrl,neg,101.42
SYNTHETIC_ILLUSTRATIVE_NOT_REAL,PLT-C-PHH-LDH-ctrl,neg,101.4
SYNTHETIC_ILLUSTRATIVE_NOT_REAL,PLT-C-PHH-LDH-ctrl,neg,100.04
SYNTHETIC_ILLUSTRATIVE_NOT_REAL,PLT-C-PHH-LDH-ctrl,neg,96.35
SYNTHETIC_ILLUSTRATIVE_NOT_REAL,PLT-C-PHH-LDH-ctrl,neg,101.08
SYNTHETIC_ILLUSTRATIVE_NOT_REAL,PLT-C-PHH-LDH-ctrl,neg,99.36
SYNTHETIC_ILLUSTRATIVE_NOT_REAL,PLT-C-PHH-LDH-ctrl,pos,8.48
SYNTHETIC_ILLUSTRATIVE_NOT_REAL,PLT-C-PHH-LDH-ctrl,pos,9.54
SYNTHETIC_ILLUSTRATIVE_NOT_REAL,PLT-C-PHH-LDH-ctrl,pos,9.34
SYNTHETIC_ILLUSTRATIVE_NOT_REAL,PLT-C-PHH-LDH-ctrl,pos,9.97
SYNTHETIC_ILLUSTRATIVE_NOT_REAL,PLT-C-PHH-LDH-ctrl,pos,10.24
SYNTHETIC_ILLUSTRATIVE_NOT_REAL,PLT-C-PHH-LDH-ctrl,pos,11.26
SYNTHETIC_ILLUSTRATIVE_NOT_REAL,PLT-C-PHH-LDH-ctrl,pos,9.43
SYNTHETIC_ILLUSTRATIVE_NOT_REAL,PLT-C-PHH-LDH-ctrl,pos,10.09
SYNTHETIC_ILLUSTRATIVE_NOT_REAL,PLT-C-PHH-ALT-ctrl,neg,102.46
SYNTHETIC_ILLUSTRATIVE_NOT_REAL,PLT-C-PHH-ALT-ctrl,neg,99.41
SYNTHETIC_ILLUSTRATIVE_NOT_REAL,PLT-C-PHH-ALT-ctrl,neg,98.64
SYNTHETIC_ILLUSTRATIVE_NOT_REAL,PLT-C-PHH-ALT-ctrl,neg,100.4
SYNTHETIC_ILLUSTRATIVE_NOT_REAL,PLT-C-PHH-ALT-ctrl,neg,98.98
SYNTHETIC_ILLUSTRATIVE_NOT_REAL,PLT-C-PHH-ALT-ctrl,neg,98.21
SYNTHETIC_ILLUSTRATIVE_NOT_REAL,PLT-C-PHH-ALT-ctrl,neg,99.74
SYNTHETIC_ILLUSTRATIVE_NOT_REAL,PLT-C-PHH-ALT-ctrl,pos,9.74
SYNTHETIC_ILLUSTRATIVE_NOT_REAL,PLT-C-PHH-ALT-ctrl,pos,10.34
SYNTHETIC_ILLUSTRATIVE_NOT_REAL,PLT-C-PHH-ALT-ctrl,pos,10.46
SYNTHETIC_ILLUSTRATIVE_NOT_REAL,PLT-C-PHH-ALT-ctrl,pos,10.98
SYNTHETIC_ILLUSTRATIVE_NOT_REAL,PLT-C-PHH-ALT-ctrl,pos,10.24
SYNTHETIC_ILLUSTRATIVE_NOT_REAL,PLT-C-PHH-ALT-ctrl,pos,10.18
SYNTHETIC_ILLUSTRATIVE_NOT_REAL,PLT-C-PHH-ALT-ctrl,pos,10.38
SYNTHETIC_ILLUSTRATIVE_NOT_REAL,PLT-C-PHH-ALT-ctrl,pos,10.13
SYNTHETIC_ILLUSTRATIVE_NOT_REAL,PLT-C-PHH-AST-ctrl,neg,98.9
SYNTHETIC_ILLUSTRATIVE_NOT_REAL,PLT-C-PHH-AST-ctrl,neg,100.24
SYNTHETIC_ILLUSTRATIVE_NOT_REAL,PLT-C-PHH-AST-ctrl,neg,97.52
SYNTHETIC_ILLUSTRATIVE_NOT_REAL,PLT-C-PHH-AST-ctrl,neg,99.25
SYNTHETIC_ILLUSTRATIVE_NOT_REAL,PLT-C-PHH-AST-ctrl,neg,102.82
SYNTHETIC_ILLUSTRATIVE_NOT_REAL,PLT-C-PHH-AST-ctrl,neg,100.89
SYNTHETIC_ILLUSTRATIVE_NOT_REAL,PLT-C-PHH-AST-ctrl,neg,97.6
SYNTHETIC_ILLUSTRATIVE_NOT_REAL,PLT-C-PHH-AST-ctrl,neg,98.48
SYNTHETIC_ILLUSTRATIVE_NOT_REAL,PLT-C-PHH-AST-ctrl,pos,8.78
SYNTHETIC_ILLUSTRATIVE_NOT_REAL,PLT-C-PHH-AST-ctrl,pos,11.76
SYNTHETIC_ILLUSTRATIVE_NOT_REAL,PLT-C-PHH-AST-ctrl,pos,9.6
SYNTHETIC_ILLUSTRATIVE_NOT_REAL,PLT-C-PHH-AST-ctrl,pos,8.99
SYNTHETIC_ILLUSTRATIVE_NOT_REAL,PLT-C-PHH-AST-ctrl,pos,11.19
SYNTHETIC_ILLUSTRATIVE_NOT_REAL,PLT-C-PHH-AST-ctrl,pos,10.03
SYNTHETIC_ILLUSTRATIVE_NOT_REAL,PLT-C-PHH-AST-ctrl,pos,9.16
SYNTHETIC_ILLUSTRATIVE_NOT_REAL,PLT-C-PHH-AST-ctrl,pos,9.23
SYNTHETIC_ILLUSTRATIVE_NOT_REAL,PLT-C-PHH-Cas-ctrl,neg,100.61
SYNTHETIC_ILLUSTRATIVE_NOT_REAL,PLT-C-PHH-Cas-ctrl,neg,101.53
SYNTHETIC_ILLUSTRATIVE_NOT_REAL,PLT-C-PHH-Cas-ctrl,neg,98.96
SYNTHETIC_ILLUSTRATIVE_NOT_REAL,PLT-C-PHH-Cas-ctrl,neg,97.49
SYNTHETIC_ILLUSTRATIVE_NOT_REAL,PLT-C-PHH-Cas-ctrl,neg,97.74
SYNTHETIC_ILLUSTRATIVE_NOT_REAL,PLT-C-PHH-Cas-ctrl,neg,98.98
SYNTHETIC_ILLUSTRATIVE_NOT_REAL,PLT-C-PHH-Cas-ctrl,neg,102.36
SYNTHETIC_ILLUSTRATIVE_NOT_REAL,PLT-C-PHH-Cas-ctrl,neg,99.98
SYNTHETIC_ILLUSTRATIVE_NOT_REAL,PLT-C-PHH-Cas-ctrl,pos,9.6
SYNTHETIC_ILLUSTRATIVE_NOT_REAL,PLT-C-PHH-Cas-ctrl,pos,10.05
SYNTHETIC_ILLUSTRATIVE_NOT_REAL,PLT-C-PHH-Cas-ctrl,pos,9.41
SYNTHETIC_ILLUSTRATIVE_NOT_REAL,PLT-C-PHH-Cas-ctrl,pos,10.68
SYNTHETIC_ILLUSTRATIVE_NOT_REAL,PLT-C-PHH-Cas-ctrl,pos,10.61
SYNTHETIC_ILLUSTRATIVE_NOT_REAL,PLT-C-PHH-Cas-ctrl,pos,9.36
SYNTHETIC_ILLUSTRATIVE_NOT_REAL,PLT-C-PHH-Cas-ctrl,pos,11.35
SYNTHETIC_ILLUSTRATIVE_NOT_REAL,PLT-C-PHH-Cas-ctrl,pos,9.01
SYNTHETIC_ILLUSTRATIVE_NOT_REAL,PLT-C-PHH-HMG-ctrl,neg,101.45
SYNTHETIC_ILLUSTRATIVE_NOT_REAL,PLT-C-PHH-HMG-ctrl,neg,99.21
SYNTHETIC_ILLUSTRATIVE_NOT_REAL,PLT-C-PHH-HMG-ctrl,neg,99.07
SYNTHETIC_ILLUSTRATIVE_NOT_REAL,PLT-C-PHH-HMG-ctrl,neg,101.47
SYNTHETIC_ILLUSTRATIVE_NOT_REAL,PLT-C-PHH-HMG-ctrl,neg,98.49
SYNTHETIC_ILLUSTRATIVE_NOT_REAL,PLT-C-PHH-HMG-ctrl,neg,100.55
SYNTHETIC_ILLUSTRATIVE_NOT_REAL,PLT-C-PHH-HMG-ctrl,neg,100.11
SYNTHETIC_ILLUSTRATIVE_NOT_REAL,PLT-C-PHH-HMG-ctrl,neg,98.38
SYNTHETIC_ILLUSTRATIVE_NOT_REAL,PLT-C-PHH-HMG-ctrl,pos,11.85
SYNTHETIC_ILLUSTRATIVE_NOT_REAL,PLT-C-PHH-HMG-ctrl,pos,10.14
SYNTHETIC_ILLUSTRATIVE_NOT_REAL,PLT-C-PHH-HMG-ctrl,pos,11.72
SYNTHETIC_ILLUSTRATIVE_NOT_REAL,PLT-C-PHH-HMG-ctrl,pos,10.88
SYNTHETIC_ILLUSTRATIVE_NOT_REAL,PLT-C-PHH-HMG-ctrl,pos,10.85
SYNTHETIC_ILLUSTRATIVE_NOT_REAL,PLT-C-PHH-HMG-ctrl,pos,9.51
SYNTHETIC_ILLUSTRATIVE_NOT_REAL,PLT-C-PHH-HMG-ctrl,pos,9.57
SYNTHETIC_ILLUSTRATIVE_NOT_REAL,PLT-C-PHH-HMG-ctrl,pos,10.07
SYNTHETIC_ILLUSTRATIVE_NOT_REAL,PLT-C-PHH-ROS-ctrl,neg,100.27
SYNTHETIC_ILLUSTRATIVE_NOT_REAL,PLT-C-PHH-ROS-ctrl,neg,100.92
SYNTHETIC_ILLUSTRATIVE_NOT_REAL,PLT-C-PHH-ROS-ctrl,neg,100.17
SYNTHETIC_ILLUSTRATIVE_NOT_REAL,PLT-C-PHH-ROS-ctrl,neg,102.29
SYNTHETIC_ILLUSTRATIVE_NOT_REAL,PLT-C-PHH-ROS-ctrl,neg,100.11
SYNTHETIC_ILLUSTRATIVE_NOT_REAL,PLT-C-PHH-ROS-ctrl,neg,100.34
SYNTHETIC_ILLUSTRATIVE_NOT_REAL,PLT-C-PHH-ROS-ctrl,neg,101.75
SYNTHETIC_ILLUSTRATIVE_NOT_REAL,PLT-C-PHH-ROS-ctrl,pos,10.35
SYNTHETIC_ILLUSTRATIVE_NOT_REAL,PLT-C-PHH-ROS-ctrl,pos,10.02
SYNTHETIC_ILLUSTRATIVE_NOT_REAL,PLT-C-PHH-ROS-ctrl,pos,10.54
SYNTHETIC_ILLUSTRATIVE_NOT_REAL,PLT-C-PHH-ROS-ctrl,pos,9.36
SYNTHETIC_ILLUSTRATIVE_NOT_REAL,PLT-C-PHH-ROS-ctrl,pos,11.04
SYNTHETIC_ILLUSTRATIVE_NOT_REAL,PLT-C-PHH-ROS-ctrl,pos,9.51
SYNTHETIC_ILLUSTRATIVE_NOT_REAL,PLT-C-PHH-Lip-ctrl,neg,98.19
SYNTHETIC_ILLUSTRATIVE_NOT_REAL,PLT-C-PHH-Lip-ctrl,neg,100.83
SYNTHETIC_ILLUSTRATIVE_NOT_REAL,PLT-C-PHH-Lip-ctrl,neg,97.05
SYNTHETIC_ILLUSTRATIVE_NOT_REAL,PLT-C-PHH-Lip-ctrl,neg,101.17
SYNTHETIC_ILLUSTRATIVE_NOT_REAL,PLT-C-PHH-Lip-ctrl,neg,102.79
SYNTHETIC_ILLUSTRATIVE_NOT_REAL,PLT-C-PHH-Lip-ctrl,neg,103.57
SYNTHETIC_ILLUSTRATIVE_NOT_REAL,PLT-C-PHH-Lip-ctrl,neg,97.56
SYNTHETIC_ILLUSTRATIVE_NOT_REAL,PLT-C-PHH-Lip-ctrl,neg,99.21
SYNTHETIC_ILLUSTRATIVE_NOT_REAL,PLT-C-PHH-Lip-ctrl,pos,10.64
SYNTHETIC_ILLUSTRATIVE_NOT_REAL,PLT-C-PHH-Lip-ctrl,pos,9.64
SYNTHETIC_ILLUSTRATIVE_NOT_REAL,PLT-C-PHH-Lip-ctrl,pos,10.35
SYNTHETIC_ILLUSTRATIVE_NOT_REAL,PLT-C-PHH-Lip-ctrl,pos,8.68
SYNTHETIC_ILLUSTRATIVE_NOT_REAL,PLT-C-PHH-Lip-ctrl,pos,10.47
SYNTHETIC_ILLUSTRATIVE_NOT_REAL,PLT-C-PHH-Lip-ctrl,pos,9.47
SYNTHETIC_ILLUSTRATIVE_NOT_REAL,PLT-C-PHH-Mit-ctrl,neg,96.44
SYNTHETIC_ILLUSTRATIVE_NOT_REAL,PLT-C-PHH-Mit-ctrl,neg,93.64
SYNTHETIC_ILLUSTRATIVE_NOT_REAL,PLT-C-PHH-Mit-ctrl,neg,97.91
SYNTHETIC_ILLUSTRATIVE_NOT_REAL,PLT-C-PHH-Mit-ctrl,neg,100.17
SYNTHETIC_ILLUSTRATIVE_NOT_REAL,PLT-C-PHH-Mit-ctrl,neg,99.29
SYNTHETIC_ILLUSTRATIVE_NOT_REAL,PLT-C-PHH-Mit-ctrl,neg,101.01
SYNTHETIC_ILLUSTRATIVE_NOT_REAL,PLT-C-PHH-Mit-ctrl,neg,99.1
SYNTHETIC_ILLUSTRATIVE_NOT_REAL,PLT-C-PHH-Mit-ctrl,neg,101.27
SYNTHETIC_ILLUSTRATIVE_NOT_REAL,PLT-C-PHH-Mit-ctrl,pos,10.35
SYNTHETIC_ILLUSTRATIVE_NOT_REAL,PLT-C-PHH-Mit-ctrl,pos,9.67
SYNTHETIC_ILLUSTRATIVE_NOT_REAL,PLT-C-PHH-Mit-ctrl,pos,9.05
SYNTHETIC_ILLUSTRATIVE_NOT_REAL,PLT-C-PHH-Mit-ctrl,pos,8.49
SYNTHETIC_ILLUSTRATIVE_NOT_REAL,PLT-C-PHH-Mit-ctrl,pos,10.53
SYNTHETIC_ILLUSTRATIVE_NOT_REAL,PLT-C-PHH-Mit-ctrl,pos,9.97
SYNTHETIC_ILLUSTRATIVE_NOT_REAL,PLT-C-PHH-Mit-ctrl,pos,8.54
SYNTHETIC_ILLUSTRATIVE_NOT_REAL,PLT-C-PHH-Mit-ctrl,pos,9.37
SYNTHETIC_ILLUSTRATIVE_NOT_REAL,PLT-C-PHH-Bil-ctrl,neg,100.33
SYNTHETIC_ILLUSTRATIVE_NOT_REAL,PLT-C-PHH-Bil-ctrl,neg,101.33
SYNTHETIC_ILLUSTRATIVE_NOT_REAL,PLT-C-PHH-Bil-ctrl,neg,98.9
SYNTHETIC_ILLUSTRATIVE_NOT_REAL,PLT-C-PHH-Bil-ctrl,neg,100.06
SYNTHETIC_ILLUSTRATIVE_NOT_REAL,PLT-C-PHH-Bil-ctrl,neg,103.56
SYNTHETIC_ILLUSTRATIVE_NOT_REAL,PLT-C-PHH-Bil-ctrl,neg,98.39
SYNTHETIC_ILLUSTRATIVE_NOT_REAL,PLT-C-PHH-Bil-ctrl,neg,99.24
SYNTHETIC_ILLUSTRATIVE_NOT_REAL,PLT-C-PHH-Bil-ctrl,neg,98.94
SYNTHETIC_ILLUSTRATIVE_NOT_REAL,PLT-C-PHH-Bil-ctrl,pos,10.63
SYNTHETIC_ILLUSTRATIVE_NOT_REAL,PLT-C-PHH-Bil-ctrl,pos,9.29
SYNTHETIC_ILLUSTRATIVE_NOT_REAL,PLT-C-PHH-Bil-ctrl,pos,8.95
SYNTHETIC_ILLUSTRATIVE_NOT_REAL,PLT-C-PHH-Bil-ctrl,pos,9.41
SYNTHETIC_ILLUSTRATIVE_NOT_REAL,PLT-C-PHH-Bil-ctrl,pos,8.86
SYNTHETIC_ILLUSTRATIVE_NOT_REAL,PLT-C-PHH-Bil-ctrl,pos,11.5
SYNTHETIC_ILLUSTRATIVE_NOT_REAL,PLT-C-PHH-Bil-ctrl,pos,10.54
SYNTHETIC_ILLUSTRATIVE_NOT_REAL,PLT-C-PHH-Gen-ctrl,neg,101.79
SYNTHETIC_ILLUSTRATIVE_NOT_REAL,PLT-C-PHH-Gen-ctrl,neg,96.73
SYNTHETIC_ILLUSTRATIVE_NOT_REAL,PLT-C-PHH-Gen-ctrl,neg,102.4
SYNTHETIC_ILLUSTRATIVE_NOT_REAL,PLT-C-PHH-Gen-ctrl,neg,99.66
SYNTHETIC_ILLUSTRATIVE_NOT_REAL,PLT-C-PHH-Gen-ctrl,neg,98.6
SYNTHETIC_ILLUSTRATIVE_NOT_REAL,PLT-C-PHH-Gen-ctrl,neg,100.31
SYNTHETIC_ILLUSTRATIVE_NOT_REAL,PLT-C-PHH-Gen-ctrl,neg,100.15
SYNTHETIC_ILLUSTRATIVE_NOT_REAL,PLT-C-PHH-Gen-ctrl,pos,9.0
SYNTHETIC_ILLUSTRATIVE_NOT_REAL,PLT-C-PHH-Gen-ctrl,pos,7.79
SYNTHETIC_ILLUSTRATIVE_NOT_REAL,PLT-C-PHH-Gen-ctrl,pos,10.77
SYNTHETIC_ILLUSTRATIVE_NOT_REAL,PLT-C-PHH-Gen-ctrl,pos,10.04
SYNTHETIC_ILLUSTRATIVE_NOT_REAL,PLT-C-PHH-Gen-ctrl,pos,10.59
SYNTHETIC_ILLUSTRATIVE_NOT_REAL,PLT-C-PHH-Gen-ctrl,pos,8.11
SYNTHETIC_ILLUSTRATIVE_NOT_REAL,PLT-C-PHH-Gen-ctrl,pos,9.71
SYNTHETIC_ILLUSTRATIVE_NOT_REAL,PLT-C-PHH-Gen-ctrl,pos,9.24
SYNTHETIC_ILLUSTRATIVE_NOT_REAL,PLT-C-PHH-RNA-ctrl,neg,102.54
SYNTHETIC_ILLUSTRATIVE_NOT_REAL,PLT-C-PHH-RNA-ctrl,neg,100.14
SYNTHETIC_ILLUSTRATIVE_NOT_REAL,PLT-C-PHH-RNA-ctrl,neg,101.29
SYNTHETIC_ILLUSTRATIVE_NOT_REAL,PLT-C-PHH-RNA-ctrl,neg,98.06
SYNTHETIC_ILLUSTRATIVE_NOT_REAL,PLT-C-PHH-RNA-ctrl,neg,100.03
SYNTHETIC_ILLUSTRATIVE_NOT_REAL,PLT-C-PHH-RNA-ctrl,neg,99.03
SYNTHETIC_ILLUSTRATIVE_NOT_REAL,PLT-C-PHH-RNA-ctrl,neg,98.03
SYNTHETIC_ILLUSTRATIVE_NOT_REAL,PLT-C-PHH-RNA-ctrl,neg,101.95
SYNTHETIC_ILLUSTRATIVE_NOT_REAL,PLT-C-PHH-RNA-ctrl,pos,9.48
SYNTHETIC_ILLUSTRATIVE_NOT_REAL,PLT-C-PHH-RNA-ctrl,pos,10.27
SYNTHETIC_ILLUSTRATIVE_NOT_REAL,PLT-C-PHH-RNA-ctrl,pos,9.75
SYNTHETIC_ILLUSTRATIVE_NOT_REAL,PLT-C-PHH-RNA-ctrl,pos,10.73
SYNTHETIC_ILLUSTRATIVE_NOT_REAL,PLT-C-PHH-RNA-ctrl,pos,10.35
SYNTHETIC_ILLUSTRATIVE_NOT_REAL,PLT-C-PHH-RNA-ctrl,pos,8.76
SYNTHETIC_ILLUSTRATIVE_NOT_REAL,PLT-C-PHH-RNA-ctrl,pos,12.11
SYNTHETIC_ILLUSTRATIVE_NOT_REAL,PLT-C-PBM-IFN-ctrl,neg,102.61
SYNTHETIC_ILLUSTRATIVE_NOT_REAL,PLT-C-PBM-IFN-ctrl,neg,102.53
SYNTHETIC_ILLUSTRATIVE_NOT_REAL,PLT-C-PBM-IFN-ctrl,neg,99.99
SYNTHETIC_ILLUSTRATIVE_NOT_REAL,PLT-C-PBM-IFN-ctrl,neg,101.99
SYNTHETIC_ILLUSTRATIVE_NOT_REAL,PLT-C-PBM-IFN-ctrl,neg,100.59
SYNTHETIC_ILLUSTRATIVE_NOT_REAL,PLT-C-PBM-IFN-ctrl,neg,98.24
SYNTHETIC_ILLUSTRATIVE_NOT_REAL,PLT-C-PBM-IFN-ctrl,neg,101.27
SYNTHETIC_ILLUSTRATIVE_NOT_REAL,PLT-C-PBM-IFN-ctrl,pos,10.36
SYNTHETIC_ILLUSTRATIVE_NOT_REAL,PLT-C-PBM-IFN-ctrl,pos,9.1
SYNTHETIC_ILLUSTRATIVE_NOT_REAL,PLT-C-PBM-IFN-ctrl,pos,10.97
SYNTHETIC_ILLUSTRATIVE_NOT_REAL,PLT-C-PBM-IFN-ctrl,pos,10.63
SYNTHETIC_ILLUSTRATIVE_NOT_REAL,PLT-C-PBM-IFN-ctrl,pos,8.98
SYNTHETIC_ILLUSTRATIVE_NOT_REAL,PLT-C-PBM-IFN-ctrl,neg,102.85
SYNTHETIC_ILLUSTRATIVE_NOT_REAL,PLT-C-PBM-IFN-ctrl,neg,95.67
SYNTHETIC_ILLUSTRATIVE_NOT_REAL,PLT-C-PBM-IFN-ctrl,neg,97.73
SYNTHETIC_ILLUSTRATIVE_NOT_REAL,PLT-C-PBM-IFN-ctrl,neg,97.44
SYNTHETIC_ILLUSTRATIVE_NOT_REAL,PLT-C-PBM-IFN-ctrl,neg,100.53
SYNTHETIC_ILLUSTRATIVE_NOT_REAL,PLT-C-PBM-IFN-ctrl,neg,103.2
SYNTHETIC_ILLUSTRATIVE_NOT_REAL,PLT-C-PBM-IFN-ctrl,neg,97.19
SYNTHETIC_ILLUSTRATIVE_NOT_REAL,PLT-C-PBM-IFN-ctrl,neg,99.78
SYNTHETIC_ILLUSTRATIVE_NOT_REAL,PLT-C-PBM-IFN-ctrl,pos,11.07
SYNTHETIC_ILLUSTRATIVE_NOT_REAL,PLT-C-PBM-IFN-ctrl,pos,9.14
SYNTHETIC_ILLUSTRATIVE_NOT_REAL,PLT-C-PBM-IFN-ctrl,pos,11.77
SYNTHETIC_ILLUSTRATIVE_NOT_REAL,PLT-C-PBM-IFN-ctrl,pos,9.06
SYNTHETIC_ILLUSTRATIVE_NOT_REAL,PLT-C-PBM-IFN-ctrl,pos,9.31
SYNTHETIC_ILLUSTRATIVE_NOT_REAL,PLT-C-PBM-IFN-ctrl,pos,8.57
SYNTHETIC_ILLUSTRATIVE_NOT_REAL,PLT-C-PBM-IFN-ctrl,pos,10.4
SYNTHETIC_ILLUSTRATIVE_NOT_REAL,PLT-C-PBM-IFN-ctrl,pos,8.64
SYNTHETIC_ILLUSTRATIVE_NOT_REAL,PLT-C-PBM-IL1-ctrl,neg,95.49
SYNTHETIC_ILLUSTRATIVE_NOT_REAL,PLT-C-PBM-IL1-ctrl,neg,103.15
SYNTHETIC_ILLUSTRATIVE_NOT_REAL,PLT-C-PBM-IL1-ctrl,neg,99.49
SYNTHETIC_ILLUSTRATIVE_NOT_REAL,PLT-C-PBM-IL1-ctrl,neg,97.33
SYNTHETIC_ILLUSTRATIVE_NOT_REAL,PLT-C-PBM-IL1-ctrl,neg,101.14
SYNTHETIC_ILLUSTRATIVE_NOT_REAL,PLT-C-PBM-IL1-ctrl,neg,101.49
SYNTHETIC_ILLUSTRATIVE_NOT_REAL,PLT-C-PBM-IL1-ctrl,neg,101.42
SYNTHETIC_ILLUSTRATIVE_NOT_REAL,PLT-C-PBM-IL1-ctrl,neg,100.86
SYNTHETIC_ILLUSTRATIVE_NOT_REAL,PLT-C-PBM-IL1-ctrl,pos,11.22
SYNTHETIC_ILLUSTRATIVE_NOT_REAL,PLT-C-PBM-IL1-ctrl,pos,9.91
SYNTHETIC_ILLUSTRATIVE_NOT_REAL,PLT-C-PBM-IL1-ctrl,pos,10.46
SYNTHETIC_ILLUSTRATIVE_NOT_REAL,PLT-C-PBM-IL1-ctrl,pos,12.03
SYNTHETIC_ILLUSTRATIVE_NOT_REAL,PLT-C-PBM-IL1-ctrl,pos,10.09
SYNTHETIC_ILLUSTRATIVE_NOT_REAL,PLT-C-PBM-IL1-ctrl,pos,8.77
SYNTHETIC_ILLUSTRATIVE_NOT_REAL,PLT-C-PBM-IL1-ctrl,pos,11.17
SYNTHETIC_ILLUSTRATIVE_NOT_REAL,PLT-C-PBM-IL6-ctrl,neg,98.84
SYNTHETIC_ILLUSTRATIVE_NOT_REAL,PLT-C-PBM-IL6-ctrl,neg,95.78
SYNTHETIC_ILLUSTRATIVE_NOT_REAL,PLT-C-PBM-IL6-ctrl,neg,101.75
SYNTHETIC_ILLUSTRATIVE_NOT_REAL,PLT-C-PBM-IL6-ctrl,neg,96.0
SYNTHETIC_ILLUSTRATIVE_NOT_REAL,PLT-C-PBM-IL6-ctrl,neg,99.45
SYNTHETIC_ILLUSTRATIVE_NOT_REAL,PLT-C-PBM-IL6-ctrl,neg,97.19
SYNTHETIC_ILLUSTRATIVE_NOT_REAL,PLT-C-PBM-IL6-ctrl,neg,99.64
SYNTHETIC_ILLUSTRATIVE_NOT_REAL,PLT-C-PBM-IL6-ctrl,neg,99.34
SYNTHETIC_ILLUSTRATIVE_NOT_REAL,PLT-C-PBM-IL6-ctrl,pos,9.53
SYNTHETIC_ILLUSTRATIVE_NOT_REAL,PLT-C-PBM-IL6-ctrl,pos,10.32
SYNTHETIC_ILLUSTRATIVE_NOT_REAL,PLT-C-PBM-IL6-ctrl,pos,9.66
SYNTHETIC_ILLUSTRATIVE_NOT_REAL,PLT-C-PBM-IL6-ctrl,pos,10.61
SYNTHETIC_ILLUSTRATIVE_NOT_REAL,PLT-C-PBM-IL6-ctrl,pos,10.15
SYNTHETIC_ILLUSTRATIVE_NOT_REAL,PLT-C-PBM-IL6-ctrl,pos,9.05
SYNTHETIC_ILLUSTRATIVE_NOT_REAL,PLT-C-PBM-IL6-ctrl,pos,9.67
SYNTHETIC_ILLUSTRATIVE_NOT_REAL,PLT-C-PBM-IL8-ctrl,neg,96.98
SYNTHETIC_ILLUSTRATIVE_NOT_REAL,PLT-C-PBM-IL8-ctrl,neg,101.64
SYNTHETIC_ILLUSTRATIVE_NOT_REAL,PLT-C-PBM-IL8-ctrl,neg,96.89
SYNTHETIC_ILLUSTRATIVE_NOT_REAL,PLT-C-PBM-IL8-ctrl,neg,96.07
SYNTHETIC_ILLUSTRATIVE_NOT_REAL,PLT-C-PBM-IL8-ctrl,neg,98.04
SYNTHETIC_ILLUSTRATIVE_NOT_REAL,PLT-C-PBM-IL8-ctrl,neg,103.55
SYNTHETIC_ILLUSTRATIVE_NOT_REAL,PLT-C-PBM-IL8-ctrl,neg,101.8
SYNTHETIC_ILLUSTRATIVE_NOT_REAL,PLT-C-PBM-IL8-ctrl,neg,101.91
SYNTHETIC_ILLUSTRATIVE_NOT_REAL,PLT-C-PBM-IL8-ctrl,pos,9.48
SYNTHETIC_ILLUSTRATIVE_NOT_REAL,PLT-C-PBM-IL8-ctrl,pos,10.23
SYNTHETIC_ILLUSTRATIVE_NOT_REAL,PLT-C-PBM-IL8-ctrl,pos,9.21
SYNTHETIC_ILLUSTRATIVE_NOT_REAL,PLT-C-PBM-IL8-ctrl,pos,9.8
SYNTHETIC_ILLUSTRATIVE_NOT_REAL,PLT-C-PBM-IL8-ctrl,pos,10.84
SYNTHETIC_ILLUSTRATIVE_NOT_REAL,PLT-C-PBM-IL8-ctrl,pos,10.81
SYNTHETIC_ILLUSTRATIVE_NOT_REAL,PLT-C-PBM-IL8-ctrl,pos,9.87
SYNTHETIC_ILLUSTRATIVE_NOT_REAL,PLT-C-PBM-IL8-ctrl,pos,9.27
SYNTHETIC_ILLUSTRATIVE_NOT_REAL,PLT-C-PBM-IL1-ctrl,neg,98.28
SYNTHETIC_ILLUSTRATIVE_NOT_REAL,PLT-C-PBM-IL1-ctrl,neg,98.37
SYNTHETIC_ILLUSTRATIVE_NOT_REAL,PLT-C-PBM-IL1-ctrl,neg,101.88
SYNTHETIC_ILLUSTRATIVE_NOT_REAL,PLT-C-PBM-IL1-ctrl,neg,98.21
SYNTHETIC_ILLUSTRATIVE_NOT_REAL,PLT-C-PBM-IL1-ctrl,neg,98.91
SYNTHETIC_ILLUSTRATIVE_NOT_REAL,PLT-C-PBM-IL1-ctrl,pos,10.54
SYNTHETIC_ILLUSTRATIVE_NOT_REAL,PLT-C-PBM-IL1-ctrl,pos,8.99
SYNTHETIC_ILLUSTRATIVE_NOT_REAL,PLT-C-PBM-IL1-ctrl,pos,9.86
SYNTHETIC_ILLUSTRATIVE_NOT_REAL,PLT-C-PBM-IL1-ctrl,pos,9.46
SYNTHETIC_ILLUSTRATIVE_NOT_REAL,PLT-C-PBM-IL1-ctrl,pos,11.34
SYNTHETIC_ILLUSTRATIVE_NOT_REAL,PLT-C-PBM-IL1-ctrl,neg,98.95
SYNTHETIC_ILLUSTRATIVE_NOT_REAL,PLT-C-PBM-IL1-ctrl,neg,98.05
SYNTHETIC_ILLUSTRATIVE_NOT_REAL,PLT-C-PBM-IL1-ctrl,neg,99.66
SYNTHETIC_ILLUSTRATIVE_NOT_REAL,PLT-C-PBM-IL1-ctrl,neg,97.68
SYNTHETIC_ILLUSTRATIVE_NOT_REAL,PLT-C-PBM-IL1-ctrl,neg,99.68
SYNTHETIC_ILLUSTRATIVE_NOT_REAL,PLT-C-PBM-IL1-ctrl,neg,100.32
SYNTHETIC_ILLUSTRATIVE_NOT_REAL,PLT-C-PBM-IL1-ctrl,neg,99.25
SYNTHETIC_ILLUSTRATIVE_NOT_REAL,PLT-C-PBM-IL1-ctrl,neg,100.9
SYNTHETIC_ILLUSTRATIVE_NOT_REAL,PLT-C-PBM-IL1-ctrl,pos,10.78
SYNTHETIC_ILLUSTRATIVE_NOT_REAL,PLT-C-PBM-IL1-ctrl,pos,8.91
SYNTHETIC_ILLUSTRATIVE_NOT_REAL,PLT-C-PBM-IL1-ctrl,pos,9.94
SYNTHETIC_ILLUSTRATIVE_NOT_REAL,PLT-C-PBM-IL1-ctrl,pos,9.77
SYNTHETIC_ILLUSTRATIVE_NOT_REAL,PLT-C-PBM-IL1-ctrl,pos,10.81
SYNTHETIC_ILLUSTRATIVE_NOT_REAL,PLT-C-PBM-IL1-ctrl,pos,10.92
SYNTHETIC_ILLUSTRATIVE_NOT_REAL,PLT-C-PBM-TNF-ctrl,neg,101.36
SYNTHETIC_ILLUSTRATIVE_NOT_REAL,PLT-C-PBM-TNF-ctrl,neg,98.29
SYNTHETIC_ILLUSTRATIVE_NOT_REAL,PLT-C-PBM-TNF-ctrl,neg,101.67
SYNTHETIC_ILLUSTRATIVE_NOT_REAL,PLT-C-PBM-TNF-ctrl,neg,98.88
SYNTHETIC_ILLUSTRATIVE_NOT_REAL,PLT-C-PBM-TNF-ctrl,neg,101.41
SYNTHETIC_ILLUSTRATIVE_NOT_REAL,PLT-C-PBM-TNF-ctrl,neg,100.26
SYNTHETIC_ILLUSTRATIVE_NOT_REAL,PLT-C-PBM-TNF-ctrl,neg,97.88
SYNTHETIC_ILLUSTRATIVE_NOT_REAL,PLT-C-PBM-TNF-ctrl,pos,9.96
SYNTHETIC_ILLUSTRATIVE_NOT_REAL,PLT-C-PBM-TNF-ctrl,pos,9.64
SYNTHETIC_ILLUSTRATIVE_NOT_REAL,PLT-C-PBM-TNF-ctrl,pos,9.92
SYNTHETIC_ILLUSTRATIVE_NOT_REAL,PLT-C-PBM-TNF-ctrl,pos,10.69
SYNTHETIC_ILLUSTRATIVE_NOT_REAL,PLT-C-PBM-TNF-ctrl,pos,10.18
SYNTHETIC_ILLUSTRATIVE_NOT_REAL,PLT-C-PBM-TNF-ctrl,pos,9.86
SYNTHETIC_ILLUSTRATIVE_NOT_REAL,PLT-C-PBM-MCP-ctrl,neg,101.44
SYNTHETIC_ILLUSTRATIVE_NOT_REAL,PLT-C-PBM-MCP-ctrl,neg,99.48
SYNTHETIC_ILLUSTRATIVE_NOT_REAL,PLT-C-PBM-MCP-ctrl,neg,95.88
SYNTHETIC_ILLUSTRATIVE_NOT_REAL,PLT-C-PBM-MCP-ctrl,neg,95.91
SYNTHETIC_ILLUSTRATIVE_NOT_REAL,PLT-C-PBM-MCP-ctrl,neg,99.62
SYNTHETIC_ILLUSTRATIVE_NOT_REAL,PLT-C-PBM-MCP-ctrl,neg,98.64
SYNTHETIC_ILLUSTRATIVE_NOT_REAL,PLT-C-PBM-MCP-ctrl,neg,99.89
SYNTHETIC_ILLUSTRATIVE_NOT_REAL,PLT-C-PBM-MCP-ctrl,neg,97.92
SYNTHETIC_ILLUSTRATIVE_NOT_REAL,PLT-C-PBM-MCP-ctrl,pos,9.18
SYNTHETIC_ILLUSTRATIVE_NOT_REAL,PLT-C-PBM-MCP-ctrl,pos,10.78
SYNTHETIC_ILLUSTRATIVE_NOT_REAL,PLT-C-PBM-MCP-ctrl,pos,10.18
SYNTHETIC_ILLUSTRATIVE_NOT_REAL,PLT-C-PBM-MCP-ctrl,pos,10.02
SYNTHETIC_ILLUSTRATIVE_NOT_REAL,PLT-C-PBM-MCP-ctrl,pos,11.27
SYNTHETIC_ILLUSTRATIVE_NOT_REAL,PLT-C-PBM-MCP-ctrl,pos,9.4
SYNTHETIC_ILLUSTRATIVE_NOT_REAL,PLT-C-PBM-MCP-ctrl,pos,10.33
SYNTHETIC_ILLUSTRATIVE_NOT_REAL,PLT-C-PBM-MCP-ctrl,pos,9.21
SYNTHETIC_ILLUSTRATIVE_NOT_REAL,PLT-C-PBM-IP1-ctrl,neg,99.29
SYNTHETIC_ILLUSTRATIVE_NOT_REAL,PLT-C-PBM-IP1-ctrl,neg,98.54
SYNTHETIC_ILLUSTRATIVE_NOT_REAL,PLT-C-PBM-IP1-ctrl,neg,96.41
SYNTHETIC_ILLUSTRATIVE_NOT_REAL,PLT-C-PBM-IP1-ctrl,neg,100.64
SYNTHETIC_ILLUSTRATIVE_NOT_REAL,PLT-C-PBM-IP1-ctrl,neg,101.31
SYNTHETIC_ILLUSTRATIVE_NOT_REAL,PLT-C-PBM-IP1-ctrl,neg,99.22
SYNTHETIC_ILLUSTRATIVE_NOT_REAL,PLT-C-PBM-IP1-ctrl,neg,103.13
SYNTHETIC_ILLUSTRATIVE_NOT_REAL,PLT-C-PBM-IP1-ctrl,pos,9.46
SYNTHETIC_ILLUSTRATIVE_NOT_REAL,PLT-C-PBM-IP1-ctrl,pos,9.49
SYNTHETIC_ILLUSTRATIVE_NOT_REAL,PLT-C-PBM-IP1-ctrl,pos,8.06
SYNTHETIC_ILLUSTRATIVE_NOT_REAL,PLT-C-PBM-IP1-ctrl,pos,11.26
SYNTHETIC_ILLUSTRATIVE_NOT_REAL,PLT-C-PBM-IP1-ctrl,pos,10.85
SYNTHETIC_ILLUSTRATIVE_NOT_REAL,PLT-C-PBM-IP1-ctrl,pos,11.02
SYNTHETIC_ILLUSTRATIVE_NOT_REAL,PLT-C-PBM-IP1-ctrl,pos,8.71
SYNTHETIC_ILLUSTRATIVE_NOT_REAL,PLT-C-PBM-IP1-ctrl,pos,10.51
SYNTHETIC_ILLUSTRATIVE_NOT_REAL,PLT-C-PBM-GM_-ctrl,neg,103.18
SYNTHETIC_ILLUSTRATIVE_NOT_REAL,PLT-C-PBM-GM_-ctrl,neg,100.46
SYNTHETIC_ILLUSTRATIVE_NOT_REAL,PLT-C-PBM-GM_-ctrl,neg,102.02
SYNTHETIC_ILLUSTRATIVE_NOT_REAL,PLT-C-PBM-GM_-ctrl,neg,98.77
SYNTHETIC_ILLUSTRATIVE_NOT_REAL,PLT-C-PBM-GM_-ctrl,neg,100.76
SYNTHETIC_ILLUSTRATIVE_NOT_REAL,PLT-C-PBM-GM_-ctrl,neg,95.11
SYNTHETIC_ILLUSTRATIVE_NOT_REAL,PLT-C-PBM-GM_-ctrl,neg,99.66
SYNTHETIC_ILLUSTRATIVE_NOT_REAL,PLT-C-PBM-GM_-ctrl,neg,98.23
SYNTHETIC_ILLUSTRATIVE_NOT_REAL,PLT-C-PBM-GM_-ctrl,pos,8.6
SYNTHETIC_ILLUSTRATIVE_NOT_REAL,PLT-C-PBM-GM_-ctrl,pos,10.47
SYNTHETIC_ILLUSTRATIVE_NOT_REAL,PLT-C-PBM-GM_-ctrl,pos,9.97
SYNTHETIC_ILLUSTRATIVE_NOT_REAL,PLT-C-PBM-GM_-ctrl,pos,10.32
SYNTHETIC_ILLUSTRATIVE_NOT_REAL,PLT-C-PBM-GM_-ctrl,pos,8.83
SYNTHETIC_ILLUSTRATIVE_NOT_REAL,PLT-C-PBM-GM_-ctrl,pos,10.18
SYNTHETIC_ILLUSTRATIVE_NOT_REAL,PLT-C-PBM-GM_-ctrl,pos,11.66
SYNTHETIC_ILLUSTRATIVE_NOT_REAL,PLT-C-PBM-IL4-ctrl,neg,100.21
SYNTHETIC_ILLUSTRATIVE_NOT_REAL,PLT-C-PBM-IL4-ctrl,neg,98.35
SYNTHETIC_ILLUSTRATIVE_NOT_REAL,PLT-C-PBM-IL4-ctrl,neg,99.86
SYNTHETIC_ILLUSTRATIVE_NOT_REAL,PLT-C-PBM-IL4-ctrl,neg,98.53
SYNTHETIC_ILLUSTRATIVE_NOT_REAL,PLT-C-PBM-IL4-ctrl,neg,99.23
SYNTHETIC_ILLUSTRATIVE_NOT_REAL,PLT-C-PBM-IL4-ctrl,neg,96.32
SYNTHETIC_ILLUSTRATIVE_NOT_REAL,PLT-C-PBM-IL4-ctrl,neg,101.35
SYNTHETIC_ILLUSTRATIVE_NOT_REAL,PLT-C-PBM-IL4-ctrl,neg,99.3
SYNTHETIC_ILLUSTRATIVE_NOT_REAL,PLT-C-PBM-IL4-ctrl,pos,7.87
SYNTHETIC_ILLUSTRATIVE_NOT_REAL,PLT-C-PBM-IL4-ctrl,pos,9.77
SYNTHETIC_ILLUSTRATIVE_NOT_REAL,PLT-C-PBM-IL4-ctrl,pos,10.48
SYNTHETIC_ILLUSTRATIVE_NOT_REAL,PLT-C-PBM-IL4-ctrl,pos,12.32
SYNTHETIC_ILLUSTRATIVE_NOT_REAL,PLT-C-PBM-IL4-ctrl,pos,9.26
SYNTHETIC_ILLUSTRATIVE_NOT_REAL,PLT-C-PBM-IL4-ctrl,pos,11.2
SYNTHETIC_ILLUSTRATIVE_NOT_REAL,PLT-C-PBM-IL4-ctrl,pos,9.2
SYNTHETIC_ILLUSTRATIVE_NOT_REAL,PLT-C-PBM-IL4-ctrl,pos,10.76
SYNTHETIC_ILLUSTRATIVE_NOT_REAL,PLT-C-PBM-IL1-ctrl,neg,96.16
SYNTHETIC_ILLUSTRATIVE_NOT_REAL,PLT-C-PBM-IL1-ctrl,neg,97.8
SYNTHETIC_ILLUSTRATIVE_NOT_REAL,PLT-C-PBM-IL1-ctrl,neg,98.65
SYNTHETIC_ILLUSTRATIVE_NOT_REAL,PLT-C-PBM-IL1-ctrl,neg,99.12
SYNTHETIC_ILLUSTRATIVE_NOT_REAL,PLT-C-PBM-IL1-ctrl,neg,102.63
SYNTHETIC_ILLUSTRATIVE_NOT_REAL,PLT-C-PBM-IL1-ctrl,pos,10.19
SYNTHETIC_ILLUSTRATIVE_NOT_REAL,PLT-C-PBM-IL1-ctrl,pos,9.12
SYNTHETIC_ILLUSTRATIVE_NOT_REAL,PLT-C-PBM-IL1-ctrl,pos,8.7
SYNTHETIC_ILLUSTRATIVE_NOT_REAL,PLT-C-PBM-IL1-ctrl,pos,10.98
SYNTHETIC_ILLUSTRATIVE_NOT_REAL,PLT-C-PBM-IL1-ctrl,pos,10.79
SYNTHETIC_ILLUSTRATIVE_NOT_REAL,PLT-C-PBM-TLR-ctrl,neg,99.61
SYNTHETIC_ILLUSTRATIVE_NOT_REAL,PLT-C-PBM-TLR-ctrl,neg,101.34
SYNTHETIC_ILLUSTRATIVE_NOT_REAL,PLT-C-PBM-TLR-ctrl,neg,100.82
SYNTHETIC_ILLUSTRATIVE_NOT_REAL,PLT-C-PBM-TLR-ctrl,neg,95.06
SYNTHETIC_ILLUSTRATIVE_NOT_REAL,PLT-C-PBM-TLR-ctrl,neg,102.29
SYNTHETIC_ILLUSTRATIVE_NOT_REAL,PLT-C-PBM-TLR-ctrl,neg,99.98
SYNTHETIC_ILLUSTRATIVE_NOT_REAL,PLT-C-PBM-TLR-ctrl,neg,99.85
SYNTHETIC_ILLUSTRATIVE_NOT_REAL,PLT-C-PBM-TLR-ctrl,neg,98.91
SYNTHETIC_ILLUSTRATIVE_NOT_REAL,PLT-C-PBM-TLR-ctrl,pos,10.71
SYNTHETIC_ILLUSTRATIVE_NOT_REAL,PLT-C-PBM-TLR-ctrl,pos,9.69
SYNTHETIC_ILLUSTRATIVE_NOT_REAL,PLT-C-PBM-TLR-ctrl,pos,9.05
SYNTHETIC_ILLUSTRATIVE_NOT_REAL,PLT-C-PBM-TLR-ctrl,pos,11.29
SYNTHETIC_ILLUSTRATIVE_NOT_REAL,PLT-C-PBM-TLR-ctrl,pos,9.0
SYNTHETIC_ILLUSTRATIVE_NOT_REAL,PLT-C-PBM-TLR-ctrl,pos,10.62
SYNTHETIC_ILLUSTRATIVE_NOT_REAL,PLT-C-PBM-NK_-ctrl,neg,98.24
SYNTHETIC_ILLUSTRATIVE_NOT_REAL,PLT-C-PBM-NK_-ctrl,neg,99.1
SYNTHETIC_ILLUSTRATIVE_NOT_REAL,PLT-C-PBM-NK_-ctrl,neg,100.17
SYNTHETIC_ILLUSTRATIVE_NOT_REAL,PLT-C-PBM-NK_-ctrl,neg,93.99
SYNTHETIC_ILLUSTRATIVE_NOT_REAL,PLT-C-PBM-NK_-ctrl,neg,99.41
SYNTHETIC_ILLUSTRATIVE_NOT_REAL,PLT-C-PBM-NK_-ctrl,neg,101.01
SYNTHETIC_ILLUSTRATIVE_NOT_REAL,PLT-C-PBM-NK_-ctrl,neg,100.81
SYNTHETIC_ILLUSTRATIVE_NOT_REAL,PLT-C-PBM-NK_-ctrl,neg,99.05
SYNTHETIC_ILLUSTRATIVE_NOT_REAL,PLT-C-PBM-NK_-ctrl,pos,9.85
SYNTHETIC_ILLUSTRATIVE_NOT_REAL,PLT-C-PBM-NK_-ctrl,pos,9.88
SYNTHETIC_ILLUSTRATIVE_NOT_REAL,PLT-C-PBM-NK_-ctrl,pos,8.78
SYNTHETIC_ILLUSTRATIVE_NOT_REAL,PLT-C-PBM-NK_-ctrl,pos,10.35
SYNTHETIC_ILLUSTRATIVE_NOT_REAL,PLT-C-PBM-NK_-ctrl,pos,8.62
SYNTHETIC_ILLUSTRATIVE_NOT_REAL,PLT-C-PBM-NK_-ctrl,pos,9.3
SYNTHETIC_ILLUSTRATIVE_NOT_REAL,PLT-C-PBM-NK_-ctrl,pos,11.67
SYNTHETIC_ILLUSTRATIVE_NOT_REAL,PLT-C-PBM-C3a-ctrl,neg,100.15
SYNTHETIC_ILLUSTRATIVE_NOT_REAL,PLT-C-PBM-C3a-ctrl,neg,103.26
SYNTHETIC_ILLUSTRATIVE_NOT_REAL,PLT-C-PBM-C3a-ctrl,neg,96.28
SYNTHETIC_ILLUSTRATIVE_NOT_REAL,PLT-C-PBM-C3a-ctrl,neg,101.79
SYNTHETIC_ILLUSTRATIVE_NOT_REAL,PLT-C-PBM-C3a-ctrl,neg,100.13
SYNTHETIC_ILLUSTRATIVE_NOT_REAL,PLT-C-PBM-C3a-ctrl,neg,100.82
SYNTHETIC_ILLUSTRATIVE_NOT_REAL,PLT-C-PBM-C3a-ctrl,neg,98.77
SYNTHETIC_ILLUSTRATIVE_NOT_REAL,PLT-C-PBM-C3a-ctrl,neg,99.06
SYNTHETIC_ILLUSTRATIVE_NOT_REAL,PLT-C-PBM-C3a-ctrl,pos,8.52
SYNTHETIC_ILLUSTRATIVE_NOT_REAL,PLT-C-PBM-C3a-ctrl,pos,9.61
SYNTHETIC_ILLUSTRATIVE_NOT_REAL,PLT-C-PBM-C3a-ctrl,pos,9.77
SYNTHETIC_ILLUSTRATIVE_NOT_REAL,PLT-C-PBM-C3a-ctrl,pos,9.37
SYNTHETIC_ILLUSTRATIVE_NOT_REAL,PLT-C-PBM-C3a-ctrl,pos,11.26
SYNTHETIC_ILLUSTRATIVE_NOT_REAL,PLT-C-PBM-C3a-ctrl,pos,10.09
SYNTHETIC_ILLUSTRATIVE_NOT_REAL,PLT-C-PBM-C3a-ctrl,pos,10.98
SYNTHETIC_ILLUSTRATIVE_NOT_REAL,PLT-C-PBM-C3a-ctrl,pos,10.3
SYNTHETIC_ILLUSTRATIVE_NOT_REAL,PLT-C-PBM-C5a-ctrl,neg,99.8
SYNTHETIC_ILLUSTRATIVE_NOT_REAL,PLT-C-PBM-C5a-ctrl,neg,98.36
SYNTHETIC_ILLUSTRATIVE_NOT_REAL,PLT-C-PBM-C5a-ctrl,neg,98.58
SYNTHETIC_ILLUSTRATIVE_NOT_REAL,PLT-C-PBM-C5a-ctrl,neg,101.27
SYNTHETIC_ILLUSTRATIVE_NOT_REAL,PLT-C-PBM-C5a-ctrl,neg,98.3
SYNTHETIC_ILLUSTRATIVE_NOT_REAL,PLT-C-PBM-C5a-ctrl,neg,94.21
SYNTHETIC_ILLUSTRATIVE_NOT_REAL,PLT-C-PBM-C5a-ctrl,neg,97.18
SYNTHETIC_ILLUSTRATIVE_NOT_REAL,PLT-C-PBM-C5a-ctrl,neg,102.05
SYNTHETIC_ILLUSTRATIVE_NOT_REAL,PLT-C-PBM-C5a-ctrl,pos,10.34
SYNTHETIC_ILLUSTRATIVE_NOT_REAL,PLT-C-PBM-C5a-ctrl,pos,9.27
SYNTHETIC_ILLUSTRATIVE_NOT_REAL,PLT-C-PBM-C5a-ctrl,pos,9.68
SYNTHETIC_ILLUSTRATIVE_NOT_REAL,PLT-C-PBM-C5a-ctrl,pos,9.73
SYNTHETIC_ILLUSTRATIVE_NOT_REAL,PLT-C-PBM-C5a-ctrl,pos,11.91
SYNTHETIC_ILLUSTRATIVE_NOT_REAL,PLT-C-PBM-C5a-ctrl,pos,9.03
SYNTHETIC_ILLUSTRATIVE_NOT_REAL,PLT-C-PBM-C5a-ctrl,pos,9.23
SYNTHETIC_ILLUSTRATIVE_NOT_REAL,PLT-C-PBM-C5a-ctrl,pos,9.98
SYNTHETIC_ILLUSTRATIVE_NOT_REAL,PLT-C-PBM-C1q-ctrl,neg,101.26
SYNTHETIC_ILLUSTRATIVE_NOT_REAL,PLT-C-PBM-C1q-ctrl,neg,97.31
SYNTHETIC_ILLUSTRATIVE_NOT_REAL,PLT-C-PBM-C1q-ctrl,neg,97.47
SYNTHETIC_ILLUSTRATIVE_NOT_REAL,PLT-C-PBM-C1q-ctrl,neg,101.18
SYNTHETIC_ILLUSTRATIVE_NOT_REAL,PLT-C-PBM-C1q-ctrl,neg,100.96
SYNTHETIC_ILLUSTRATIVE_NOT_REAL,PLT-C-PBM-C1q-ctrl,neg,98.97
SYNTHETIC_ILLUSTRATIVE_NOT_REAL,PLT-C-PBM-C1q-ctrl,neg,99.96
SYNTHETIC_ILLUSTRATIVE_NOT_REAL,PLT-C-PBM-C1q-ctrl,pos,9.63
SYNTHETIC_ILLUSTRATIVE_NOT_REAL,PLT-C-PBM-C1q-ctrl,pos,9.94
SYNTHETIC_ILLUSTRATIVE_NOT_REAL,PLT-C-PBM-C1q-ctrl,pos,10.64
SYNTHETIC_ILLUSTRATIVE_NOT_REAL,PLT-C-PBM-C1q-ctrl,pos,11.81
SYNTHETIC_ILLUSTRATIVE_NOT_REAL,PLT-C-PBM-C1q-ctrl,pos,11.19
SYNTHETIC_ILLUSTRATIVE_NOT_REAL,PLT-C-PBM-C1q-ctrl,pos,10.35
SYNTHETIC_ILLUSTRATIVE_NOT_REAL,PLT-C-PBM-C1q-ctrl,pos,9.89
SYNTHETIC_ILLUSTRATIVE_NOT_REAL,PLT-D-PHH-Cel-ctrl,neg,101.4
SYNTHETIC_ILLUSTRATIVE_NOT_REAL,PLT-D-PHH-Cel-ctrl,neg,101.87
SYNTHETIC_ILLUSTRATIVE_NOT_REAL,PLT-D-PHH-Cel-ctrl,neg,100.3
SYNTHETIC_ILLUSTRATIVE_NOT_REAL,PLT-D-PHH-Cel-ctrl,neg,100.99
SYNTHETIC_ILLUSTRATIVE_NOT_REAL,PLT-D-PHH-Cel-ctrl,neg,102.18
SYNTHETIC_ILLUSTRATIVE_NOT_REAL,PLT-D-PHH-Cel-ctrl,neg,100.89
SYNTHETIC_ILLUSTRATIVE_NOT_REAL,PLT-D-PHH-Cel-ctrl,neg,102.33
SYNTHETIC_ILLUSTRATIVE_NOT_REAL,PLT-D-PHH-Cel-ctrl,neg,101.91
SYNTHETIC_ILLUSTRATIVE_NOT_REAL,PLT-D-PHH-Cel-ctrl,pos,10.66
SYNTHETIC_ILLUSTRATIVE_NOT_REAL,PLT-D-PHH-Cel-ctrl,pos,9.82
SYNTHETIC_ILLUSTRATIVE_NOT_REAL,PLT-D-PHH-Cel-ctrl,pos,10.65
SYNTHETIC_ILLUSTRATIVE_NOT_REAL,PLT-D-PHH-Cel-ctrl,pos,10.84
SYNTHETIC_ILLUSTRATIVE_NOT_REAL,PLT-D-PHH-Cel-ctrl,pos,9.66
SYNTHETIC_ILLUSTRATIVE_NOT_REAL,PLT-D-PHH-Cel-ctrl,pos,9.39
SYNTHETIC_ILLUSTRATIVE_NOT_REAL,PLT-D-PHH-Cel-ctrl,pos,10.46
SYNTHETIC_ILLUSTRATIVE_NOT_REAL,PLT-D-PHH-Cel-ctrl,pos,10.62
SYNTHETIC_ILLUSTRATIVE_NOT_REAL,PLT-D-PHH-LDH-ctrl,neg,101.07
SYNTHETIC_ILLUSTRATIVE_NOT_REAL,PLT-D-PHH-LDH-ctrl,neg,101.59
SYNTHETIC_ILLUSTRATIVE_NOT_REAL,PLT-D-PHH-LDH-ctrl,neg,98.97
SYNTHETIC_ILLUSTRATIVE_NOT_REAL,PLT-D-PHH-LDH-ctrl,neg,97.24
SYNTHETIC_ILLUSTRATIVE_NOT_REAL,PLT-D-PHH-LDH-ctrl,neg,98.28
SYNTHETIC_ILLUSTRATIVE_NOT_REAL,PLT-D-PHH-LDH-ctrl,neg,99.24
SYNTHETIC_ILLUSTRATIVE_NOT_REAL,PLT-D-PHH-LDH-ctrl,neg,101.03
SYNTHETIC_ILLUSTRATIVE_NOT_REAL,PLT-D-PHH-LDH-ctrl,neg,99.2
SYNTHETIC_ILLUSTRATIVE_NOT_REAL,PLT-D-PHH-LDH-ctrl,pos,9.4
SYNTHETIC_ILLUSTRATIVE_NOT_REAL,PLT-D-PHH-LDH-ctrl,pos,9.66
SYNTHETIC_ILLUSTRATIVE_NOT_REAL,PLT-D-PHH-LDH-ctrl,pos,10.26
SYNTHETIC_ILLUSTRATIVE_NOT_REAL,PLT-D-PHH-LDH-ctrl,pos,9.67
SYNTHETIC_ILLUSTRATIVE_NOT_REAL,PLT-D-PHH-LDH-ctrl,pos,10.88
SYNTHETIC_ILLUSTRATIVE_NOT_REAL,PLT-D-PHH-LDH-ctrl,pos,10.48
SYNTHETIC_ILLUSTRATIVE_NOT_REAL,PLT-D-PHH-LDH-ctrl,pos,9.51
SYNTHETIC_ILLUSTRATIVE_NOT_REAL,PLT-D-PHH-ALT-ctrl,neg,95.89
SYNTHETIC_ILLUSTRATIVE_NOT_REAL,PLT-D-PHH-ALT-ctrl,neg,101.77
SYNTHETIC_ILLUSTRATIVE_NOT_REAL,PLT-D-PHH-ALT-ctrl,neg,100.47
SYNTHETIC_ILLUSTRATIVE_NOT_REAL,PLT-D-PHH-ALT-ctrl,neg,100.89
SYNTHETIC_ILLUSTRATIVE_NOT_REAL,PLT-D-PHH-ALT-ctrl,neg,102.99
SYNTHETIC_ILLUSTRATIVE_NOT_REAL,PLT-D-PHH-ALT-ctrl,neg,99.6
SYNTHETIC_ILLUSTRATIVE_NOT_REAL,PLT-D-PHH-ALT-ctrl,neg,101.17
SYNTHETIC_ILLUSTRATIVE_NOT_REAL,PLT-D-PHH-ALT-ctrl,neg,98.97
SYNTHETIC_ILLUSTRATIVE_NOT_REAL,PLT-D-PHH-ALT-ctrl,pos,11.21
SYNTHETIC_ILLUSTRATIVE_NOT_REAL,PLT-D-PHH-ALT-ctrl,pos,10.47
SYNTHETIC_ILLUSTRATIVE_NOT_REAL,PLT-D-PHH-ALT-ctrl,pos,11.0
SYNTHETIC_ILLUSTRATIVE_NOT_REAL,PLT-D-PHH-ALT-ctrl,pos,10.34
SYNTHETIC_ILLUSTRATIVE_NOT_REAL,PLT-D-PHH-ALT-ctrl,pos,8.91
SYNTHETIC_ILLUSTRATIVE_NOT_REAL,PLT-D-PHH-ALT-ctrl,pos,9.93
SYNTHETIC_ILLUSTRATIVE_NOT_REAL,PLT-D-PHH-ALT-ctrl,pos,9.91
SYNTHETIC_ILLUSTRATIVE_NOT_REAL,PLT-D-PHH-ALT-ctrl,pos,10.21
SYNTHETIC_ILLUSTRATIVE_NOT_REAL,PLT-D-PHH-AST-ctrl,neg,100.44
SYNTHETIC_ILLUSTRATIVE_NOT_REAL,PLT-D-PHH-AST-ctrl,neg,99.21
SYNTHETIC_ILLUSTRATIVE_NOT_REAL,PLT-D-PHH-AST-ctrl,neg,103.7
SYNTHETIC_ILLUSTRATIVE_NOT_REAL,PLT-D-PHH-AST-ctrl,neg,102.61
SYNTHETIC_ILLUSTRATIVE_NOT_REAL,PLT-D-PHH-AST-ctrl,neg,104.25
SYNTHETIC_ILLUSTRATIVE_NOT_REAL,PLT-D-PHH-AST-ctrl,neg,98.86
SYNTHETIC_ILLUSTRATIVE_NOT_REAL,PLT-D-PHH-AST-ctrl,neg,101.0
SYNTHETIC_ILLUSTRATIVE_NOT_REAL,PLT-D-PHH-AST-ctrl,neg,99.69
SYNTHETIC_ILLUSTRATIVE_NOT_REAL,PLT-D-PHH-AST-ctrl,pos,9.42
SYNTHETIC_ILLUSTRATIVE_NOT_REAL,PLT-D-PHH-AST-ctrl,pos,10.44
SYNTHETIC_ILLUSTRATIVE_NOT_REAL,PLT-D-PHH-AST-ctrl,pos,9.41
SYNTHETIC_ILLUSTRATIVE_NOT_REAL,PLT-D-PHH-AST-ctrl,pos,11.83
SYNTHETIC_ILLUSTRATIVE_NOT_REAL,PLT-D-PHH-AST-ctrl,pos,9.9
SYNTHETIC_ILLUSTRATIVE_NOT_REAL,PLT-D-PHH-AST-ctrl,pos,10.57
SYNTHETIC_ILLUSTRATIVE_NOT_REAL,PLT-D-PHH-AST-ctrl,pos,9.68
SYNTHETIC_ILLUSTRATIVE_NOT_REAL,PLT-D-PHH-AST-ctrl,pos,9.87
SYNTHETIC_ILLUSTRATIVE_NOT_REAL,PLT-D-PHH-Cas-ctrl,neg,101.91
SYNTHETIC_ILLUSTRATIVE_NOT_REAL,PLT-D-PHH-Cas-ctrl,neg,98.51
SYNTHETIC_ILLUSTRATIVE_NOT_REAL,PLT-D-PHH-Cas-ctrl,neg,99.0
SYNTHETIC_ILLUSTRATIVE_NOT_REAL,PLT-D-PHH-Cas-ctrl,neg,96.89
SYNTHETIC_ILLUSTRATIVE_NOT_REAL,PLT-D-PHH-Cas-ctrl,neg,99.85
SYNTHETIC_ILLUSTRATIVE_NOT_REAL,PLT-D-PHH-Cas-ctrl,neg,96.2
SYNTHETIC_ILLUSTRATIVE_NOT_REAL,PLT-D-PHH-Cas-ctrl,neg,101.42
SYNTHETIC_ILLUSTRATIVE_NOT_REAL,PLT-D-PHH-Cas-ctrl,neg,98.88
SYNTHETIC_ILLUSTRATIVE_NOT_REAL,PLT-D-PHH-Cas-ctrl,pos,10.4
SYNTHETIC_ILLUSTRATIVE_NOT_REAL,PLT-D-PHH-Cas-ctrl,pos,9.54
SYNTHETIC_ILLUSTRATIVE_NOT_REAL,PLT-D-PHH-Cas-ctrl,pos,8.88
SYNTHETIC_ILLUSTRATIVE_NOT_REAL,PLT-D-PHH-Cas-ctrl,pos,9.36
SYNTHETIC_ILLUSTRATIVE_NOT_REAL,PLT-D-PHH-Cas-ctrl,pos,11.03
SYNTHETIC_ILLUSTRATIVE_NOT_REAL,PLT-D-PHH-Cas-ctrl,pos,10.12
SYNTHETIC_ILLUSTRATIVE_NOT_REAL,PLT-D-PHH-Cas-ctrl,pos,10.92
SYNTHETIC_ILLUSTRATIVE_NOT_REAL,PLT-D-PHH-HMG-ctrl,neg,101.31
SYNTHETIC_ILLUSTRATIVE_NOT_REAL,PLT-D-PHH-HMG-ctrl,neg,99.14
SYNTHETIC_ILLUSTRATIVE_NOT_REAL,PLT-D-PHH-HMG-ctrl,neg,103.89
SYNTHETIC_ILLUSTRATIVE_NOT_REAL,PLT-D-PHH-HMG-ctrl,neg,97.73
SYNTHETIC_ILLUSTRATIVE_NOT_REAL,PLT-D-PHH-HMG-ctrl,neg,101.09
SYNTHETIC_ILLUSTRATIVE_NOT_REAL,PLT-D-PHH-HMG-ctrl,neg,99.46
SYNTHETIC_ILLUSTRATIVE_NOT_REAL,PLT-D-PHH-HMG-ctrl,neg,99.44
SYNTHETIC_ILLUSTRATIVE_NOT_REAL,PLT-D-PHH-HMG-ctrl,neg,99.67
SYNTHETIC_ILLUSTRATIVE_NOT_REAL,PLT-D-PHH-HMG-ctrl,pos,11.83
SYNTHETIC_ILLUSTRATIVE_NOT_REAL,PLT-D-PHH-HMG-ctrl,pos,9.44
SYNTHETIC_ILLUSTRATIVE_NOT_REAL,PLT-D-PHH-HMG-ctrl,pos,8.5
SYNTHETIC_ILLUSTRATIVE_NOT_REAL,PLT-D-PHH-HMG-ctrl,pos,10.86
SYNTHETIC_ILLUSTRATIVE_NOT_REAL,PLT-D-PHH-HMG-ctrl,pos,10.23
SYNTHETIC_ILLUSTRATIVE_NOT_REAL,PLT-D-PHH-HMG-ctrl,pos,10.33
SYNTHETIC_ILLUSTRATIVE_NOT_REAL,PLT-D-PHH-HMG-ctrl,pos,10.55
SYNTHETIC_ILLUSTRATIVE_NOT_REAL,PLT-D-PHH-HMG-ctrl,pos,11.49
SYNTHETIC_ILLUSTRATIVE_NOT_REAL,PLT-D-PHH-ROS-ctrl,neg,100.81
SYNTHETIC_ILLUSTRATIVE_NOT_REAL,PLT-D-PHH-ROS-ctrl,neg,97.89
SYNTHETIC_ILLUSTRATIVE_NOT_REAL,PLT-D-PHH-ROS-ctrl,neg,99.22
SYNTHETIC_ILLUSTRATIVE_NOT_REAL,PLT-D-PHH-ROS-ctrl,neg,95.74
SYNTHETIC_ILLUSTRATIVE_NOT_REAL,PLT-D-PHH-ROS-ctrl,neg,98.71
SYNTHETIC_ILLUSTRATIVE_NOT_REAL,PLT-D-PHH-ROS-ctrl,neg,101.95
SYNTHETIC_ILLUSTRATIVE_NOT_REAL,PLT-D-PHH-ROS-ctrl,neg,100.72
SYNTHETIC_ILLUSTRATIVE_NOT_REAL,PLT-D-PHH-ROS-ctrl,neg,102.57
SYNTHETIC_ILLUSTRATIVE_NOT_REAL,PLT-D-PHH-ROS-ctrl,pos,7.72
SYNTHETIC_ILLUSTRATIVE_NOT_REAL,PLT-D-PHH-ROS-ctrl,pos,7.76
SYNTHETIC_ILLUSTRATIVE_NOT_REAL,PLT-D-PHH-ROS-ctrl,pos,11.37
SYNTHETIC_ILLUSTRATIVE_NOT_REAL,PLT-D-PHH-ROS-ctrl,pos,10.31
SYNTHETIC_ILLUSTRATIVE_NOT_REAL,PLT-D-PHH-ROS-ctrl,pos,8.87
SYNTHETIC_ILLUSTRATIVE_NOT_REAL,PLT-D-PHH-ROS-ctrl,pos,10.65
SYNTHETIC_ILLUSTRATIVE_NOT_REAL,PLT-D-PHH-ROS-ctrl,pos,10.36
SYNTHETIC_ILLUSTRATIVE_NOT_REAL,PLT-D-PHH-ROS-ctrl,pos,10.3
SYNTHETIC_ILLUSTRATIVE_NOT_REAL,PLT-D-PHH-Lip-ctrl,neg,101.58
SYNTHETIC_ILLUSTRATIVE_NOT_REAL,PLT-D-PHH-Lip-ctrl,neg,99.59
SYNTHETIC_ILLUSTRATIVE_NOT_REAL,PLT-D-PHH-Lip-ctrl,neg,96.44
SYNTHETIC_ILLUSTRATIVE_NOT_REAL,PLT-D-PHH-Lip-ctrl,neg,96.36
SYNTHETIC_ILLUSTRATIVE_NOT_REAL,PLT-D-PHH-Lip-ctrl,neg,100.28
SYNTHETIC_ILLUSTRATIVE_NOT_REAL,PLT-D-PHH-Lip-ctrl,neg,99.24
SYNTHETIC_ILLUSTRATIVE_NOT_REAL,PLT-D-PHH-Lip-ctrl,neg,101.52
SYNTHETIC_ILLUSTRATIVE_NOT_REAL,PLT-D-PHH-Lip-ctrl,neg,100.85
SYNTHETIC_ILLUSTRATIVE_NOT_REAL,PLT-D-PHH-Lip-ctrl,pos,10.62
SYNTHETIC_ILLUSTRATIVE_NOT_REAL,PLT-D-PHH-Lip-ctrl,pos,10.88
SYNTHETIC_ILLUSTRATIVE_NOT_REAL,PLT-D-PHH-Lip-ctrl,pos,10.64
SYNTHETIC_ILLUSTRATIVE_NOT_REAL,PLT-D-PHH-Lip-ctrl,pos,10.2
SYNTHETIC_ILLUSTRATIVE_NOT_REAL,PLT-D-PHH-Lip-ctrl,pos,8.37
SYNTHETIC_ILLUSTRATIVE_NOT_REAL,PLT-D-PHH-Lip-ctrl,pos,10.51
SYNTHETIC_ILLUSTRATIVE_NOT_REAL,PLT-D-PHH-Lip-ctrl,pos,10.65
SYNTHETIC_ILLUSTRATIVE_NOT_REAL,PLT-D-PHH-Lip-ctrl,pos,10.39
SYNTHETIC_ILLUSTRATIVE_NOT_REAL,PLT-D-PHH-Mit-ctrl,neg,98.39
SYNTHETIC_ILLUSTRATIVE_NOT_REAL,PLT-D-PHH-Mit-ctrl,neg,98.21
SYNTHETIC_ILLUSTRATIVE_NOT_REAL,PLT-D-PHH-Mit-ctrl,neg,96.98
SYNTHETIC_ILLUSTRATIVE_NOT_REAL,PLT-D-PHH-Mit-ctrl,neg,97.8
SYNTHETIC_ILLUSTRATIVE_NOT_REAL,PLT-D-PHH-Mit-ctrl,neg,98.01
SYNTHETIC_ILLUSTRATIVE_NOT_REAL,PLT-D-PHH-Mit-ctrl,neg,100.33
SYNTHETIC_ILLUSTRATIVE_NOT_REAL,PLT-D-PHH-Mit-ctrl,neg,99.2
SYNTHETIC_ILLUSTRATIVE_NOT_REAL,PLT-D-PHH-Mit-ctrl,pos,9.97
SYNTHETIC_ILLUSTRATIVE_NOT_REAL,PLT-D-PHH-Mit-ctrl,pos,9.39
SYNTHETIC_ILLUSTRATIVE_NOT_REAL,PLT-D-PHH-Mit-ctrl,pos,9.21
SYNTHETIC_ILLUSTRATIVE_NOT_REAL,PLT-D-PHH-Mit-ctrl,pos,9.13
SYNTHETIC_ILLUSTRATIVE_NOT_REAL,PLT-D-PHH-Mit-ctrl,pos,9.62
SYNTHETIC_ILLUSTRATIVE_NOT_REAL,PLT-D-PHH-Mit-ctrl,pos,10.98
SYNTHETIC_ILLUSTRATIVE_NOT_REAL,PLT-D-PHH-Mit-ctrl,pos,8.02
SYNTHETIC_ILLUSTRATIVE_NOT_REAL,PLT-D-PHH-Mit-ctrl,pos,10.49
SYNTHETIC_ILLUSTRATIVE_NOT_REAL,PLT-D-PHH-Bil-ctrl,neg,101.31
SYNTHETIC_ILLUSTRATIVE_NOT_REAL,PLT-D-PHH-Bil-ctrl,neg,99.65
SYNTHETIC_ILLUSTRATIVE_NOT_REAL,PLT-D-PHH-Bil-ctrl,neg,102.11
SYNTHETIC_ILLUSTRATIVE_NOT_REAL,PLT-D-PHH-Bil-ctrl,neg,97.31
SYNTHETIC_ILLUSTRATIVE_NOT_REAL,PLT-D-PHH-Bil-ctrl,neg,102.01
SYNTHETIC_ILLUSTRATIVE_NOT_REAL,PLT-D-PHH-Bil-ctrl,neg,102.85
SYNTHETIC_ILLUSTRATIVE_NOT_REAL,PLT-D-PHH-Bil-ctrl,neg,101.29
SYNTHETIC_ILLUSTRATIVE_NOT_REAL,PLT-D-PHH-Bil-ctrl,neg,99.41
SYNTHETIC_ILLUSTRATIVE_NOT_REAL,PLT-D-PHH-Bil-ctrl,pos,10.08
SYNTHETIC_ILLUSTRATIVE_NOT_REAL,PLT-D-PHH-Bil-ctrl,pos,9.74
SYNTHETIC_ILLUSTRATIVE_NOT_REAL,PLT-D-PHH-Bil-ctrl,pos,9.83
SYNTHETIC_ILLUSTRATIVE_NOT_REAL,PLT-D-PHH-Bil-ctrl,pos,10.18
SYNTHETIC_ILLUSTRATIVE_NOT_REAL,PLT-D-PHH-Bil-ctrl,pos,9.21
SYNTHETIC_ILLUSTRATIVE_NOT_REAL,PLT-D-PHH-Gen-ctrl,neg,103.47
SYNTHETIC_ILLUSTRATIVE_NOT_REAL,PLT-D-PHH-Gen-ctrl,neg,103.46
SYNTHETIC_ILLUSTRATIVE_NOT_REAL,PLT-D-PHH-Gen-ctrl,neg,102.14
SYNTHETIC_ILLUSTRATIVE_NOT_REAL,PLT-D-PHH-Gen-ctrl,neg,100.15
SYNTHETIC_ILLUSTRATIVE_NOT_REAL,PLT-D-PHH-Gen-ctrl,neg,100.9
SYNTHETIC_ILLUSTRATIVE_NOT_REAL,PLT-D-PHH-Gen-ctrl,neg,102.54
SYNTHETIC_ILLUSTRATIVE_NOT_REAL,PLT-D-PHH-Gen-ctrl,neg,97.1
SYNTHETIC_ILLUSTRATIVE_NOT_REAL,PLT-D-PHH-Gen-ctrl,neg,99.68
SYNTHETIC_ILLUSTRATIVE_NOT_REAL,PLT-D-PHH-Gen-ctrl,pos,10.64
SYNTHETIC_ILLUSTRATIVE_NOT_REAL,PLT-D-PHH-Gen-ctrl,pos,9.15
SYNTHETIC_ILLUSTRATIVE_NOT_REAL,PLT-D-PHH-Gen-ctrl,pos,11.28
SYNTHETIC_ILLUSTRATIVE_NOT_REAL,PLT-D-PHH-Gen-ctrl,pos,10.27
SYNTHETIC_ILLUSTRATIVE_NOT_REAL,PLT-D-PHH-Gen-ctrl,pos,10.2
SYNTHETIC_ILLUSTRATIVE_NOT_REAL,PLT-D-PHH-Gen-ctrl,pos,10.35
SYNTHETIC_ILLUSTRATIVE_NOT_REAL,PLT-D-PHH-RNA-ctrl,neg,103.04
SYNTHETIC_ILLUSTRATIVE_NOT_REAL,PLT-D-PHH-RNA-ctrl,neg,94.37
SYNTHETIC_ILLUSTRATIVE_NOT_REAL,PLT-D-PHH-RNA-ctrl,neg,96.93
SYNTHETIC_ILLUSTRATIVE_NOT_REAL,PLT-D-PHH-RNA-ctrl,neg,98.18
SYNTHETIC_ILLUSTRATIVE_NOT_REAL,PLT-D-PHH-RNA-ctrl,neg,99.91
SYNTHETIC_ILLUSTRATIVE_NOT_REAL,PLT-D-PHH-RNA-ctrl,neg,102.16
SYNTHETIC_ILLUSTRATIVE_NOT_REAL,PLT-D-PHH-RNA-ctrl,neg,103.72
SYNTHETIC_ILLUSTRATIVE_NOT_REAL,PLT-D-PHH-RNA-ctrl,neg,99.07
SYNTHETIC_ILLUSTRATIVE_NOT_REAL,PLT-D-PHH-RNA-ctrl,pos,11.09
SYNTHETIC_ILLUSTRATIVE_NOT_REAL,PLT-D-PHH-RNA-ctrl,pos,9.8
SYNTHETIC_ILLUSTRATIVE_NOT_REAL,PLT-D-PHH-RNA-ctrl,pos,9.69
SYNTHETIC_ILLUSTRATIVE_NOT_REAL,PLT-D-PHH-RNA-ctrl,pos,10.75
SYNTHETIC_ILLUSTRATIVE_NOT_REAL,PLT-D-PHH-RNA-ctrl,pos,9.27
SYNTHETIC_ILLUSTRATIVE_NOT_REAL,PLT-D-PHH-RNA-ctrl,pos,8.92
SYNTHETIC_ILLUSTRATIVE_NOT_REAL,PLT-D-PHH-RNA-ctrl,pos,10.91
SYNTHETIC_ILLUSTRATIVE_NOT_REAL,PLT-D-PHH-RNA-ctrl,pos,10.21
SYNTHETIC_ILLUSTRATIVE_NOT_REAL,PLT-D-PBM-IFN-ctrl,neg,102.6
SYNTHETIC_ILLUSTRATIVE_NOT_REAL,PLT-D-PBM-IFN-ctrl,neg,99.36
SYNTHETIC_ILLUSTRATIVE_NOT_REAL,PLT-D-PBM-IFN-ctrl,neg,104.66
SYNTHETIC_ILLUSTRATIVE_NOT_REAL,PLT-D-PBM-IFN-ctrl,neg,98.11
SYNTHETIC_ILLUSTRATIVE_NOT_REAL,PLT-D-PBM-IFN-ctrl,neg,100.69
SYNTHETIC_ILLUSTRATIVE_NOT_REAL,PLT-D-PBM-IFN-ctrl,neg,103.15
SYNTHETIC_ILLUSTRATIVE_NOT_REAL,PLT-D-PBM-IFN-ctrl,neg,102.07
SYNTHETIC_ILLUSTRATIVE_NOT_REAL,PLT-D-PBM-IFN-ctrl,neg,100.82
SYNTHETIC_ILLUSTRATIVE_NOT_REAL,PLT-D-PBM-IFN-ctrl,pos,10.96
SYNTHETIC_ILLUSTRATIVE_NOT_REAL,PLT-D-PBM-IFN-ctrl,pos,10.79
SYNTHETIC_ILLUSTRATIVE_NOT_REAL,PLT-D-PBM-IFN-ctrl,pos,8.93
SYNTHETIC_ILLUSTRATIVE_NOT_REAL,PLT-D-PBM-IFN-ctrl,pos,10.9
SYNTHETIC_ILLUSTRATIVE_NOT_REAL,PLT-D-PBM-IFN-ctrl,pos,10.78
SYNTHETIC_ILLUSTRATIVE_NOT_REAL,PLT-D-PBM-IFN-ctrl,pos,9.89
SYNTHETIC_ILLUSTRATIVE_NOT_REAL,PLT-D-PBM-IFN-ctrl,neg,97.22
SYNTHETIC_ILLUSTRATIVE_NOT_REAL,PLT-D-PBM-IFN-ctrl,neg,100.71
SYNTHETIC_ILLUSTRATIVE_NOT_REAL,PLT-D-PBM-IFN-ctrl,neg,100.28
SYNTHETIC_ILLUSTRATIVE_NOT_REAL,PLT-D-PBM-IFN-ctrl,neg,99.93
SYNTHETIC_ILLUSTRATIVE_NOT_REAL,PLT-D-PBM-IFN-ctrl,neg,98.84
SYNTHETIC_ILLUSTRATIVE_NOT_REAL,PLT-D-PBM-IFN-ctrl,neg,100.1
SYNTHETIC_ILLUSTRATIVE_NOT_REAL,PLT-D-PBM-IFN-ctrl,neg,99.64
SYNTHETIC_ILLUSTRATIVE_NOT_REAL,PLT-D-PBM-IFN-ctrl,neg,98.34
SYNTHETIC_ILLUSTRATIVE_NOT_REAL,PLT-D-PBM-IFN-ctrl,pos,10.1
SYNTHETIC_ILLUSTRATIVE_NOT_REAL,PLT-D-PBM-IFN-ctrl,pos,10.31
SYNTHETIC_ILLUSTRATIVE_NOT_REAL,PLT-D-PBM-IFN-ctrl,pos,9.85
SYNTHETIC_ILLUSTRATIVE_NOT_REAL,PLT-D-PBM-IFN-ctrl,pos,10.39
SYNTHETIC_ILLUSTRATIVE_NOT_REAL,PLT-D-PBM-IFN-ctrl,pos,8.78
SYNTHETIC_ILLUSTRATIVE_NOT_REAL,PLT-D-PBM-IFN-ctrl,pos,10.0
SYNTHETIC_ILLUSTRATIVE_NOT_REAL,PLT-D-PBM-IFN-ctrl,pos,8.73
SYNTHETIC_ILLUSTRATIVE_NOT_REAL,PLT-D-PBM-IL1-ctrl,neg,99.04
SYNTHETIC_ILLUSTRATIVE_NOT_REAL,PLT-D-PBM-IL1-ctrl,neg,102.57
SYNTHETIC_ILLUSTRATIVE_NOT_REAL,PLT-D-PBM-IL1-ctrl,neg,100.77
SYNTHETIC_ILLUSTRATIVE_NOT_REAL,PLT-D-PBM-IL1-ctrl,neg,101.11
SYNTHETIC_ILLUSTRATIVE_NOT_REAL,PLT-D-PBM-IL1-ctrl,neg,101.3
SYNTHETIC_ILLUSTRATIVE_NOT_REAL,PLT-D-PBM-IL1-ctrl,neg,99.63
SYNTHETIC_ILLUSTRATIVE_NOT_REAL,PLT-D-PBM-IL1-ctrl,neg,99.26
SYNTHETIC_ILLUSTRATIVE_NOT_REAL,PLT-D-PBM-IL1-ctrl,pos,11.54
SYNTHETIC_ILLUSTRATIVE_NOT_REAL,PLT-D-PBM-IL1-ctrl,pos,9.35
SYNTHETIC_ILLUSTRATIVE_NOT_REAL,PLT-D-PBM-IL1-ctrl,pos,8.56
SYNTHETIC_ILLUSTRATIVE_NOT_REAL,PLT-D-PBM-IL1-ctrl,pos,8.79
SYNTHETIC_ILLUSTRATIVE_NOT_REAL,PLT-D-PBM-IL1-ctrl,pos,10.02
SYNTHETIC_ILLUSTRATIVE_NOT_REAL,PLT-D-PBM-IL1-ctrl,pos,10.62
SYNTHETIC_ILLUSTRATIVE_NOT_REAL,PLT-D-PBM-IL1-ctrl,pos,10.89
SYNTHETIC_ILLUSTRATIVE_NOT_REAL,PLT-D-PBM-IL6-ctrl,neg,101.53
SYNTHETIC_ILLUSTRATIVE_NOT_REAL,PLT-D-PBM-IL6-ctrl,neg,101.75
SYNTHETIC_ILLUSTRATIVE_NOT_REAL,PLT-D-PBM-IL6-ctrl,neg,100.29
SYNTHETIC_ILLUSTRATIVE_NOT_REAL,PLT-D-PBM-IL6-ctrl,neg,102.09
SYNTHETIC_ILLUSTRATIVE_NOT_REAL,PLT-D-PBM-IL6-ctrl,neg,103.74
SYNTHETIC_ILLUSTRATIVE_NOT_REAL,PLT-D-PBM-IL6-ctrl,neg,100.23
SYNTHETIC_ILLUSTRATIVE_NOT_REAL,PLT-D-PBM-IL6-ctrl,neg,101.41
SYNTHETIC_ILLUSTRATIVE_NOT_REAL,PLT-D-PBM-IL6-ctrl,neg,101.17
SYNTHETIC_ILLUSTRATIVE_NOT_REAL,PLT-D-PBM-IL6-ctrl,pos,10.56
SYNTHETIC_ILLUSTRATIVE_NOT_REAL,PLT-D-PBM-IL6-ctrl,pos,11.07
SYNTHETIC_ILLUSTRATIVE_NOT_REAL,PLT-D-PBM-IL6-ctrl,pos,9.57
SYNTHETIC_ILLUSTRATIVE_NOT_REAL,PLT-D-PBM-IL6-ctrl,pos,9.2
SYNTHETIC_ILLUSTRATIVE_NOT_REAL,PLT-D-PBM-IL6-ctrl,pos,9.68
SYNTHETIC_ILLUSTRATIVE_NOT_REAL,PLT-D-PBM-IL6-ctrl,pos,9.5
SYNTHETIC_ILLUSTRATIVE_NOT_REAL,PLT-D-PBM-IL6-ctrl,pos,10.62
SYNTHETIC_ILLUSTRATIVE_NOT_REAL,PLT-D-PBM-IL8-ctrl,neg,100.54
SYNTHETIC_ILLUSTRATIVE_NOT_REAL,PLT-D-PBM-IL8-ctrl,neg,100.13
SYNTHETIC_ILLUSTRATIVE_NOT_REAL,PLT-D-PBM-IL8-ctrl,neg,101.94
SYNTHETIC_ILLUSTRATIVE_NOT_REAL,PLT-D-PBM-IL8-ctrl,neg,99.21
SYNTHETIC_ILLUSTRATIVE_NOT_REAL,PLT-D-PBM-IL8-ctrl,neg,101.84
SYNTHETIC_ILLUSTRATIVE_NOT_REAL,PLT-D-PBM-IL8-ctrl,neg,100.44
SYNTHETIC_ILLUSTRATIVE_NOT_REAL,PLT-D-PBM-IL8-ctrl,neg,101.06
SYNTHETIC_ILLUSTRATIVE_NOT_REAL,PLT-D-PBM-IL8-ctrl,neg,99.08
SYNTHETIC_ILLUSTRATIVE_NOT_REAL,PLT-D-PBM-IL8-ctrl,pos,11.02
SYNTHETIC_ILLUSTRATIVE_NOT_REAL,PLT-D-PBM-IL8-ctrl,pos,10.56
SYNTHETIC_ILLUSTRATIVE_NOT_REAL,PLT-D-PBM-IL8-ctrl,pos,9.52
SYNTHETIC_ILLUSTRATIVE_NOT_REAL,PLT-D-PBM-IL8-ctrl,pos,10.07
SYNTHETIC_ILLUSTRATIVE_NOT_REAL,PLT-D-PBM-IL8-ctrl,pos,9.81
SYNTHETIC_ILLUSTRATIVE_NOT_REAL,PLT-D-PBM-IL8-ctrl,pos,10.36
SYNTHETIC_ILLUSTRATIVE_NOT_REAL,PLT-D-PBM-IL8-ctrl,pos,10.66
SYNTHETIC_ILLUSTRATIVE_NOT_REAL,PLT-D-PBM-IL8-ctrl,pos,8.62
SYNTHETIC_ILLUSTRATIVE_NOT_REAL,PLT-D-PBM-IL1-ctrl,neg,97.49
SYNTHETIC_ILLUSTRATIVE_NOT_REAL,PLT-D-PBM-IL1-ctrl,neg,100.71
SYNTHETIC_ILLUSTRATIVE_NOT_REAL,PLT-D-PBM-IL1-ctrl,neg,98.69
SYNTHETIC_ILLUSTRATIVE_NOT_REAL,PLT-D-PBM-IL1-ctrl,neg,100.44
SYNTHETIC_ILLUSTRATIVE_NOT_REAL,PLT-D-PBM-IL1-ctrl,neg,99.19
SYNTHETIC_ILLUSTRATIVE_NOT_REAL,PLT-D-PBM-IL1-ctrl,neg,96.66
SYNTHETIC_ILLUSTRATIVE_NOT_REAL,PLT-D-PBM-IL1-ctrl,neg,99.57
SYNTHETIC_ILLUSTRATIVE_NOT_REAL,PLT-D-PBM-IL1-ctrl,neg,99.91
SYNTHETIC_ILLUSTRATIVE_NOT_REAL,PLT-D-PBM-IL1-ctrl,pos,10.6
SYNTHETIC_ILLUSTRATIVE_NOT_REAL,PLT-D-PBM-IL1-ctrl,pos,10.45
SYNTHETIC_ILLUSTRATIVE_NOT_REAL,PLT-D-PBM-IL1-ctrl,pos,10.95
SYNTHETIC_ILLUSTRATIVE_NOT_REAL,PLT-D-PBM-IL1-ctrl,pos,11.31
SYNTHETIC_ILLUSTRATIVE_NOT_REAL,PLT-D-PBM-IL1-ctrl,pos,11.27
SYNTHETIC_ILLUSTRATIVE_NOT_REAL,PLT-D-PBM-IL1-ctrl,neg,95.48
SYNTHETIC_ILLUSTRATIVE_NOT_REAL,PLT-D-PBM-IL1-ctrl,neg,102.1
SYNTHETIC_ILLUSTRATIVE_NOT_REAL,PLT-D-PBM-IL1-ctrl,neg,99.11
SYNTHETIC_ILLUSTRATIVE_NOT_REAL,PLT-D-PBM-IL1-ctrl,neg,96.57
SYNTHETIC_ILLUSTRATIVE_NOT_REAL,PLT-D-PBM-IL1-ctrl,neg,96.8
SYNTHETIC_ILLUSTRATIVE_NOT_REAL,PLT-D-PBM-IL1-ctrl,neg,99.87
SYNTHETIC_ILLUSTRATIVE_NOT_REAL,PLT-D-PBM-IL1-ctrl,neg,96.77
SYNTHETIC_ILLUSTRATIVE_NOT_REAL,PLT-D-PBM-IL1-ctrl,neg,99.21
SYNTHETIC_ILLUSTRATIVE_NOT_REAL,PLT-D-PBM-IL1-ctrl,pos,9.12
SYNTHETIC_ILLUSTRATIVE_NOT_REAL,PLT-D-PBM-IL1-ctrl,pos,9.66
SYNTHETIC_ILLUSTRATIVE_NOT_REAL,PLT-D-PBM-IL1-ctrl,pos,9.58
SYNTHETIC_ILLUSTRATIVE_NOT_REAL,PLT-D-PBM-IL1-ctrl,pos,11.02
SYNTHETIC_ILLUSTRATIVE_NOT_REAL,PLT-D-PBM-IL1-ctrl,pos,8.96
SYNTHETIC_ILLUSTRATIVE_NOT_REAL,PLT-D-PBM-IL1-ctrl,pos,9.78
SYNTHETIC_ILLUSTRATIVE_NOT_REAL,PLT-D-PBM-TNF-ctrl,neg,96.8
SYNTHETIC_ILLUSTRATIVE_NOT_REAL,PLT-D-PBM-TNF-ctrl,neg,99.85
SYNTHETIC_ILLUSTRATIVE_NOT_REAL,PLT-D-PBM-TNF-ctrl,neg,102.03
SYNTHETIC_ILLUSTRATIVE_NOT_REAL,PLT-D-PBM-TNF-ctrl,neg,94.58
SYNTHETIC_ILLUSTRATIVE_NOT_REAL,PLT-D-PBM-TNF-ctrl,neg,96.41
SYNTHETIC_ILLUSTRATIVE_NOT_REAL,PLT-D-PBM-TNF-ctrl,neg,101.17
SYNTHETIC_ILLUSTRATIVE_NOT_REAL,PLT-D-PBM-TNF-ctrl,neg,101.11
SYNTHETIC_ILLUSTRATIVE_NOT_REAL,PLT-D-PBM-TNF-ctrl,neg,100.0
SYNTHETIC_ILLUSTRATIVE_NOT_REAL,PLT-D-PBM-TNF-ctrl,pos,10.46
SYNTHETIC_ILLUSTRATIVE_NOT_REAL,PLT-D-PBM-TNF-ctrl,pos,9.81
SYNTHETIC_ILLUSTRATIVE_NOT_REAL,PLT-D-PBM-TNF-ctrl,pos,11.02
SYNTHETIC_ILLUSTRATIVE_NOT_REAL,PLT-D-PBM-TNF-ctrl,pos,9.1
SYNTHETIC_ILLUSTRATIVE_NOT_REAL,PLT-D-PBM-TNF-ctrl,pos,11.21
SYNTHETIC_ILLUSTRATIVE_NOT_REAL,PLT-D-PBM-TNF-ctrl,pos,9.88
SYNTHETIC_ILLUSTRATIVE_NOT_REAL,PLT-D-PBM-TNF-ctrl,pos,9.35
SYNTHETIC_ILLUSTRATIVE_NOT_REAL,PLT-D-PBM-TNF-ctrl,pos,10.53
SYNTHETIC_ILLUSTRATIVE_NOT_REAL,PLT-D-PBM-MCP-ctrl,neg,101.91
SYNTHETIC_ILLUSTRATIVE_NOT_REAL,PLT-D-PBM-MCP-ctrl,neg,99.78
SYNTHETIC_ILLUSTRATIVE_NOT_REAL,PLT-D-PBM-MCP-ctrl,neg,97.43
SYNTHETIC_ILLUSTRATIVE_NOT_REAL,PLT-D-PBM-MCP-ctrl,neg,102.08
SYNTHETIC_ILLUSTRATIVE_NOT_REAL,PLT-D-PBM-MCP-ctrl,neg,100.8
SYNTHETIC_ILLUSTRATIVE_NOT_REAL,PLT-D-PBM-MCP-ctrl,neg,96.8
SYNTHETIC_ILLUSTRATIVE_NOT_REAL,PLT-D-PBM-MCP-ctrl,neg,99.74
SYNTHETIC_ILLUSTRATIVE_NOT_REAL,PLT-D-PBM-MCP-ctrl,neg,97.55
SYNTHETIC_ILLUSTRATIVE_NOT_REAL,PLT-D-PBM-MCP-ctrl,pos,11.91
SYNTHETIC_ILLUSTRATIVE_NOT_REAL,PLT-D-PBM-MCP-ctrl,pos,9.82
SYNTHETIC_ILLUSTRATIVE_NOT_REAL,PLT-D-PBM-MCP-ctrl,pos,10.03
SYNTHETIC_ILLUSTRATIVE_NOT_REAL,PLT-D-PBM-MCP-ctrl,pos,10.79
SYNTHETIC_ILLUSTRATIVE_NOT_REAL,PLT-D-PBM-MCP-ctrl,pos,8.97
SYNTHETIC_ILLUSTRATIVE_NOT_REAL,PLT-D-PBM-MCP-ctrl,pos,9.9
SYNTHETIC_ILLUSTRATIVE_NOT_REAL,PLT-D-PBM-MCP-ctrl,pos,10.35
SYNTHETIC_ILLUSTRATIVE_NOT_REAL,PLT-D-PBM-IP1-ctrl,neg,98.04
SYNTHETIC_ILLUSTRATIVE_NOT_REAL,PLT-D-PBM-IP1-ctrl,neg,100.98
SYNTHETIC_ILLUSTRATIVE_NOT_REAL,PLT-D-PBM-IP1-ctrl,neg,101.86
SYNTHETIC_ILLUSTRATIVE_NOT_REAL,PLT-D-PBM-IP1-ctrl,neg,96.54
SYNTHETIC_ILLUSTRATIVE_NOT_REAL,PLT-D-PBM-IP1-ctrl,neg,98.61
SYNTHETIC_ILLUSTRATIVE_NOT_REAL,PLT-D-PBM-IP1-ctrl,neg,96.8
SYNTHETIC_ILLUSTRATIVE_NOT_REAL,PLT-D-PBM-IP1-ctrl,neg,97.19
SYNTHETIC_ILLUSTRATIVE_NOT_REAL,PLT-D-PBM-IP1-ctrl,neg,98.31
SYNTHETIC_ILLUSTRATIVE_NOT_REAL,PLT-D-PBM-IP1-ctrl,pos,10.61
SYNTHETIC_ILLUSTRATIVE_NOT_REAL,PLT-D-PBM-IP1-ctrl,pos,10.79
SYNTHETIC_ILLUSTRATIVE_NOT_REAL,PLT-D-PBM-IP1-ctrl,pos,9.6
SYNTHETIC_ILLUSTRATIVE_NOT_REAL,PLT-D-PBM-IP1-ctrl,pos,9.19
SYNTHETIC_ILLUSTRATIVE_NOT_REAL,PLT-D-PBM-IP1-ctrl,pos,11.23
SYNTHETIC_ILLUSTRATIVE_NOT_REAL,PLT-D-PBM-IP1-ctrl,pos,9.81
SYNTHETIC_ILLUSTRATIVE_NOT_REAL,PLT-D-PBM-IP1-ctrl,pos,11.46
SYNTHETIC_ILLUSTRATIVE_NOT_REAL,PLT-D-PBM-GM_-ctrl,neg,102.37
SYNTHETIC_ILLUSTRATIVE_NOT_REAL,PLT-D-PBM-GM_-ctrl,neg,98.52
SYNTHETIC_ILLUSTRATIVE_NOT_REAL,PLT-D-PBM-GM_-ctrl,neg,102.17
SYNTHETIC_ILLUSTRATIVE_NOT_REAL,PLT-D-PBM-GM_-ctrl,neg,100.43
SYNTHETIC_ILLUSTRATIVE_NOT_REAL,PLT-D-PBM-GM_-ctrl,neg,98.1
SYNTHETIC_ILLUSTRATIVE_NOT_REAL,PLT-D-PBM-GM_-ctrl,neg,98.27
SYNTHETIC_ILLUSTRATIVE_NOT_REAL,PLT-D-PBM-GM_-ctrl,neg,100.49
SYNTHETIC_ILLUSTRATIVE_NOT_REAL,PLT-D-PBM-GM_-ctrl,neg,99.76
SYNTHETIC_ILLUSTRATIVE_NOT_REAL,PLT-D-PBM-GM_-ctrl,pos,10.5
SYNTHETIC_ILLUSTRATIVE_NOT_REAL,PLT-D-PBM-GM_-ctrl,pos,8.47
SYNTHETIC_ILLUSTRATIVE_NOT_REAL,PLT-D-PBM-GM_-ctrl,pos,10.89
SYNTHETIC_ILLUSTRATIVE_NOT_REAL,PLT-D-PBM-GM_-ctrl,pos,9.08
SYNTHETIC_ILLUSTRATIVE_NOT_REAL,PLT-D-PBM-GM_-ctrl,pos,11.54
SYNTHETIC_ILLUSTRATIVE_NOT_REAL,PLT-D-PBM-GM_-ctrl,pos,10.63
SYNTHETIC_ILLUSTRATIVE_NOT_REAL,PLT-D-PBM-IL4-ctrl,neg,100.49
SYNTHETIC_ILLUSTRATIVE_NOT_REAL,PLT-D-PBM-IL4-ctrl,neg,103.41
SYNTHETIC_ILLUSTRATIVE_NOT_REAL,PLT-D-PBM-IL4-ctrl,neg,100.36
SYNTHETIC_ILLUSTRATIVE_NOT_REAL,PLT-D-PBM-IL4-ctrl,neg,98.45
SYNTHETIC_ILLUSTRATIVE_NOT_REAL,PLT-D-PBM-IL4-ctrl,neg,99.61
SYNTHETIC_ILLUSTRATIVE_NOT_REAL,PLT-D-PBM-IL4-ctrl,neg,99.01
SYNTHETIC_ILLUSTRATIVE_NOT_REAL,PLT-D-PBM-IL4-ctrl,neg,101.31
SYNTHETIC_ILLUSTRATIVE_NOT_REAL,PLT-D-PBM-IL4-ctrl,neg,103.68
SYNTHETIC_ILLUSTRATIVE_NOT_REAL,PLT-D-PBM-IL4-ctrl,pos,11.41
SYNTHETIC_ILLUSTRATIVE_NOT_REAL,PLT-D-PBM-IL4-ctrl,pos,9.89
SYNTHETIC_ILLUSTRATIVE_NOT_REAL,PLT-D-PBM-IL4-ctrl,pos,10.02
SYNTHETIC_ILLUSTRATIVE_NOT_REAL,PLT-D-PBM-IL4-ctrl,pos,10.9
SYNTHETIC_ILLUSTRATIVE_NOT_REAL,PLT-D-PBM-IL4-ctrl,pos,10.58
SYNTHETIC_ILLUSTRATIVE_NOT_REAL,PLT-D-PBM-IL4-ctrl,pos,8.11
SYNTHETIC_ILLUSTRATIVE_NOT_REAL,PLT-D-PBM-IL4-ctrl,pos,9.3
SYNTHETIC_ILLUSTRATIVE_NOT_REAL,PLT-D-PBM-IL4-ctrl,pos,9.62
SYNTHETIC_ILLUSTRATIVE_NOT_REAL,PLT-D-PBM-IL1-ctrl,neg,97.39
SYNTHETIC_ILLUSTRATIVE_NOT_REAL,PLT-D-PBM-IL1-ctrl,neg,104.08
SYNTHETIC_ILLUSTRATIVE_NOT_REAL,PLT-D-PBM-IL1-ctrl,neg,99.36
SYNTHETIC_ILLUSTRATIVE_NOT_REAL,PLT-D-PBM-IL1-ctrl,neg,100.27
SYNTHETIC_ILLUSTRATIVE_NOT_REAL,PLT-D-PBM-IL1-ctrl,neg,100.89
SYNTHETIC_ILLUSTRATIVE_NOT_REAL,PLT-D-PBM-IL1-ctrl,neg,98.11
SYNTHETIC_ILLUSTRATIVE_NOT_REAL,PLT-D-PBM-IL1-ctrl,neg,97.84
SYNTHETIC_ILLUSTRATIVE_NOT_REAL,PLT-D-PBM-IL1-ctrl,neg,98.62
SYNTHETIC_ILLUSTRATIVE_NOT_REAL,PLT-D-PBM-IL1-ctrl,pos,10.58
SYNTHETIC_ILLUSTRATIVE_NOT_REAL,PLT-D-PBM-IL1-ctrl,pos,9.46
SYNTHETIC_ILLUSTRATIVE_NOT_REAL,PLT-D-PBM-IL1-ctrl,pos,9.55
SYNTHETIC_ILLUSTRATIVE_NOT_REAL,PLT-D-PBM-IL1-ctrl,pos,9.3
SYNTHETIC_ILLUSTRATIVE_NOT_REAL,PLT-D-PBM-IL1-ctrl,pos,10.17
SYNTHETIC_ILLUSTRATIVE_NOT_REAL,PLT-D-PBM-IL1-ctrl,pos,10.13
SYNTHETIC_ILLUSTRATIVE_NOT_REAL,PLT-D-PBM-IL1-ctrl,pos,10.63
SYNTHETIC_ILLUSTRATIVE_NOT_REAL,PLT-D-PBM-TLR-ctrl,neg,104.75
SYNTHETIC_ILLUSTRATIVE_NOT_REAL,PLT-D-PBM-TLR-ctrl,neg,99.07
SYNTHETIC_ILLUSTRATIVE_NOT_REAL,PLT-D-PBM-TLR-ctrl,neg,100.2
SYNTHETIC_ILLUSTRATIVE_NOT_REAL,PLT-D-PBM-TLR-ctrl,neg,98.96
SYNTHETIC_ILLUSTRATIVE_NOT_REAL,PLT-D-PBM-TLR-ctrl,neg,98.78
SYNTHETIC_ILLUSTRATIVE_NOT_REAL,PLT-D-PBM-TLR-ctrl,neg,101.43
SYNTHETIC_ILLUSTRATIVE_NOT_REAL,PLT-D-PBM-TLR-ctrl,neg,102.3
SYNTHETIC_ILLUSTRATIVE_NOT_REAL,PLT-D-PBM-TLR-ctrl,neg,101.64
SYNTHETIC_ILLUSTRATIVE_NOT_REAL,PLT-D-PBM-TLR-ctrl,pos,7.96
SYNTHETIC_ILLUSTRATIVE_NOT_REAL,PLT-D-PBM-TLR-ctrl,pos,10.67
SYNTHETIC_ILLUSTRATIVE_NOT_REAL,PLT-D-PBM-TLR-ctrl,pos,9.89
SYNTHETIC_ILLUSTRATIVE_NOT_REAL,PLT-D-PBM-TLR-ctrl,pos,9.07
SYNTHETIC_ILLUSTRATIVE_NOT_REAL,PLT-D-PBM-TLR-ctrl,pos,9.33
SYNTHETIC_ILLUSTRATIVE_NOT_REAL,PLT-D-PBM-TLR-ctrl,pos,8.27
SYNTHETIC_ILLUSTRATIVE_NOT_REAL,PLT-D-PBM-TLR-ctrl,pos,10.42
SYNTHETIC_ILLUSTRATIVE_NOT_REAL,PLT-D-PBM-NK_-ctrl,neg,99.6
SYNTHETIC_ILLUSTRATIVE_NOT_REAL,PLT-D-PBM-NK_-ctrl,neg,103.92
SYNTHETIC_ILLUSTRATIVE_NOT_REAL,PLT-D-PBM-NK_-ctrl,neg,100.05
SYNTHETIC_ILLUSTRATIVE_NOT_REAL,PLT-D-PBM-NK_-ctrl,neg,98.73
SYNTHETIC_ILLUSTRATIVE_NOT_REAL,PLT-D-PBM-NK_-ctrl,neg,102.47
SYNTHETIC_ILLUSTRATIVE_NOT_REAL,PLT-D-PBM-NK_-ctrl,neg,96.46
SYNTHETIC_ILLUSTRATIVE_NOT_REAL,PLT-D-PBM-NK_-ctrl,neg,100.11
SYNTHETIC_ILLUSTRATIVE_NOT_REAL,PLT-D-PBM-NK_-ctrl,neg,101.65
SYNTHETIC_ILLUSTRATIVE_NOT_REAL,PLT-D-PBM-NK_-ctrl,pos,8.72
SYNTHETIC_ILLUSTRATIVE_NOT_REAL,PLT-D-PBM-NK_-ctrl,pos,10.51
SYNTHETIC_ILLUSTRATIVE_NOT_REAL,PLT-D-PBM-NK_-ctrl,pos,11.82
SYNTHETIC_ILLUSTRATIVE_NOT_REAL,PLT-D-PBM-NK_-ctrl,pos,11.27
SYNTHETIC_ILLUSTRATIVE_NOT_REAL,PLT-D-PBM-NK_-ctrl,pos,9.23
SYNTHETIC_ILLUSTRATIVE_NOT_REAL,PLT-D-PBM-NK_-ctrl,pos,10.49
SYNTHETIC_ILLUSTRATIVE_NOT_REAL,PLT-D-PBM-NK_-ctrl,pos,9.58
SYNTHETIC_ILLUSTRATIVE_NOT_REAL,PLT-D-PBM-NK_-ctrl,pos,9.65
SYNTHETIC_ILLUSTRATIVE_NOT_REAL,PLT-D-PBM-C3a-ctrl,neg,100.46
SYNTHETIC_ILLUSTRATIVE_NOT_REAL,PLT-D-PBM-C3a-ctrl,neg,104.09
SYNTHETIC_ILLUSTRATIVE_NOT_REAL,PLT-D-PBM-C3a-ctrl,neg,97.88
SYNTHETIC_ILLUSTRATIVE_NOT_REAL,PLT-D-PBM-C3a-ctrl,neg,97.55
SYNTHETIC_ILLUSTRATIVE_NOT_REAL,PLT-D-PBM-C3a-ctrl,neg,97.77
SYNTHETIC_ILLUSTRATIVE_NOT_REAL,PLT-D-PBM-C3a-ctrl,neg,95.62
SYNTHETIC_ILLUSTRATIVE_NOT_REAL,PLT-D-PBM-C3a-ctrl,neg,98.72
SYNTHETIC_ILLUSTRATIVE_NOT_REAL,PLT-D-PBM-C3a-ctrl,neg,104.92
SYNTHETIC_ILLUSTRATIVE_NOT_REAL,PLT-D-PBM-C3a-ctrl,pos,9.47
SYNTHETIC_ILLUSTRATIVE_NOT_REAL,PLT-D-PBM-C3a-ctrl,pos,9.77
SYNTHETIC_ILLUSTRATIVE_NOT_REAL,PLT-D-PBM-C3a-ctrl,pos,10.66
SYNTHETIC_ILLUSTRATIVE_NOT_REAL,PLT-D-PBM-C3a-ctrl,pos,10.49
SYNTHETIC_ILLUSTRATIVE_NOT_REAL,PLT-D-PBM-C3a-ctrl,pos,8.32
SYNTHETIC_ILLUSTRATIVE_NOT_REAL,PLT-D-PBM-C3a-ctrl,pos,10.4
SYNTHETIC_ILLUSTRATIVE_NOT_REAL,PLT-D-PBM-C3a-ctrl,pos,11.39
SYNTHETIC_ILLUSTRATIVE_NOT_REAL,PLT-D-PBM-C3a-ctrl,pos,11.26
SYNTHETIC_ILLUSTRATIVE_NOT_REAL,PLT-D-PBM-C5a-ctrl,neg,100.68
SYNTHETIC_ILLUSTRATIVE_NOT_REAL,PLT-D-PBM-C5a-ctrl,neg,97.5
SYNTHETIC_ILLUSTRATIVE_NOT_REAL,PLT-D-PBM-C5a-ctrl,neg,99.08
SYNTHETIC_ILLUSTRATIVE_NOT_REAL,PLT-D-PBM-C5a-ctrl,neg,97.23
SYNTHETIC_ILLUSTRATIVE_NOT_REAL,PLT-D-PBM-C5a-ctrl,neg,102.97
SYNTHETIC_ILLUSTRATIVE_NOT_REAL,PLT-D-PBM-C5a-ctrl,neg,103.19
SYNTHETIC_ILLUSTRATIVE_NOT_REAL,PLT-D-PBM-C5a-ctrl,neg,100.89
SYNTHETIC_ILLUSTRATIVE_NOT_REAL,PLT-D-PBM-C5a-ctrl,neg,98.06
SYNTHETIC_ILLUSTRATIVE_NOT_REAL,PLT-D-PBM-C5a-ctrl,pos,9.91
SYNTHETIC_ILLUSTRATIVE_NOT_REAL,PLT-D-PBM-C5a-ctrl,pos,11.42
SYNTHETIC_ILLUSTRATIVE_NOT_REAL,PLT-D-PBM-C5a-ctrl,pos,10.62
SYNTHETIC_ILLUSTRATIVE_NOT_REAL,PLT-D-PBM-C5a-ctrl,pos,10.96
SYNTHETIC_ILLUSTRATIVE_NOT_REAL,PLT-D-PBM-C5a-ctrl,pos,11.93
SYNTHETIC_ILLUSTRATIVE_NOT_REAL,PLT-D-PBM-C5a-ctrl,pos,10.91
SYNTHETIC_ILLUSTRATIVE_NOT_REAL,PLT-D-PBM-C5a-ctrl,pos,10.34
SYNTHETIC_ILLUSTRATIVE_NOT_REAL,PLT-D-PBM-C1q-ctrl,neg,101.26
SYNTHETIC_ILLUSTRATIVE_NOT_REAL,PLT-D-PBM-C1q-ctrl,neg,101.42
SYNTHETIC_ILLUSTRATIVE_NOT_REAL,PLT-D-PBM-C1q-ctrl,neg,98.62
SYNTHETIC_ILLUSTRATIVE_NOT_REAL,PLT-D-PBM-C1q-ctrl,neg,100.33
SYNTHETIC_ILLUSTRATIVE_NOT_REAL,PLT-D-PBM-C1q-ctrl,neg,101.53
SYNTHETIC_ILLUSTRATIVE_NOT_REAL,PLT-D-PBM-C1q-ctrl,neg,97.61
SYNTHETIC_ILLUSTRATIVE_NOT_REAL,PLT-D-PBM-C1q-ctrl,neg,100.59
SYNTHETIC_ILLUSTRATIVE_NOT_REAL,PLT-D-PBM-C1q-ctrl,neg,97.7
SYNTHETIC_ILLUSTRATIVE_NOT_REAL,PLT-D-PBM-C1q-ctrl,pos,10.03
SYNTHETIC_ILLUSTRATIVE_NOT_REAL,PLT-D-PBM-C1q-ctrl,pos,10.65
SYNTHETIC_ILLUSTRATIVE_NOT_REAL,PLT-D-PBM-C1q-ctrl,pos,10.27
SYNTHETIC_ILLUSTRATIVE_NOT_REAL,PLT-D-PBM-C1q-ctrl,pos,10.05
SYNTHETIC_ILLUSTRATIVE_NOT_REAL,PLT-D-PBM-C1q-ctrl,pos,10.1
SYNTHETIC_ILLUSTRATIVE_NOT_REAL,PLT-D-PBM-C1q-ctrl,pos,9.27
SYNTHETIC_ILLUSTRATIVE_NOT_REAL,PLT-D-PBM-C1q-ctrl,pos,10.96
SYNTHETIC_ILLUSTRATIVE_NOT_REAL,PLT-D-PBM-C1q-ctrl,pos,9.17
SYNTHETIC_ILLUSTRATIVE_NOT_REAL,PLT-E-PHH-Cel-ctrl,neg,100.22
SYNTHETIC_ILLUSTRATIVE_NOT_REAL,PLT-E-PHH-Cel-ctrl,neg,95.13
SYNTHETIC_ILLUSTRATIVE_NOT_REAL,PLT-E-PHH-Cel-ctrl,neg,98.26
SYNTHETIC_ILLUSTRATIVE_NOT_REAL,PLT-E-PHH-Cel-ctrl,neg,97.45
SYNTHETIC_ILLUSTRATIVE_NOT_REAL,PLT-E-PHH-Cel-ctrl,neg,99.67
SYNTHETIC_ILLUSTRATIVE_NOT_REAL,PLT-E-PHH-Cel-ctrl,neg,100.36
SYNTHETIC_ILLUSTRATIVE_NOT_REAL,PLT-E-PHH-Cel-ctrl,neg,100.44
SYNTHETIC_ILLUSTRATIVE_NOT_REAL,PLT-E-PHH-Cel-ctrl,neg,98.94
SYNTHETIC_ILLUSTRATIVE_NOT_REAL,PLT-E-PHH-Cel-ctrl,pos,9.58
SYNTHETIC_ILLUSTRATIVE_NOT_REAL,PLT-E-PHH-Cel-ctrl,pos,10.39
SYNTHETIC_ILLUSTRATIVE_NOT_REAL,PLT-E-PHH-Cel-ctrl,pos,9.57
SYNTHETIC_ILLUSTRATIVE_NOT_REAL,PLT-E-PHH-Cel-ctrl,pos,11.21
SYNTHETIC_ILLUSTRATIVE_NOT_REAL,PLT-E-PHH-Cel-ctrl,pos,9.92
SYNTHETIC_ILLUSTRATIVE_NOT_REAL,PLT-E-PHH-Cel-ctrl,pos,9.89
SYNTHETIC_ILLUSTRATIVE_NOT_REAL,PLT-E-PHH-Cel-ctrl,pos,10.53
SYNTHETIC_ILLUSTRATIVE_NOT_REAL,PLT-E-PHH-Cel-ctrl,pos,9.75
SYNTHETIC_ILLUSTRATIVE_NOT_REAL,PLT-E-PHH-LDH-ctrl,neg,97.66
SYNTHETIC_ILLUSTRATIVE_NOT_REAL,PLT-E-PHH-LDH-ctrl,neg,99.99
SYNTHETIC_ILLUSTRATIVE_NOT_REAL,PLT-E-PHH-LDH-ctrl,neg,104.19
SYNTHETIC_ILLUSTRATIVE_NOT_REAL,PLT-E-PHH-LDH-ctrl,neg,99.81
SYNTHETIC_ILLUSTRATIVE_NOT_REAL,PLT-E-PHH-LDH-ctrl,neg,98.92
SYNTHETIC_ILLUSTRATIVE_NOT_REAL,PLT-E-PHH-LDH-ctrl,neg,99.41
SYNTHETIC_ILLUSTRATIVE_NOT_REAL,PLT-E-PHH-LDH-ctrl,neg,102.96
SYNTHETIC_ILLUSTRATIVE_NOT_REAL,PLT-E-PHH-LDH-ctrl,neg,97.21
SYNTHETIC_ILLUSTRATIVE_NOT_REAL,PLT-E-PHH-LDH-ctrl,pos,11.51
SYNTHETIC_ILLUSTRATIVE_NOT_REAL,PLT-E-PHH-LDH-ctrl,pos,9.53
SYNTHETIC_ILLUSTRATIVE_NOT_REAL,PLT-E-PHH-LDH-ctrl,pos,10.41
SYNTHETIC_ILLUSTRATIVE_NOT_REAL,PLT-E-PHH-LDH-ctrl,pos,10.6
SYNTHETIC_ILLUSTRATIVE_NOT_REAL,PLT-E-PHH-LDH-ctrl,pos,9.31
SYNTHETIC_ILLUSTRATIVE_NOT_REAL,PLT-E-PHH-LDH-ctrl,pos,9.73
SYNTHETIC_ILLUSTRATIVE_NOT_REAL,PLT-E-PHH-LDH-ctrl,pos,10.62
SYNTHETIC_ILLUSTRATIVE_NOT_REAL,PLT-E-PHH-LDH-ctrl,pos,9.89
SYNTHETIC_ILLUSTRATIVE_NOT_REAL,PLT-E-PHH-ALT-ctrl,neg,96.27
SYNTHETIC_ILLUSTRATIVE_NOT_REAL,PLT-E-PHH-ALT-ctrl,neg,99.51
SYNTHETIC_ILLUSTRATIVE_NOT_REAL,PLT-E-PHH-ALT-ctrl,neg,97.97
SYNTHETIC_ILLUSTRATIVE_NOT_REAL,PLT-E-PHH-ALT-ctrl,neg,100.21
SYNTHETIC_ILLUSTRATIVE_NOT_REAL,PLT-E-PHH-ALT-ctrl,neg,100.75
SYNTHETIC_ILLUSTRATIVE_NOT_REAL,PLT-E-PHH-ALT-ctrl,neg,100.17
SYNTHETIC_ILLUSTRATIVE_NOT_REAL,PLT-E-PHH-ALT-ctrl,neg,101.29
SYNTHETIC_ILLUSTRATIVE_NOT_REAL,PLT-E-PHH-ALT-ctrl,neg,100.53
SYNTHETIC_ILLUSTRATIVE_NOT_REAL,PLT-E-PHH-ALT-ctrl,pos,10.48
SYNTHETIC_ILLUSTRATIVE_NOT_REAL,PLT-E-PHH-ALT-ctrl,pos,9.8
SYNTHETIC_ILLUSTRATIVE_NOT_REAL,PLT-E-PHH-ALT-ctrl,pos,10.56
SYNTHETIC_ILLUSTRATIVE_NOT_REAL,PLT-E-PHH-ALT-ctrl,pos,9.0
SYNTHETIC_ILLUSTRATIVE_NOT_REAL,PLT-E-PHH-ALT-ctrl,pos,10.57
SYNTHETIC_ILLUSTRATIVE_NOT_REAL,PLT-E-PHH-ALT-ctrl,pos,9.48
SYNTHETIC_ILLUSTRATIVE_NOT_REAL,PLT-E-PHH-ALT-ctrl,pos,9.77
SYNTHETIC_ILLUSTRATIVE_NOT_REAL,PLT-E-PHH-ALT-ctrl,pos,10.16
SYNTHETIC_ILLUSTRATIVE_NOT_REAL,PLT-E-PHH-AST-ctrl,neg,98.13
SYNTHETIC_ILLUSTRATIVE_NOT_REAL,PLT-E-PHH-AST-ctrl,neg,102.06
SYNTHETIC_ILLUSTRATIVE_NOT_REAL,PLT-E-PHH-AST-ctrl,neg,99.15
SYNTHETIC_ILLUSTRATIVE_NOT_REAL,PLT-E-PHH-AST-ctrl,neg,102.21
SYNTHETIC_ILLUSTRATIVE_NOT_REAL,PLT-E-PHH-AST-ctrl,neg,100.97
SYNTHETIC_ILLUSTRATIVE_NOT_REAL,PLT-E-PHH-AST-ctrl,neg,96.68
SYNTHETIC_ILLUSTRATIVE_NOT_REAL,PLT-E-PHH-AST-ctrl,neg,97.6
SYNTHETIC_ILLUSTRATIVE_NOT_REAL,PLT-E-PHH-AST-ctrl,neg,97.4
SYNTHETIC_ILLUSTRATIVE_NOT_REAL,PLT-E-PHH-AST-ctrl,pos,11.02
SYNTHETIC_ILLUSTRATIVE_NOT_REAL,PLT-E-PHH-AST-ctrl,pos,10.56
SYNTHETIC_ILLUSTRATIVE_NOT_REAL,PLT-E-PHH-AST-ctrl,pos,10.43
SYNTHETIC_ILLUSTRATIVE_NOT_REAL,PLT-E-PHH-AST-ctrl,pos,8.92
SYNTHETIC_ILLUSTRATIVE_NOT_REAL,PLT-E-PHH-AST-ctrl,pos,10.22
SYNTHETIC_ILLUSTRATIVE_NOT_REAL,PLT-E-PHH-AST-ctrl,pos,7.04
SYNTHETIC_ILLUSTRATIVE_NOT_REAL,PLT-E-PHH-AST-ctrl,pos,9.9
SYNTHETIC_ILLUSTRATIVE_NOT_REAL,PLT-E-PHH-Cas-ctrl,neg,105.09
SYNTHETIC_ILLUSTRATIVE_NOT_REAL,PLT-E-PHH-Cas-ctrl,neg,99.76
SYNTHETIC_ILLUSTRATIVE_NOT_REAL,PLT-E-PHH-Cas-ctrl,neg,102.28
SYNTHETIC_ILLUSTRATIVE_NOT_REAL,PLT-E-PHH-Cas-ctrl,neg,102.44
SYNTHETIC_ILLUSTRATIVE_NOT_REAL,PLT-E-PHH-Cas-ctrl,neg,96.26
SYNTHETIC_ILLUSTRATIVE_NOT_REAL,PLT-E-PHH-Cas-ctrl,neg,103.6
SYNTHETIC_ILLUSTRATIVE_NOT_REAL,PLT-E-PHH-Cas-ctrl,neg,97.65
SYNTHETIC_ILLUSTRATIVE_NOT_REAL,PLT-E-PHH-Cas-ctrl,neg,99.68
SYNTHETIC_ILLUSTRATIVE_NOT_REAL,PLT-E-PHH-Cas-ctrl,pos,9.24
SYNTHETIC_ILLUSTRATIVE_NOT_REAL,PLT-E-PHH-Cas-ctrl,pos,9.41
SYNTHETIC_ILLUSTRATIVE_NOT_REAL,PLT-E-PHH-Cas-ctrl,pos,9.66
SYNTHETIC_ILLUSTRATIVE_NOT_REAL,PLT-E-PHH-Cas-ctrl,pos,11.21
SYNTHETIC_ILLUSTRATIVE_NOT_REAL,PLT-E-PHH-Cas-ctrl,pos,9.0
SYNTHETIC_ILLUSTRATIVE_NOT_REAL,PLT-E-PHH-Cas-ctrl,pos,10.86
SYNTHETIC_ILLUSTRATIVE_NOT_REAL,PLT-E-PHH-Cas-ctrl,pos,10.36
SYNTHETIC_ILLUSTRATIVE_NOT_REAL,PLT-E-PHH-HMG-ctrl,neg,98.71
SYNTHETIC_ILLUSTRATIVE_NOT_REAL,PLT-E-PHH-HMG-ctrl,neg,97.86
SYNTHETIC_ILLUSTRATIVE_NOT_REAL,PLT-E-PHH-HMG-ctrl,neg,100.16
SYNTHETIC_ILLUSTRATIVE_NOT_REAL,PLT-E-PHH-HMG-ctrl,neg,100.5
SYNTHETIC_ILLUSTRATIVE_NOT_REAL,PLT-E-PHH-HMG-ctrl,neg,100.26
SYNTHETIC_ILLUSTRATIVE_NOT_REAL,PLT-E-PHH-HMG-ctrl,neg,99.32
SYNTHETIC_ILLUSTRATIVE_NOT_REAL,PLT-E-PHH-HMG-ctrl,neg,99.4
SYNTHETIC_ILLUSTRATIVE_NOT_REAL,PLT-E-PHH-HMG-ctrl,neg,99.59
SYNTHETIC_ILLUSTRATIVE_NOT_REAL,PLT-E-PHH-HMG-ctrl,pos,9.63
SYNTHETIC_ILLUSTRATIVE_NOT_REAL,PLT-E-PHH-HMG-ctrl,pos,7.75
SYNTHETIC_ILLUSTRATIVE_NOT_REAL,PLT-E-PHH-HMG-ctrl,pos,10.13
SYNTHETIC_ILLUSTRATIVE_NOT_REAL,PLT-E-PHH-HMG-ctrl,pos,9.58
SYNTHETIC_ILLUSTRATIVE_NOT_REAL,PLT-E-PHH-HMG-ctrl,pos,9.7
SYNTHETIC_ILLUSTRATIVE_NOT_REAL,PLT-E-PHH-ROS-ctrl,neg,100.29
SYNTHETIC_ILLUSTRATIVE_NOT_REAL,PLT-E-PHH-ROS-ctrl,neg,101.7
SYNTHETIC_ILLUSTRATIVE_NOT_REAL,PLT-E-PHH-ROS-ctrl,neg,101.09
SYNTHETIC_ILLUSTRATIVE_NOT_REAL,PLT-E-PHH-ROS-ctrl,neg,102.3
SYNTHETIC_ILLUSTRATIVE_NOT_REAL,PLT-E-PHH-ROS-ctrl,neg,97.21
SYNTHETIC_ILLUSTRATIVE_NOT_REAL,PLT-E-PHH-ROS-ctrl,neg,100.02
SYNTHETIC_ILLUSTRATIVE_NOT_REAL,PLT-E-PHH-ROS-ctrl,neg,98.52
SYNTHETIC_ILLUSTRATIVE_NOT_REAL,PLT-E-PHH-ROS-ctrl,neg,102.66
SYNTHETIC_ILLUSTRATIVE_NOT_REAL,PLT-E-PHH-ROS-ctrl,pos,9.75
SYNTHETIC_ILLUSTRATIVE_NOT_REAL,PLT-E-PHH-ROS-ctrl,pos,10.71
SYNTHETIC_ILLUSTRATIVE_NOT_REAL,PLT-E-PHH-ROS-ctrl,pos,9.87
SYNTHETIC_ILLUSTRATIVE_NOT_REAL,PLT-E-PHH-ROS-ctrl,pos,10.1
SYNTHETIC_ILLUSTRATIVE_NOT_REAL,PLT-E-PHH-ROS-ctrl,pos,9.77
SYNTHETIC_ILLUSTRATIVE_NOT_REAL,PLT-E-PHH-ROS-ctrl,pos,10.86
SYNTHETIC_ILLUSTRATIVE_NOT_REAL,PLT-E-PHH-ROS-ctrl,pos,10.03
SYNTHETIC_ILLUSTRATIVE_NOT_REAL,PLT-E-PHH-Lip-ctrl,neg,99.72
SYNTHETIC_ILLUSTRATIVE_NOT_REAL,PLT-E-PHH-Lip-ctrl,neg,98.05
SYNTHETIC_ILLUSTRATIVE_NOT_REAL,PLT-E-PHH-Lip-ctrl,neg,100.81
SYNTHETIC_ILLUSTRATIVE_NOT_REAL,PLT-E-PHH-Lip-ctrl,neg,101.03
SYNTHETIC_ILLUSTRATIVE_NOT_REAL,PLT-E-PHH-Lip-ctrl,neg,101.61
SYNTHETIC_ILLUSTRATIVE_NOT_REAL,PLT-E-PHH-Lip-ctrl,neg,101.17
SYNTHETIC_ILLUSTRATIVE_NOT_REAL,PLT-E-PHH-Lip-ctrl,neg,99.81
SYNTHETIC_ILLUSTRATIVE_NOT_REAL,PLT-E-PHH-Lip-ctrl,neg,103.04
SYNTHETIC_ILLUSTRATIVE_NOT_REAL,PLT-E-PHH-Lip-ctrl,pos,9.54
SYNTHETIC_ILLUSTRATIVE_NOT_REAL,PLT-E-PHH-Lip-ctrl,pos,9.48
SYNTHETIC_ILLUSTRATIVE_NOT_REAL,PLT-E-PHH-Lip-ctrl,pos,10.54
SYNTHETIC_ILLUSTRATIVE_NOT_REAL,PLT-E-PHH-Lip-ctrl,pos,10.94
SYNTHETIC_ILLUSTRATIVE_NOT_REAL,PLT-E-PHH-Lip-ctrl,pos,10.16
SYNTHETIC_ILLUSTRATIVE_NOT_REAL,PLT-E-PHH-Lip-ctrl,pos,10.15
SYNTHETIC_ILLUSTRATIVE_NOT_REAL,PLT-E-PHH-Mit-ctrl,neg,98.87
SYNTHETIC_ILLUSTRATIVE_NOT_REAL,PLT-E-PHH-Mit-ctrl,neg,98.21
SYNTHETIC_ILLUSTRATIVE_NOT_REAL,PLT-E-PHH-Mit-ctrl,neg,101.65
SYNTHETIC_ILLUSTRATIVE_NOT_REAL,PLT-E-PHH-Mit-ctrl,neg,97.81
SYNTHETIC_ILLUSTRATIVE_NOT_REAL,PLT-E-PHH-Mit-ctrl,neg,101.51
SYNTHETIC_ILLUSTRATIVE_NOT_REAL,PLT-E-PHH-Mit-ctrl,neg,102.04
SYNTHETIC_ILLUSTRATIVE_NOT_REAL,PLT-E-PHH-Mit-ctrl,neg,97.54
SYNTHETIC_ILLUSTRATIVE_NOT_REAL,PLT-E-PHH-Mit-ctrl,pos,10.79
SYNTHETIC_ILLUSTRATIVE_NOT_REAL,PLT-E-PHH-Mit-ctrl,pos,11.09
SYNTHETIC_ILLUSTRATIVE_NOT_REAL,PLT-E-PHH-Mit-ctrl,pos,11.27
SYNTHETIC_ILLUSTRATIVE_NOT_REAL,PLT-E-PHH-Mit-ctrl,pos,11.18
SYNTHETIC_ILLUSTRATIVE_NOT_REAL,PLT-E-PHH-Mit-ctrl,pos,10.6
SYNTHETIC_ILLUSTRATIVE_NOT_REAL,PLT-E-PHH-Mit-ctrl,pos,10.61
SYNTHETIC_ILLUSTRATIVE_NOT_REAL,PLT-E-PHH-Mit-ctrl,pos,9.58
SYNTHETIC_ILLUSTRATIVE_NOT_REAL,PLT-E-PHH-Mit-ctrl,pos,11.56
SYNTHETIC_ILLUSTRATIVE_NOT_REAL,PLT-E-PHH-Bil-ctrl,neg,99.67
SYNTHETIC_ILLUSTRATIVE_NOT_REAL,PLT-E-PHH-Bil-ctrl,neg,98.83
SYNTHETIC_ILLUSTRATIVE_NOT_REAL,PLT-E-PHH-Bil-ctrl,neg,98.12
SYNTHETIC_ILLUSTRATIVE_NOT_REAL,PLT-E-PHH-Bil-ctrl,neg,99.37
SYNTHETIC_ILLUSTRATIVE_NOT_REAL,PLT-E-PHH-Bil-ctrl,neg,100.65
SYNTHETIC_ILLUSTRATIVE_NOT_REAL,PLT-E-PHH-Bil-ctrl,neg,98.34
SYNTHETIC_ILLUSTRATIVE_NOT_REAL,PLT-E-PHH-Bil-ctrl,neg,99.21
SYNTHETIC_ILLUSTRATIVE_NOT_REAL,PLT-E-PHH-Bil-ctrl,pos,10.46
SYNTHETIC_ILLUSTRATIVE_NOT_REAL,PLT-E-PHH-Bil-ctrl,pos,9.87
SYNTHETIC_ILLUSTRATIVE_NOT_REAL,PLT-E-PHH-Bil-ctrl,pos,9.81
SYNTHETIC_ILLUSTRATIVE_NOT_REAL,PLT-E-PHH-Bil-ctrl,pos,9.89
SYNTHETIC_ILLUSTRATIVE_NOT_REAL,PLT-E-PHH-Bil-ctrl,pos,10.13
SYNTHETIC_ILLUSTRATIVE_NOT_REAL,PLT-E-PHH-Bil-ctrl,pos,7.98
SYNTHETIC_ILLUSTRATIVE_NOT_REAL,PLT-E-PHH-Bil-ctrl,pos,10.26
SYNTHETIC_ILLUSTRATIVE_NOT_REAL,PLT-E-PHH-Gen-ctrl,neg,100.12
SYNTHETIC_ILLUSTRATIVE_NOT_REAL,PLT-E-PHH-Gen-ctrl,neg,100.03
SYNTHETIC_ILLUSTRATIVE_NOT_REAL,PLT-E-PHH-Gen-ctrl,neg,100.77
SYNTHETIC_ILLUSTRATIVE_NOT_REAL,PLT-E-PHH-Gen-ctrl,neg,99.73
SYNTHETIC_ILLUSTRATIVE_NOT_REAL,PLT-E-PHH-Gen-ctrl,neg,99.28
SYNTHETIC_ILLUSTRATIVE_NOT_REAL,PLT-E-PHH-Gen-ctrl,neg,102.43
SYNTHETIC_ILLUSTRATIVE_NOT_REAL,PLT-E-PHH-Gen-ctrl,neg,99.11
SYNTHETIC_ILLUSTRATIVE_NOT_REAL,PLT-E-PHH-Gen-ctrl,neg,99.8
SYNTHETIC_ILLUSTRATIVE_NOT_REAL,PLT-E-PHH-Gen-ctrl,pos,10.42
SYNTHETIC_ILLUSTRATIVE_NOT_REAL,PLT-E-PHH-Gen-ctrl,pos,9.34
SYNTHETIC_ILLUSTRATIVE_NOT_REAL,PLT-E-PHH-Gen-ctrl,pos,9.67
SYNTHETIC_ILLUSTRATIVE_NOT_REAL,PLT-E-PHH-Gen-ctrl,pos,10.05
SYNTHETIC_ILLUSTRATIVE_NOT_REAL,PLT-E-PHH-Gen-ctrl,pos,10.01
SYNTHETIC_ILLUSTRATIVE_NOT_REAL,PLT-E-PHH-Gen-ctrl,pos,9.61
SYNTHETIC_ILLUSTRATIVE_NOT_REAL,PLT-E-PHH-Gen-ctrl,pos,10.17
SYNTHETIC_ILLUSTRATIVE_NOT_REAL,PLT-E-PHH-RNA-ctrl,neg,100.43
SYNTHETIC_ILLUSTRATIVE_NOT_REAL,PLT-E-PHH-RNA-ctrl,neg,100.5
SYNTHETIC_ILLUSTRATIVE_NOT_REAL,PLT-E-PHH-RNA-ctrl,neg,98.41
SYNTHETIC_ILLUSTRATIVE_NOT_REAL,PLT-E-PHH-RNA-ctrl,neg,99.85
SYNTHETIC_ILLUSTRATIVE_NOT_REAL,PLT-E-PHH-RNA-ctrl,neg,98.61
SYNTHETIC_ILLUSTRATIVE_NOT_REAL,PLT-E-PHH-RNA-ctrl,neg,101.79
SYNTHETIC_ILLUSTRATIVE_NOT_REAL,PLT-E-PHH-RNA-ctrl,neg,100.7
SYNTHETIC_ILLUSTRATIVE_NOT_REAL,PLT-E-PHH-RNA-ctrl,neg,103.12
SYNTHETIC_ILLUSTRATIVE_NOT_REAL,PLT-E-PHH-RNA-ctrl,pos,9.46
SYNTHETIC_ILLUSTRATIVE_NOT_REAL,PLT-E-PHH-RNA-ctrl,pos,9.4
SYNTHETIC_ILLUSTRATIVE_NOT_REAL,PLT-E-PHH-RNA-ctrl,pos,10.19
SYNTHETIC_ILLUSTRATIVE_NOT_REAL,PLT-E-PHH-RNA-ctrl,pos,10.93
SYNTHETIC_ILLUSTRATIVE_NOT_REAL,PLT-E-PHH-RNA-ctrl,pos,9.78
SYNTHETIC_ILLUSTRATIVE_NOT_REAL,PLT-E-PHH-RNA-ctrl,pos,8.66
SYNTHETIC_ILLUSTRATIVE_NOT_REAL,PLT-E-PHH-RNA-ctrl,pos,9.71
SYNTHETIC_ILLUSTRATIVE_NOT_REAL,PLT-E-PBM-IFN-ctrl,neg,97.4
SYNTHETIC_ILLUSTRATIVE_NOT_REAL,PLT-E-PBM-IFN-ctrl,neg,96.92
SYNTHETIC_ILLUSTRATIVE_NOT_REAL,PLT-E-PBM-IFN-ctrl,neg,99.39
SYNTHETIC_ILLUSTRATIVE_NOT_REAL,PLT-E-PBM-IFN-ctrl,neg,98.62
SYNTHETIC_ILLUSTRATIVE_NOT_REAL,PLT-E-PBM-IFN-ctrl,neg,98.45
SYNTHETIC_ILLUSTRATIVE_NOT_REAL,PLT-E-PBM-IFN-ctrl,neg,101.05
SYNTHETIC_ILLUSTRATIVE_NOT_REAL,PLT-E-PBM-IFN-ctrl,neg,101.49
SYNTHETIC_ILLUSTRATIVE_NOT_REAL,PLT-E-PBM-IFN-ctrl,neg,97.55
SYNTHETIC_ILLUSTRATIVE_NOT_REAL,PLT-E-PBM-IFN-ctrl,pos,10.65
SYNTHETIC_ILLUSTRATIVE_NOT_REAL,PLT-E-PBM-IFN-ctrl,pos,11.09
SYNTHETIC_ILLUSTRATIVE_NOT_REAL,PLT-E-PBM-IFN-ctrl,pos,10.99
SYNTHETIC_ILLUSTRATIVE_NOT_REAL,PLT-E-PBM-IFN-ctrl,pos,9.89
SYNTHETIC_ILLUSTRATIVE_NOT_REAL,PLT-E-PBM-IFN-ctrl,pos,9.64
SYNTHETIC_ILLUSTRATIVE_NOT_REAL,PLT-E-PBM-IFN-ctrl,pos,9.97
SYNTHETIC_ILLUSTRATIVE_NOT_REAL,PLT-E-PBM-IFN-ctrl,pos,10.25
SYNTHETIC_ILLUSTRATIVE_NOT_REAL,PLT-E-PBM-IFN-ctrl,pos,9.31
SYNTHETIC_ILLUSTRATIVE_NOT_REAL,PLT-E-PBM-IFN-ctrl,neg,105.05
SYNTHETIC_ILLUSTRATIVE_NOT_REAL,PLT-E-PBM-IFN-ctrl,neg,96.85
SYNTHETIC_ILLUSTRATIVE_NOT_REAL,PLT-E-PBM-IFN-ctrl,neg,98.76
SYNTHETIC_ILLUSTRATIVE_NOT_REAL,PLT-E-PBM-IFN-ctrl,neg,101.58
SYNTHETIC_ILLUSTRATIVE_NOT_REAL,PLT-E-PBM-IFN-ctrl,neg,102.74
SYNTHETIC_ILLUSTRATIVE_NOT_REAL,PLT-E-PBM-IFN-ctrl,neg,103.29
SYNTHETIC_ILLUSTRATIVE_NOT_REAL,PLT-E-PBM-IFN-ctrl,neg,99.19
SYNTHETIC_ILLUSTRATIVE_NOT_REAL,PLT-E-PBM-IFN-ctrl,neg,100.22
SYNTHETIC_ILLUSTRATIVE_NOT_REAL,PLT-E-PBM-IFN-ctrl,pos,10.46
SYNTHETIC_ILLUSTRATIVE_NOT_REAL,PLT-E-PBM-IFN-ctrl,pos,10.78
SYNTHETIC_ILLUSTRATIVE_NOT_REAL,PLT-E-PBM-IFN-ctrl,pos,9.73
SYNTHETIC_ILLUSTRATIVE_NOT_REAL,PLT-E-PBM-IFN-ctrl,pos,9.99
SYNTHETIC_ILLUSTRATIVE_NOT_REAL,PLT-E-PBM-IFN-ctrl,pos,8.79
SYNTHETIC_ILLUSTRATIVE_NOT_REAL,PLT-E-PBM-IFN-ctrl,pos,10.94
SYNTHETIC_ILLUSTRATIVE_NOT_REAL,PLT-E-PBM-IFN-ctrl,pos,9.34
SYNTHETIC_ILLUSTRATIVE_NOT_REAL,PLT-E-PBM-IFN-ctrl,pos,10.52
SYNTHETIC_ILLUSTRATIVE_NOT_REAL,PLT-E-PBM-IL1-ctrl,neg,98.99
SYNTHETIC_ILLUSTRATIVE_NOT_REAL,PLT-E-PBM-IL1-ctrl,neg,100.06
SYNTHETIC_ILLUSTRATIVE_NOT_REAL,PLT-E-PBM-IL1-ctrl,neg,101.36
SYNTHETIC_ILLUSTRATIVE_NOT_REAL,PLT-E-PBM-IL1-ctrl,neg,99.25
SYNTHETIC_ILLUSTRATIVE_NOT_REAL,PLT-E-PBM-IL1-ctrl,neg,100.13
SYNTHETIC_ILLUSTRATIVE_NOT_REAL,PLT-E-PBM-IL1-ctrl,pos,11.02
SYNTHETIC_ILLUSTRATIVE_NOT_REAL,PLT-E-PBM-IL1-ctrl,pos,8.79
SYNTHETIC_ILLUSTRATIVE_NOT_REAL,PLT-E-PBM-IL1-ctrl,pos,10.81
SYNTHETIC_ILLUSTRATIVE_NOT_REAL,PLT-E-PBM-IL1-ctrl,pos,10.45
SYNTHETIC_ILLUSTRATIVE_NOT_REAL,PLT-E-PBM-IL1-ctrl,pos,10.47
SYNTHETIC_ILLUSTRATIVE_NOT_REAL,PLT-E-PBM-IL1-ctrl,pos,8.26
SYNTHETIC_ILLUSTRATIVE_NOT_REAL,PLT-E-PBM-IL1-ctrl,pos,9.22
SYNTHETIC_ILLUSTRATIVE_NOT_REAL,PLT-E-PBM-IL6-ctrl,neg,100.59
SYNTHETIC_ILLUSTRATIVE_NOT_REAL,PLT-E-PBM-IL6-ctrl,neg,105.48
SYNTHETIC_ILLUSTRATIVE_NOT_REAL,PLT-E-PBM-IL6-ctrl,neg,100.86
SYNTHETIC_ILLUSTRATIVE_NOT_REAL,PLT-E-PBM-IL6-ctrl,neg,101.0
SYNTHETIC_ILLUSTRATIVE_NOT_REAL,PLT-E-PBM-IL6-ctrl,neg,100.01
SYNTHETIC_ILLUSTRATIVE_NOT_REAL,PLT-E-PBM-IL6-ctrl,neg,99.81
SYNTHETIC_ILLUSTRATIVE_NOT_REAL,PLT-E-PBM-IL6-ctrl,neg,98.7
SYNTHETIC_ILLUSTRATIVE_NOT_REAL,PLT-E-PBM-IL6-ctrl,neg,101.06
SYNTHETIC_ILLUSTRATIVE_NOT_REAL,PLT-E-PBM-IL6-ctrl,pos,9.77
SYNTHETIC_ILLUSTRATIVE_NOT_REAL,PLT-E-PBM-IL6-ctrl,pos,9.85
SYNTHETIC_ILLUSTRATIVE_NOT_REAL,PLT-E-PBM-IL6-ctrl,pos,8.65
SYNTHETIC_ILLUSTRATIVE_NOT_REAL,PLT-E-PBM-IL6-ctrl,pos,10.56
SYNTHETIC_ILLUSTRATIVE_NOT_REAL,PLT-E-PBM-IL6-ctrl,pos,10.1
SYNTHETIC_ILLUSTRATIVE_NOT_REAL,PLT-E-PBM-IL6-ctrl,pos,10.15
SYNTHETIC_ILLUSTRATIVE_NOT_REAL,PLT-E-PBM-IL6-ctrl,pos,11.16
SYNTHETIC_ILLUSTRATIVE_NOT_REAL,PLT-E-PBM-IL8-ctrl,neg,101.66
SYNTHETIC_ILLUSTRATIVE_NOT_REAL,PLT-E-PBM-IL8-ctrl,neg,97.05
SYNTHETIC_ILLUSTRATIVE_NOT_REAL,PLT-E-PBM-IL8-ctrl,neg,100.93
SYNTHETIC_ILLUSTRATIVE_NOT_REAL,PLT-E-PBM-IL8-ctrl,neg,99.9
SYNTHETIC_ILLUSTRATIVE_NOT_REAL,PLT-E-PBM-IL8-ctrl,neg,99.28
SYNTHETIC_ILLUSTRATIVE_NOT_REAL,PLT-E-PBM-IL8-ctrl,neg,101.31
SYNTHETIC_ILLUSTRATIVE_NOT_REAL,PLT-E-PBM-IL8-ctrl,neg,100.68
SYNTHETIC_ILLUSTRATIVE_NOT_REAL,PLT-E-PBM-IL8-ctrl,neg,100.22
SYNTHETIC_ILLUSTRATIVE_NOT_REAL,PLT-E-PBM-IL8-ctrl,pos,10.28
SYNTHETIC_ILLUSTRATIVE_NOT_REAL,PLT-E-PBM-IL8-ctrl,pos,9.3
SYNTHETIC_ILLUSTRATIVE_NOT_REAL,PLT-E-PBM-IL8-ctrl,pos,10.26
SYNTHETIC_ILLUSTRATIVE_NOT_REAL,PLT-E-PBM-IL8-ctrl,pos,9.14
SYNTHETIC_ILLUSTRATIVE_NOT_REAL,PLT-E-PBM-IL8-ctrl,pos,9.08
SYNTHETIC_ILLUSTRATIVE_NOT_REAL,PLT-E-PBM-IL8-ctrl,pos,10.05
SYNTHETIC_ILLUSTRATIVE_NOT_REAL,PLT-E-PBM-IL8-ctrl,pos,10.22
SYNTHETIC_ILLUSTRATIVE_NOT_REAL,PLT-E-PBM-IL8-ctrl,pos,9.34
SYNTHETIC_ILLUSTRATIVE_NOT_REAL,PLT-E-PBM-IL1-ctrl,neg,98.82
SYNTHETIC_ILLUSTRATIVE_NOT_REAL,PLT-E-PBM-IL1-ctrl,neg,93.72
SYNTHETIC_ILLUSTRATIVE_NOT_REAL,PLT-E-PBM-IL1-ctrl,neg,101.11
SYNTHETIC_ILLUSTRATIVE_NOT_REAL,PLT-E-PBM-IL1-ctrl,neg,104.2
SYNTHETIC_ILLUSTRATIVE_NOT_REAL,PLT-E-PBM-IL1-ctrl,neg,96.08
SYNTHETIC_ILLUSTRATIVE_NOT_REAL,PLT-E-PBM-IL1-ctrl,neg,103.28
SYNTHETIC_ILLUSTRATIVE_NOT_REAL,PLT-E-PBM-IL1-ctrl,neg,102.47
SYNTHETIC_ILLUSTRATIVE_NOT_REAL,PLT-E-PBM-IL1-ctrl,neg,101.8
SYNTHETIC_ILLUSTRATIVE_NOT_REAL,PLT-E-PBM-IL1-ctrl,pos,9.75
SYNTHETIC_ILLUSTRATIVE_NOT_REAL,PLT-E-PBM-IL1-ctrl,pos,9.64
SYNTHETIC_ILLUSTRATIVE_NOT_REAL,PLT-E-PBM-IL1-ctrl,pos,9.62
SYNTHETIC_ILLUSTRATIVE_NOT_REAL,PLT-E-PBM-IL1-ctrl,pos,8.96
SYNTHETIC_ILLUSTRATIVE_NOT_REAL,PLT-E-PBM-IL1-ctrl,pos,9.45
SYNTHETIC_ILLUSTRATIVE_NOT_REAL,PLT-E-PBM-IL1-ctrl,pos,10.18
SYNTHETIC_ILLUSTRATIVE_NOT_REAL,PLT-E-PBM-IL1-ctrl,pos,9.87
SYNTHETIC_ILLUSTRATIVE_NOT_REAL,PLT-E-PBM-IL1-ctrl,neg,98.98
SYNTHETIC_ILLUSTRATIVE_NOT_REAL,PLT-E-PBM-IL1-ctrl,neg,98.7
SYNTHETIC_ILLUSTRATIVE_NOT_REAL,PLT-E-PBM-IL1-ctrl,neg,97.9
SYNTHETIC_ILLUSTRATIVE_NOT_REAL,PLT-E-PBM-IL1-ctrl,neg,97.77
SYNTHETIC_ILLUSTRATIVE_NOT_REAL,PLT-E-PBM-IL1-ctrl,neg,101.48
SYNTHETIC_ILLUSTRATIVE_NOT_REAL,PLT-E-PBM-IL1-ctrl,neg,102.83
SYNTHETIC_ILLUSTRATIVE_NOT_REAL,PLT-E-PBM-IL1-ctrl,neg,98.5
SYNTHETIC_ILLUSTRATIVE_NOT_REAL,PLT-E-PBM-IL1-ctrl,neg,97.4
SYNTHETIC_ILLUSTRATIVE_NOT_REAL,PLT-E-PBM-IL1-ctrl,pos,9.4
SYNTHETIC_ILLUSTRATIVE_NOT_REAL,PLT-E-PBM-IL1-ctrl,pos,8.75
SYNTHETIC_ILLUSTRATIVE_NOT_REAL,PLT-E-PBM-IL1-ctrl,pos,11.09
SYNTHETIC_ILLUSTRATIVE_NOT_REAL,PLT-E-PBM-IL1-ctrl,pos,9.17
SYNTHETIC_ILLUSTRATIVE_NOT_REAL,PLT-E-PBM-IL1-ctrl,pos,9.91
SYNTHETIC_ILLUSTRATIVE_NOT_REAL,PLT-E-PBM-IL1-ctrl,pos,8.77
SYNTHETIC_ILLUSTRATIVE_NOT_REAL,PLT-E-PBM-TNF-ctrl,neg,98.84
SYNTHETIC_ILLUSTRATIVE_NOT_REAL,PLT-E-PBM-TNF-ctrl,neg,97.83
SYNTHETIC_ILLUSTRATIVE_NOT_REAL,PLT-E-PBM-TNF-ctrl,neg,101.57
SYNTHETIC_ILLUSTRATIVE_NOT_REAL,PLT-E-PBM-TNF-ctrl,neg,100.83
SYNTHETIC_ILLUSTRATIVE_NOT_REAL,PLT-E-PBM-TNF-ctrl,neg,99.79
SYNTHETIC_ILLUSTRATIVE_NOT_REAL,PLT-E-PBM-TNF-ctrl,neg,100.39
SYNTHETIC_ILLUSTRATIVE_NOT_REAL,PLT-E-PBM-TNF-ctrl,neg,99.01
SYNTHETIC_ILLUSTRATIVE_NOT_REAL,PLT-E-PBM-TNF-ctrl,neg,99.32
SYNTHETIC_ILLUSTRATIVE_NOT_REAL,PLT-E-PBM-TNF-ctrl,pos,10.64
SYNTHETIC_ILLUSTRATIVE_NOT_REAL,PLT-E-PBM-TNF-ctrl,pos,8.69
SYNTHETIC_ILLUSTRATIVE_NOT_REAL,PLT-E-PBM-TNF-ctrl,pos,10.14
SYNTHETIC_ILLUSTRATIVE_NOT_REAL,PLT-E-PBM-TNF-ctrl,pos,10.84
SYNTHETIC_ILLUSTRATIVE_NOT_REAL,PLT-E-PBM-TNF-ctrl,pos,9.23
SYNTHETIC_ILLUSTRATIVE_NOT_REAL,PLT-E-PBM-TNF-ctrl,pos,9.85
SYNTHETIC_ILLUSTRATIVE_NOT_REAL,PLT-E-PBM-TNF-ctrl,pos,9.96
SYNTHETIC_ILLUSTRATIVE_NOT_REAL,PLT-E-PBM-TNF-ctrl,pos,9.73
SYNTHETIC_ILLUSTRATIVE_NOT_REAL,PLT-E-PBM-MCP-ctrl,neg,98.32
SYNTHETIC_ILLUSTRATIVE_NOT_REAL,PLT-E-PBM-MCP-ctrl,neg,101.23
SYNTHETIC_ILLUSTRATIVE_NOT_REAL,PLT-E-PBM-MCP-ctrl,neg,97.17
SYNTHETIC_ILLUSTRATIVE_NOT_REAL,PLT-E-PBM-MCP-ctrl,neg,102.9
SYNTHETIC_ILLUSTRATIVE_NOT_REAL,PLT-E-PBM-MCP-ctrl,neg,101.09
SYNTHETIC_ILLUSTRATIVE_NOT_REAL,PLT-E-PBM-MCP-ctrl,neg,98.69
SYNTHETIC_ILLUSTRATIVE_NOT_REAL,PLT-E-PBM-MCP-ctrl,neg,100.98
SYNTHETIC_ILLUSTRATIVE_NOT_REAL,PLT-E-PBM-MCP-ctrl,neg,99.02
SYNTHETIC_ILLUSTRATIVE_NOT_REAL,PLT-E-PBM-MCP-ctrl,pos,10.18
SYNTHETIC_ILLUSTRATIVE_NOT_REAL,PLT-E-PBM-MCP-ctrl,pos,9.11
SYNTHETIC_ILLUSTRATIVE_NOT_REAL,PLT-E-PBM-MCP-ctrl,pos,10.51
SYNTHETIC_ILLUSTRATIVE_NOT_REAL,PLT-E-PBM-MCP-ctrl,pos,10.06
SYNTHETIC_ILLUSTRATIVE_NOT_REAL,PLT-E-PBM-MCP-ctrl,pos,10.3
SYNTHETIC_ILLUSTRATIVE_NOT_REAL,PLT-E-PBM-MCP-ctrl,pos,9.62
SYNTHETIC_ILLUSTRATIVE_NOT_REAL,PLT-E-PBM-MCP-ctrl,pos,10.14
SYNTHETIC_ILLUSTRATIVE_NOT_REAL,PLT-E-PBM-IP1-ctrl,neg,103.08
SYNTHETIC_ILLUSTRATIVE_NOT_REAL,PLT-E-PBM-IP1-ctrl,neg,101.41
SYNTHETIC_ILLUSTRATIVE_NOT_REAL,PLT-E-PBM-IP1-ctrl,neg,98.37
SYNTHETIC_ILLUSTRATIVE_NOT_REAL,PLT-E-PBM-IP1-ctrl,neg,98.52
SYNTHETIC_ILLUSTRATIVE_NOT_REAL,PLT-E-PBM-IP1-ctrl,neg,100.29
SYNTHETIC_ILLUSTRATIVE_NOT_REAL,PLT-E-PBM-IP1-ctrl,neg,97.57
SYNTHETIC_ILLUSTRATIVE_NOT_REAL,PLT-E-PBM-IP1-ctrl,neg,98.82
SYNTHETIC_ILLUSTRATIVE_NOT_REAL,PLT-E-PBM-IP1-ctrl,neg,98.15
SYNTHETIC_ILLUSTRATIVE_NOT_REAL,PLT-E-PBM-IP1-ctrl,pos,10.41
SYNTHETIC_ILLUSTRATIVE_NOT_REAL,PLT-E-PBM-IP1-ctrl,pos,10.87
SYNTHETIC_ILLUSTRATIVE_NOT_REAL,PLT-E-PBM-IP1-ctrl,pos,10.15
SYNTHETIC_ILLUSTRATIVE_NOT_REAL,PLT-E-PBM-IP1-ctrl,pos,10.77
SYNTHETIC_ILLUSTRATIVE_NOT_REAL,PLT-E-PBM-IP1-ctrl,pos,9.83
SYNTHETIC_ILLUSTRATIVE_NOT_REAL,PLT-E-PBM-IP1-ctrl,pos,10.32
SYNTHETIC_ILLUSTRATIVE_NOT_REAL,PLT-E-PBM-IP1-ctrl,pos,9.62
SYNTHETIC_ILLUSTRATIVE_NOT_REAL,PLT-E-PBM-GM_-ctrl,neg,101.68
SYNTHETIC_ILLUSTRATIVE_NOT_REAL,PLT-E-PBM-GM_-ctrl,neg,97.2
SYNTHETIC_ILLUSTRATIVE_NOT_REAL,PLT-E-PBM-GM_-ctrl,neg,103.14
SYNTHETIC_ILLUSTRATIVE_NOT_REAL,PLT-E-PBM-GM_-ctrl,neg,100.89
SYNTHETIC_ILLUSTRATIVE_NOT_REAL,PLT-E-PBM-GM_-ctrl,neg,99.12
SYNTHETIC_ILLUSTRATIVE_NOT_REAL,PLT-E-PBM-GM_-ctrl,neg,100.16
SYNTHETIC_ILLUSTRATIVE_NOT_REAL,PLT-E-PBM-GM_-ctrl,neg,99.29
SYNTHETIC_ILLUSTRATIVE_NOT_REAL,PLT-E-PBM-GM_-ctrl,neg,101.67
SYNTHETIC_ILLUSTRATIVE_NOT_REAL,PLT-E-PBM-GM_-ctrl,pos,11.07
SYNTHETIC_ILLUSTRATIVE_NOT_REAL,PLT-E-PBM-GM_-ctrl,pos,9.59
SYNTHETIC_ILLUSTRATIVE_NOT_REAL,PLT-E-PBM-GM_-ctrl,pos,9.66
SYNTHETIC_ILLUSTRATIVE_NOT_REAL,PLT-E-PBM-GM_-ctrl,pos,10.06
SYNTHETIC_ILLUSTRATIVE_NOT_REAL,PLT-E-PBM-GM_-ctrl,pos,10.08
SYNTHETIC_ILLUSTRATIVE_NOT_REAL,PLT-E-PBM-GM_-ctrl,pos,9.55
SYNTHETIC_ILLUSTRATIVE_NOT_REAL,PLT-E-PBM-GM_-ctrl,pos,11.2
SYNTHETIC_ILLUSTRATIVE_NOT_REAL,PLT-E-PBM-IL4-ctrl,neg,100.35
SYNTHETIC_ILLUSTRATIVE_NOT_REAL,PLT-E-PBM-IL4-ctrl,neg,102.72
SYNTHETIC_ILLUSTRATIVE_NOT_REAL,PLT-E-PBM-IL4-ctrl,neg,101.15
SYNTHETIC_ILLUSTRATIVE_NOT_REAL,PLT-E-PBM-IL4-ctrl,neg,104.32
SYNTHETIC_ILLUSTRATIVE_NOT_REAL,PLT-E-PBM-IL4-ctrl,neg,103.77
SYNTHETIC_ILLUSTRATIVE_NOT_REAL,PLT-E-PBM-IL4-ctrl,neg,99.59
SYNTHETIC_ILLUSTRATIVE_NOT_REAL,PLT-E-PBM-IL4-ctrl,neg,101.58
SYNTHETIC_ILLUSTRATIVE_NOT_REAL,PLT-E-PBM-IL4-ctrl,neg,98.69
SYNTHETIC_ILLUSTRATIVE_NOT_REAL,PLT-E-PBM-IL4-ctrl,pos,10.47
SYNTHETIC_ILLUSTRATIVE_NOT_REAL,PLT-E-PBM-IL4-ctrl,pos,10.35
SYNTHETIC_ILLUSTRATIVE_NOT_REAL,PLT-E-PBM-IL4-ctrl,pos,9.82
SYNTHETIC_ILLUSTRATIVE_NOT_REAL,PLT-E-PBM-IL4-ctrl,pos,10.94
SYNTHETIC_ILLUSTRATIVE_NOT_REAL,PLT-E-PBM-IL4-ctrl,pos,9.68
SYNTHETIC_ILLUSTRATIVE_NOT_REAL,PLT-E-PBM-IL4-ctrl,pos,10.34
SYNTHETIC_ILLUSTRATIVE_NOT_REAL,PLT-E-PBM-IL4-ctrl,pos,10.78
SYNTHETIC_ILLUSTRATIVE_NOT_REAL,PLT-E-PBM-IL1-ctrl,neg,98.1
SYNTHETIC_ILLUSTRATIVE_NOT_REAL,PLT-E-PBM-IL1-ctrl,neg,100.42
SYNTHETIC_ILLUSTRATIVE_NOT_REAL,PLT-E-PBM-IL1-ctrl,neg,99.69
SYNTHETIC_ILLUSTRATIVE_NOT_REAL,PLT-E-PBM-IL1-ctrl,neg,99.71
SYNTHETIC_ILLUSTRATIVE_NOT_REAL,PLT-E-PBM-IL1-ctrl,neg,96.35
SYNTHETIC_ILLUSTRATIVE_NOT_REAL,PLT-E-PBM-IL1-ctrl,neg,100.21
SYNTHETIC_ILLUSTRATIVE_NOT_REAL,PLT-E-PBM-IL1-ctrl,neg,99.39
SYNTHETIC_ILLUSTRATIVE_NOT_REAL,PLT-E-PBM-IL1-ctrl,neg,100.09
SYNTHETIC_ILLUSTRATIVE_NOT_REAL,PLT-E-PBM-IL1-ctrl,pos,10.43
SYNTHETIC_ILLUSTRATIVE_NOT_REAL,PLT-E-PBM-IL1-ctrl,pos,10.57
SYNTHETIC_ILLUSTRATIVE_NOT_REAL,PLT-E-PBM-IL1-ctrl,pos,9.1
SYNTHETIC_ILLUSTRATIVE_NOT_REAL,PLT-E-PBM-IL1-ctrl,pos,10.49
SYNTHETIC_ILLUSTRATIVE_NOT_REAL,PLT-E-PBM-IL1-ctrl,pos,10.86
SYNTHETIC_ILLUSTRATIVE_NOT_REAL,PLT-E-PBM-TLR-ctrl,neg,102.86
SYNTHETIC_ILLUSTRATIVE_NOT_REAL,PLT-E-PBM-TLR-ctrl,neg,97.74
SYNTHETIC_ILLUSTRATIVE_NOT_REAL,PLT-E-PBM-TLR-ctrl,neg,101.52
SYNTHETIC_ILLUSTRATIVE_NOT_REAL,PLT-E-PBM-TLR-ctrl,neg,98.35
SYNTHETIC_ILLUSTRATIVE_NOT_REAL,PLT-E-PBM-TLR-ctrl,neg,103.86
SYNTHETIC_ILLUSTRATIVE_NOT_REAL,PLT-E-PBM-TLR-ctrl,neg,100.71
SYNTHETIC_ILLUSTRATIVE_NOT_REAL,PLT-E-PBM-TLR-ctrl,neg,101.73
SYNTHETIC_ILLUSTRATIVE_NOT_REAL,PLT-E-PBM-TLR-ctrl,neg,104.13
SYNTHETIC_ILLUSTRATIVE_NOT_REAL,PLT-E-PBM-TLR-ctrl,pos,10.96
SYNTHETIC_ILLUSTRATIVE_NOT_REAL,PLT-E-PBM-TLR-ctrl,pos,11.34
SYNTHETIC_ILLUSTRATIVE_NOT_REAL,PLT-E-PBM-TLR-ctrl,pos,9.01
SYNTHETIC_ILLUSTRATIVE_NOT_REAL,PLT-E-PBM-TLR-ctrl,pos,9.55
SYNTHETIC_ILLUSTRATIVE_NOT_REAL,PLT-E-PBM-TLR-ctrl,pos,10.22
SYNTHETIC_ILLUSTRATIVE_NOT_REAL,PLT-E-PBM-TLR-ctrl,pos,9.77
SYNTHETIC_ILLUSTRATIVE_NOT_REAL,PLT-E-PBM-TLR-ctrl,pos,9.68
SYNTHETIC_ILLUSTRATIVE_NOT_REAL,PLT-E-PBM-NK_-ctrl,neg,102.69
SYNTHETIC_ILLUSTRATIVE_NOT_REAL,PLT-E-PBM-NK_-ctrl,neg,102.61
SYNTHETIC_ILLUSTRATIVE_NOT_REAL,PLT-E-PBM-NK_-ctrl,neg,97.79
SYNTHETIC_ILLUSTRATIVE_NOT_REAL,PLT-E-PBM-NK_-ctrl,neg,99.0
SYNTHETIC_ILLUSTRATIVE_NOT_REAL,PLT-E-PBM-NK_-ctrl,neg,99.38
SYNTHETIC_ILLUSTRATIVE_NOT_REAL,PLT-E-PBM-NK_-ctrl,neg,98.37
SYNTHETIC_ILLUSTRATIVE_NOT_REAL,PLT-E-PBM-NK_-ctrl,neg,101.93
SYNTHETIC_ILLUSTRATIVE_NOT_REAL,PLT-E-PBM-NK_-ctrl,neg,100.17
SYNTHETIC_ILLUSTRATIVE_NOT_REAL,PLT-E-PBM-NK_-ctrl,pos,9.71
SYNTHETIC_ILLUSTRATIVE_NOT_REAL,PLT-E-PBM-NK_-ctrl,pos,10.19
SYNTHETIC_ILLUSTRATIVE_NOT_REAL,PLT-E-PBM-NK_-ctrl,pos,10.34
SYNTHETIC_ILLUSTRATIVE_NOT_REAL,PLT-E-PBM-NK_-ctrl,pos,9.84
SYNTHETIC_ILLUSTRATIVE_NOT_REAL,PLT-E-PBM-NK_-ctrl,pos,9.91
SYNTHETIC_ILLUSTRATIVE_NOT_REAL,PLT-E-PBM-NK_-ctrl,pos,10.54
SYNTHETIC_ILLUSTRATIVE_NOT_REAL,PLT-E-PBM-NK_-ctrl,pos,9.49
SYNTHETIC_ILLUSTRATIVE_NOT_REAL,PLT-E-PBM-C3a-ctrl,neg,101.23
SYNTHETIC_ILLUSTRATIVE_NOT_REAL,PLT-E-PBM-C3a-ctrl,neg,96.47
SYNTHETIC_ILLUSTRATIVE_NOT_REAL,PLT-E-PBM-C3a-ctrl,neg,105.94
SYNTHETIC_ILLUSTRATIVE_NOT_REAL,PLT-E-PBM-C3a-ctrl,neg,99.36
SYNTHETIC_ILLUSTRATIVE_NOT_REAL,PLT-E-PBM-C3a-ctrl,neg,99.24
SYNTHETIC_ILLUSTRATIVE_NOT_REAL,PLT-E-PBM-C3a-ctrl,neg,100.23
SYNTHETIC_ILLUSTRATIVE_NOT_REAL,PLT-E-PBM-C3a-ctrl,neg,101.26
SYNTHETIC_ILLUSTRATIVE_NOT_REAL,PLT-E-PBM-C3a-ctrl,neg,100.08
SYNTHETIC_ILLUSTRATIVE_NOT_REAL,PLT-E-PBM-C3a-ctrl,pos,10.95
SYNTHETIC_ILLUSTRATIVE_NOT_REAL,PLT-E-PBM-C3a-ctrl,pos,10.09
SYNTHETIC_ILLUSTRATIVE_NOT_REAL,PLT-E-PBM-C3a-ctrl,pos,9.98
SYNTHETIC_ILLUSTRATIVE_NOT_REAL,PLT-E-PBM-C3a-ctrl,pos,9.65
SYNTHETIC_ILLUSTRATIVE_NOT_REAL,PLT-E-PBM-C3a-ctrl,pos,10.32
SYNTHETIC_ILLUSTRATIVE_NOT_REAL,PLT-E-PBM-C3a-ctrl,pos,11.28
SYNTHETIC_ILLUSTRATIVE_NOT_REAL,PLT-E-PBM-C3a-ctrl,pos,10.17
SYNTHETIC_ILLUSTRATIVE_NOT_REAL,PLT-E-PBM-C3a-ctrl,pos,10.94
SYNTHETIC_ILLUSTRATIVE_NOT_REAL,PLT-E-PBM-C5a-ctrl,neg,98.07
SYNTHETIC_ILLUSTRATIVE_NOT_REAL,PLT-E-PBM-C5a-ctrl,neg,97.34
SYNTHETIC_ILLUSTRATIVE_NOT_REAL,PLT-E-PBM-C5a-ctrl,neg,101.83
SYNTHETIC_ILLUSTRATIVE_NOT_REAL,PLT-E-PBM-C5a-ctrl,neg,96.78
SYNTHETIC_ILLUSTRATIVE_NOT_REAL,PLT-E-PBM-C5a-ctrl,neg,102.97
SYNTHETIC_ILLUSTRATIVE_NOT_REAL,PLT-E-PBM-C5a-ctrl,neg,98.34
SYNTHETIC_ILLUSTRATIVE_NOT_REAL,PLT-E-PBM-C5a-ctrl,neg,98.49
SYNTHETIC_ILLUSTRATIVE_NOT_REAL,PLT-E-PBM-C5a-ctrl,neg,98.83
SYNTHETIC_ILLUSTRATIVE_NOT_REAL,PLT-E-PBM-C5a-ctrl,pos,9.22
SYNTHETIC_ILLUSTRATIVE_NOT_REAL,PLT-E-PBM-C5a-ctrl,pos,9.92
SYNTHETIC_ILLUSTRATIVE_NOT_REAL,PLT-E-PBM-C5a-ctrl,pos,9.67
SYNTHETIC_ILLUSTRATIVE_NOT_REAL,PLT-E-PBM-C5a-ctrl,pos,8.84
SYNTHETIC_ILLUSTRATIVE_NOT_REAL,PLT-E-PBM-C5a-ctrl,pos,10.02
SYNTHETIC_ILLUSTRATIVE_NOT_REAL,PLT-E-PBM-C5a-ctrl,pos,9.62
SYNTHETIC_ILLUSTRATIVE_NOT_REAL,PLT-E-PBM-C5a-ctrl,pos,11.01
SYNTHETIC_ILLUSTRATIVE_NOT_REAL,PLT-E-PBM-C5a-ctrl,pos,10.94
SYNTHETIC_ILLUSTRATIVE_NOT_REAL,PLT-E-PBM-C1q-ctrl,neg,99.84
SYNTHETIC_ILLUSTRATIVE_NOT_REAL,PLT-E-PBM-C1q-ctrl,neg,101.18
SYNTHETIC_ILLUSTRATIVE_NOT_REAL,PLT-E-PBM-C1q-ctrl,neg,97.33
SYNTHETIC_ILLUSTRATIVE_NOT_REAL,PLT-E-PBM-C1q-ctrl,neg,102.35
SYNTHETIC_ILLUSTRATIVE_NOT_REAL,PLT-E-PBM-C1q-ctrl,neg,99.18
SYNTHETIC_ILLUSTRATIVE_NOT_REAL,PLT-E-PBM-C1q-ctrl,neg,96.92
SYNTHETIC_ILLUSTRATIVE_NOT_REAL,PLT-E-PBM-C1q-ctrl,neg,98.23
SYNTHETIC_ILLUSTRATIVE_NOT_REAL,PLT-E-PBM-C1q-ctrl,neg,102.14
SYNTHETIC_ILLUSTRATIVE_NOT_REAL,PLT-E-PBM-C1q-ctrl,pos,11.33
SYNTHETIC_ILLUSTRATIVE_NOT_REAL,PLT-E-PBM-C1q-ctrl,pos,10.15
SYNTHETIC_ILLUSTRATIVE_NOT_REAL,PLT-E-PBM-C1q-ctrl,pos,9.58
SYNTHETIC_ILLUSTRATIVE_NOT_REAL,PLT-E-PBM-C1q-ctrl,pos,11.17
SYNTHETIC_ILLUSTRATIVE_NOT_REAL,PLT-E-PBM-C1q-ctrl,pos,11.01
SYNTHETIC_ILLUSTRATIVE_NOT_REAL,PLT-E-PBM-C1q-ctrl,pos,10.08
SYNTHETIC_ILLUSTRATIVE_NOT_REAL,PLT-E-PBM-C1q-ctrl,pos,10.45
