plate_id,ctrl_type,value_raw
PLT-A-PHH-Cel-ctrl,neg,102.81
PLT-A-PHH-Cel-ctrl,neg,100.18
PLT-A-PHH-Cel-ctrl,neg,101.29
PLT-A-PHH-Cel-ctrl,neg,95.9
PLT-A-PHH-Cel-ctrl,neg,99.9
PLT-A-PHH-Cel-ctrl,neg,98.31
PLT-A-PHH-Cel-ctrl,neg,97.56
PLT-A-PHH-Cel-ctrl,neg,98.24
PLT-A-PHH-Cel-ctrl,pos,9.73
PLT-A-PHH-Cel-ctrl,pos,10.73
PLT-A-PHH-Cel-ctrl,pos,8.94
PLT-A-PHH-Cel-ctrl,pos,10.02
PLT-A-PHH-Cel-ctrl,pos,9.61
PLT-A-PHH-Cel-ctrl,pos,9.74
PLT-A-PHH-Cel-ctrl,pos,10.8
PLT-A-PHH-Cel-ctrl,pos,10.43
PLT-A-PHH-LDH-ctrl,neg,94.87
PLT-A-PHH-LDH-ctrl,neg,99.53
PLT-A-PHH-LDH-ctrl,neg,100.35
PLT-A-PHH-LDH-ctrl,neg,100.59
PLT-A-PHH-LDH-ctrl,neg,99.26
PLT-A-PHH-LDH-ctrl,neg,96.49
PLT-A-PHH-LDH-ctrl,neg,100.66
PLT-A-PHH-LDH-ctrl,neg,103.45
PLT-A-PHH-LDH-ctrl,pos,8.77
PLT-A-PHH-LDH-ctrl,pos,10.69
PLT-A-PHH-LDH-ctrl,pos,9.74
PLT-A-PHH-LDH-ctrl,pos,9.95
PLT-A-PHH-LDH-ctrl,pos,9.16
PLT-A-PHH-LDH-ctrl,pos,9.73
PLT-A-PHH-LDH-ctrl,pos,11.04
PLT-A-PHH-LDH-ctrl,pos,10.47
PLT-A-PHH-ALT-ctrl,neg,98.41
PLT-A-PHH-ALT-ctrl,neg,100.88
PLT-A-PHH-ALT-ctrl,neg,101.05
PLT-A-PHH-ALT-ctrl,neg,100.55
PLT-A-PHH-ALT-ctrl,neg,97.17
PLT-A-PHH-ALT-ctrl,neg,95.38
PLT-A-PHH-ALT-ctrl,neg,100.11
PLT-A-PHH-ALT-ctrl,neg,99.06
PLT-A-PHH-ALT-ctrl,pos,10.37
PLT-A-PHH-ALT-ctrl,pos,10.56
PLT-A-PHH-ALT-ctrl,pos,10.11
PLT-A-PHH-ALT-ctrl,pos,10.61
PLT-A-PHH-ALT-ctrl,pos,10.18
PLT-A-PHH-ALT-ctrl,pos,10.42
PLT-A-PHH-ALT-ctrl,pos,9.44
PLT-A-PHH-ALT-ctrl,pos,9.86
PLT-A-PHH-Cas-ctrl,neg,97.72
PLT-A-PHH-Cas-ctrl,neg,100.01
PLT-A-PHH-Cas-ctrl,neg,105.2
PLT-A-PHH-Cas-ctrl,neg,100.45
PLT-A-PHH-Cas-ctrl,neg,102.87
PLT-A-PHH-Cas-ctrl,neg,100.18
PLT-A-PHH-Cas-ctrl,neg,101.16
PLT-A-PHH-Cas-ctrl,neg,99.89
PLT-A-PHH-Cas-ctrl,pos,9.86
PLT-A-PHH-Cas-ctrl,pos,9.38
PLT-A-PHH-Cas-ctrl,pos,10.34
PLT-A-PHH-Cas-ctrl,pos,9.32
PLT-A-PHH-Cas-ctrl,pos,10.53
PLT-A-PHH-Cas-ctrl,pos,10.87
PLT-A-PHH-Cas-ctrl,pos,10.29
PLT-A-PHH-Cas-ctrl,pos,9.77
PLT-A-PBM-IFN-ctrl,neg,100.38
PLT-A-PBM-IFN-ctrl,neg,97.1
PLT-A-PBM-IFN-ctrl,neg,99.86
PLT-A-PBM-IFN-ctrl,neg,100.52
PLT-A-PBM-IFN-ctrl,neg,98.2
PLT-A-PBM-IFN-ctrl,neg,97.09
PLT-A-PBM-IFN-ctrl,neg,102.67
PLT-A-PBM-IFN-ctrl,pos,11.0
PLT-A-PBM-IFN-ctrl,pos,9.8
PLT-A-PBM-IFN-ctrl,pos,10.29
PLT-A-PBM-IFN-ctrl,pos,8.07
PLT-A-PBM-IFN-ctrl,pos,9.07
PLT-A-PBM-IFN-ctrl,pos,9.76
PLT-A-PBM-IFN-ctrl,pos,9.14
PLT-A-PBM-IFN-ctrl,pos,10.57
PLT-A-PBM-IL6-ctrl,neg,99.96
PLT-A-PBM-IL6-ctrl,neg,98.2
PLT-A-PBM-IL6-ctrl,neg,99.32
PLT-A-PBM-IL6-ctrl,neg,99.84
PLT-A-PBM-IL6-ctrl,neg,96.59
PLT-A-PBM-IL6-ctrl,neg,96.77
PLT-A-PBM-IL6-ctrl,neg,100.96
PLT-A-PBM-IL6-ctrl,neg,98.95
PLT-A-PBM-IL6-ctrl,pos,7.95
PLT-A-PBM-IL6-ctrl,pos,10.63
PLT-A-PBM-IL6-ctrl,pos,10.22
PLT-A-PBM-IL6-ctrl,pos,9.43
PLT-A-PBM-IL6-ctrl,pos,8.95
PLT-A-PBM-IL6-ctrl,pos,10.67
PLT-A-PBM-IL6-ctrl,pos,10.28
PLT-A-PBM-IL6-ctrl,pos,11.91
PLT-A-PBM-TNF-ctrl,neg,104.1
PLT-A-PBM-TNF-ctrl,neg,103.57
PLT-A-PBM-TNF-ctrl,neg,102.27
PLT-A-PBM-TNF-ctrl,neg,98.16
PLT-A-PBM-TNF-ctrl,neg,101.71
PLT-A-PBM-TNF-ctrl,neg,101.28
PLT-A-PBM-TNF-ctrl,neg,100.89
PLT-A-PBM-TNF-ctrl,neg,102.5
PLT-A-PBM-TNF-ctrl,pos,10.51
PLT-A-PBM-TNF-ctrl,pos,10.59
PLT-A-PBM-TNF-ctrl,pos,10.27
PLT-A-PBM-TNF-ctrl,pos,8.57
PLT-A-PBM-TNF-ctrl,pos,10.07
PLT-A-PBM-TNF-ctrl,pos,9.56
PLT-A-PBM-TNF-ctrl,pos,8.98
PLT-A-PBM-C3a-ctrl,neg,100.73
PLT-A-PBM-C3a-ctrl,neg,106.36
PLT-A-PBM-C3a-ctrl,neg,101.7
PLT-A-PBM-C3a-ctrl,neg,98.59
PLT-A-PBM-C3a-ctrl,neg,101.94
PLT-A-PBM-C3a-ctrl,neg,99.28
PLT-A-PBM-C3a-ctrl,neg,99.02
PLT-A-PBM-C3a-ctrl,neg,101.82
PLT-A-PBM-C3a-ctrl,pos,10.02
PLT-A-PBM-C3a-ctrl,pos,10.22
PLT-A-PBM-C3a-ctrl,pos,10.01
PLT-A-PBM-C3a-ctrl,pos,10.27
PLT-A-PBM-C3a-ctrl,pos,10.34
PLT-A-PBM-C3a-ctrl,pos,8.45
PLT-A-PBM-C3a-ctrl,pos,10.53
PLT-A-PBM-C3a-ctrl,pos,9.21
PLT-A-PBM-C5a-ctrl,neg,99.82
PLT-A-PBM-C5a-ctrl,neg,101.88
PLT-A-PBM-C5a-ctrl,neg,101.73
PLT-A-PBM-C5a-ctrl,neg,100.42
PLT-A-PBM-C5a-ctrl,neg,101.77
PLT-A-PBM-C5a-ctrl,neg,100.98
PLT-A-PBM-C5a-ctrl,neg,102.4
PLT-A-PBM-C5a-ctrl,neg,100.58
PLT-A-PBM-C5a-ctrl,pos,9.72
PLT-A-PBM-C5a-ctrl,pos,10.27
PLT-A-PBM-C5a-ctrl,pos,7.66
PLT-A-PBM-C5a-ctrl,pos,10.31
PLT-A-PBM-C5a-ctrl,pos,7.08
PLT-A-PBM-C5a-ctrl,pos,8.62
PLT-A-PBM-C5a-ctrl,pos,10.36
PLT-A-PBM-C5a-ctrl,pos,10.38
PLT-A-PBM-TLR-ctrl,neg,102.09
PLT-A-PBM-TLR-ctrl,neg,102.38
PLT-A-PBM-TLR-ctrl,neg,100.41
PLT-A-PBM-TLR-ctrl,neg,99.0
PLT-A-PBM-TLR-ctrl,neg,100.97
PLT-A-PBM-TLR-ctrl,neg,98.94
PLT-A-PBM-TLR-ctrl,neg,100.0
PLT-A-PBM-TLR-ctrl,neg,101.97
PLT-A-PBM-TLR-ctrl,pos,9.55
PLT-A-PBM-TLR-ctrl,pos,10.64
PLT-A-PBM-TLR-ctrl,pos,10.54
PLT-A-PBM-TLR-ctrl,pos,9.24
PLT-A-PBM-TLR-ctrl,pos,10.78
PLT-A-PBM-TLR-ctrl,pos,10.56
PLT-A-PBM-TLR-ctrl,pos,10.08
PLT-A-PBM-TLR-ctrl,pos,9.39
PLT-B-PHH-Cel-ctrl,neg,100.01
PLT-B-PHH-Cel-ctrl,neg,98.5
PLT-B-PHH-Cel-ctrl,neg,99.53
PLT-B-PHH-Cel-ctrl,neg,99.63
PLT-B-PHH-Cel-ctrl,neg,99.46
PLT-B-PHH-Cel-ctrl,neg,103.54
PLT-B-PHH-Cel-ctrl,neg,99.8
PLT-B-PHH-Cel-ctrl,neg,99.51
PLT-B-PHH-Cel-ctrl,pos,8.32
PLT-B-PHH-Cel-ctrl,pos,9.28
PLT-B-PHH-Cel-ctrl,pos,9.79
PLT-B-PHH-Cel-ctrl,pos,9.45
PLT-B-PHH-Cel-ctrl,pos,11.11
PLT-B-PHH-Cel-ctrl,pos,9.87
PLT-B-PHH-Cel-ctrl,pos,11.03
PLT-B-PHH-Cel-ctrl,pos,10.05
PLT-B-PHH-LDH-ctrl,neg,98.57
PLT-B-PHH-LDH-ctrl,neg,94.7
PLT-B-PHH-LDH-ctrl,neg,97.24
PLT-B-PHH-LDH-ctrl,neg,96.38
PLT-B-PHH-LDH-ctrl,neg,95.5
PLT-B-PHH-LDH-ctrl,neg,97.61
PLT-B-PHH-LDH-ctrl,neg,102.65
PLT-B-PHH-LDH-ctrl,neg,99.91
PLT-B-PHH-LDH-ctrl,pos,11.03
PLT-B-PHH-LDH-ctrl,pos,10.33
PLT-B-PHH-LDH-ctrl,pos,10.63
PLT-B-PHH-LDH-ctrl,pos,9.28
PLT-B-PHH-LDH-ctrl,pos,10.42
PLT-B-PHH-LDH-ctrl,pos,10.58
PLT-B-PHH-LDH-ctrl,pos,9.54
PLT-B-PHH-LDH-ctrl,pos,10.45
PLT-B-PHH-ALT-ctrl,neg,95.04
PLT-B-PHH-ALT-ctrl,neg,98.01
PLT-B-PHH-ALT-ctrl,neg,102.47
PLT-B-PHH-ALT-ctrl,neg,94.44
PLT-B-PHH-ALT-ctrl,neg,99.3
PLT-B-PHH-ALT-ctrl,neg,97.64
PLT-B-PHH-ALT-ctrl,neg,101.61
PLT-B-PHH-ALT-ctrl,neg,98.65
PLT-B-PHH-ALT-ctrl,pos,10.32
PLT-B-PHH-ALT-ctrl,pos,10.45
PLT-B-PHH-ALT-ctrl,pos,11.47
PLT-B-PHH-ALT-ctrl,pos,9.84
PLT-B-PHH-ALT-ctrl,pos,10.3
PLT-B-PHH-ALT-ctrl,pos,8.81
PLT-B-PHH-ALT-ctrl,pos,10.95
PLT-B-PHH-ALT-ctrl,pos,9.39
PLT-B-PHH-Cas-ctrl,neg,99.64
PLT-B-PHH-Cas-ctrl,neg,101.15
PLT-B-PHH-Cas-ctrl,neg,97.18
PLT-B-PHH-Cas-ctrl,neg,102.37
PLT-B-PHH-Cas-ctrl,neg,99.35
PLT-B-PHH-Cas-ctrl,neg,99.59
PLT-B-PHH-Cas-ctrl,neg,99.02
PLT-B-PHH-Cas-ctrl,neg,98.84
PLT-B-PHH-Cas-ctrl,pos,10.56
PLT-B-PHH-Cas-ctrl,pos,10.2
PLT-B-PHH-Cas-ctrl,pos,10.52
PLT-B-PHH-Cas-ctrl,pos,9.99
PLT-B-PHH-Cas-ctrl,pos,10.41
PLT-B-PHH-Cas-ctrl,pos,9.66
PLT-B-PHH-Cas-ctrl,pos,11.78
PLT-B-PHH-Cas-ctrl,pos,8.75
PLT-B-PBM-IFN-ctrl,neg,100.36
PLT-B-PBM-IFN-ctrl,neg,98.77
PLT-B-PBM-IFN-ctrl,neg,99.95
PLT-B-PBM-IFN-ctrl,neg,98.75
PLT-B-PBM-IFN-ctrl,neg,97.86
PLT-B-PBM-IFN-ctrl,neg,99.29
PLT-B-PBM-IFN-ctrl,neg,97.79
PLT-B-PBM-IFN-ctrl,neg,100.65
PLT-B-PBM-IFN-ctrl,pos,9.08
PLT-B-PBM-IFN-ctrl,pos,10.57
PLT-B-PBM-IFN-ctrl,pos,9.05
PLT-B-PBM-IFN-ctrl,pos,9.55
PLT-B-PBM-IFN-ctrl,pos,9.5
PLT-B-PBM-IFN-ctrl,pos,11.06
PLT-B-PBM-IFN-ctrl,pos,10.26
PLT-B-PBM-IFN-ctrl,pos,9.83
PLT-B-PBM-IL6-ctrl,neg,99.69
PLT-B-PBM-IL6-ctrl,neg,101.1
PLT-B-PBM-IL6-ctrl,neg,98.59
PLT-B-PBM-IL6-ctrl,neg,99.76
PLT-B-PBM-IL6-ctrl,neg,96.76
PLT-B-PBM-IL6-ctrl,neg,95.31
PLT-B-PBM-IL6-ctrl,neg,101.89
PLT-B-PBM-IL6-ctrl,neg,98.03
PLT-B-PBM-IL6-ctrl,pos,9.64
PLT-B-PBM-IL6-ctrl,pos,8.89
PLT-B-PBM-IL6-ctrl,pos,8.87
PLT-B-PBM-IL6-ctrl,pos,9.86
PLT-B-PBM-IL6-ctrl,pos,9.42
PLT-B-PBM-IL6-ctrl,pos,10.3
PLT-B-PBM-IL6-ctrl,pos,10.36
PLT-B-PBM-IL6-ctrl,pos,10.26
PLT-B-PBM-TNF-ctrl,neg,100.9
PLT-B-PBM-TNF-ctrl,neg,99.55
PLT-B-PBM-TNF-ctrl,neg,96.77
PLT-B-PBM-TNF-ctrl,neg,101.98
PLT-B-PBM-TNF-ctrl,neg,100.73
PLT-B-PBM-TNF-ctrl,neg,98.55
PLT-B-PBM-TNF-ctrl,neg,99.44
PLT-B-PBM-TNF-ctrl,neg,97.0
PLT-B-PBM-TNF-ctrl,pos,9.18
PLT-B-PBM-TNF-ctrl,pos,9.57
PLT-B-PBM-TNF-ctrl,pos,10.98
PLT-B-PBM-TNF-ctrl,pos,9.49
PLT-B-PBM-TNF-ctrl,pos,10.51
PLT-B-PBM-TNF-ctrl,pos,10.2
PLT-B-PBM-TNF-ctrl,pos,9.89
PLT-B-PBM-C3a-ctrl,neg,97.9
PLT-B-PBM-C3a-ctrl,neg,99.71
PLT-B-PBM-C3a-ctrl,neg,97.57
PLT-B-PBM-C3a-ctrl,neg,101.68
PLT-B-PBM-C3a-ctrl,neg,98.16
PLT-B-PBM-C3a-ctrl,neg,105.62
PLT-B-PBM-C3a-ctrl,neg,99.1
PLT-B-PBM-C3a-ctrl,neg,100.14
PLT-B-PBM-C3a-ctrl,pos,8.96
PLT-B-PBM-C3a-ctrl,pos,11.36
PLT-B-PBM-C3a-ctrl,pos,10.9
PLT-B-PBM-C3a-ctrl,pos,10.24
PLT-B-PBM-C3a-ctrl,pos,8.92
PLT-B-PBM-C3a-ctrl,pos,10.17
PLT-B-PBM-C3a-ctrl,pos,9.1
PLT-B-PBM-C3a-ctrl,pos,11.17
PLT-B-PBM-C5a-ctrl,neg,99.66
PLT-B-PBM-C5a-ctrl,neg,102.09
PLT-B-PBM-C5a-ctrl,neg,100.79
PLT-B-PBM-C5a-ctrl,neg,97.21
PLT-B-PBM-C5a-ctrl,neg,101.31
PLT-B-PBM-C5a-ctrl,neg,97.83
PLT-B-PBM-C5a-ctrl,neg,102.83
PLT-B-PBM-C5a-ctrl,neg,102.05
PLT-B-PBM-C5a-ctrl,pos,10.23
PLT-B-PBM-C5a-ctrl,pos,10.13
PLT-B-PBM-C5a-ctrl,pos,9.83
PLT-B-PBM-C5a-ctrl,pos,10.54
PLT-B-PBM-C5a-ctrl,pos,9.7
PLT-B-PBM-C5a-ctrl,pos,10.19
PLT-B-PBM-C5a-ctrl,pos,10.7
PLT-B-PBM-C5a-ctrl,pos,9.55
PLT-B-PBM-TLR-ctrl,neg,98.26
PLT-B-PBM-TLR-ctrl,neg,104.0
PLT-B-PBM-TLR-ctrl,neg,100.11
PLT-B-PBM-TLR-ctrl,neg,100.49
PLT-B-PBM-TLR-ctrl,neg,96.45
PLT-B-PBM-TLR-ctrl,neg,98.69
PLT-B-PBM-TLR-ctrl,neg,100.43
PLT-B-PBM-TLR-ctrl,neg,97.95
PLT-B-PBM-TLR-ctrl,pos,10.73
PLT-B-PBM-TLR-ctrl,pos,9.04
PLT-B-PBM-TLR-ctrl,pos,9.77
PLT-B-PBM-TLR-ctrl,pos,9.53
PLT-B-PBM-TLR-ctrl,pos,10.13
PLT-B-PBM-TLR-ctrl,pos,9.49
PLT-B-PBM-TLR-ctrl,pos,9.78
PLT-B-PBM-TLR-ctrl,pos,9.81
PLT-C-PHH-Cel-ctrl,neg,101.85
PLT-C-PHH-Cel-ctrl,neg,101.32
PLT-C-PHH-Cel-ctrl,neg,103.83
PLT-C-PHH-Cel-ctrl,neg,98.47
PLT-C-PHH-Cel-ctrl,neg,97.24
PLT-C-PHH-Cel-ctrl,neg,98.01
PLT-C-PHH-Cel-ctrl,neg,101.0
PLT-C-PHH-Cel-ctrl,pos,10.08
PLT-C-PHH-Cel-ctrl,pos,9.1
PLT-C-PHH-Cel-ctrl,pos,10.61
PLT-C-PHH-Cel-ctrl,pos,9.02
PLT-C-PHH-Cel-ctrl,pos,10.93
PLT-C-PHH-Cel-ctrl,pos,12.29
PLT-C-PHH-Cel-ctrl,pos,10.29
PLT-C-PHH-Cel-ctrl,pos,10.47
PLT-C-PHH-LDH-ctrl,neg,99.24
PLT-C-PHH-LDH-ctrl,neg,100.65
PLT-C-PHH-LDH-ctrl,neg,98.4
PLT-C-PHH-LDH-ctrl,neg,99.3
PLT-C-PHH-LDH-ctrl,neg,100.5
PLT-C-PHH-LDH-ctrl,neg,101.69
PLT-C-PHH-LDH-ctrl,neg,100.64
PLT-C-PHH-LDH-ctrl,neg,102.52
PLT-C-PHH-LDH-ctrl,pos,9.92
PLT-C-PHH-LDH-ctrl,pos,9.73
PLT-C-PHH-LDH-ctrl,pos,12.16
PLT-C-PHH-LDH-ctrl,pos,10.32
PLT-C-PHH-LDH-ctrl,pos,9.42
PLT-C-PHH-LDH-ctrl,pos,9.44
PLT-C-PHH-LDH-ctrl,pos,9.25
PLT-C-PHH-LDH-ctrl,pos,10.75
PLT-C-PHH-ALT-ctrl,neg,97.8
PLT-C-PHH-ALT-ctrl,neg,100.47
PLT-C-PHH-ALT-ctrl,neg,100.3
PLT-C-PHH-ALT-ctrl,neg,101.16
PLT-C-PHH-ALT-ctrl,neg,104.37
PLT-C-PHH-ALT-ctrl,neg,100.55
PLT-C-PHH-ALT-ctrl,neg,100.97
PLT-C-PHH-ALT-ctrl,neg,97.84
PLT-C-PHH-ALT-ctrl,pos,8.97
PLT-C-PHH-ALT-ctrl,pos,11.27
PLT-C-PHH-ALT-ctrl,pos,9.26
PLT-C-PHH-ALT-ctrl,pos,9.16
PLT-C-PHH-ALT-ctrl,pos,9.97
PLT-C-PHH-ALT-ctrl,pos,9.93
PLT-C-PHH-ALT-ctrl,pos,9.28
PLT-C-PHH-ALT-ctrl,pos,9.76
PLT-C-PHH-Cas-ctrl,neg,99.42
PLT-C-PHH-Cas-ctrl,neg,100.81
PLT-C-PHH-Cas-ctrl,neg,104.47
PLT-C-PHH-Cas-ctrl,neg,99.46
PLT-C-PHH-Cas-ctrl,neg,100.84
PLT-C-PHH-Cas-ctrl,neg,102.52
PLT-C-PHH-Cas-ctrl,neg,102.28
PLT-C-PHH-Cas-ctrl,neg,100.02
PLT-C-PHH-Cas-ctrl,pos,8.09
PLT-C-PHH-Cas-ctrl,pos,10.41
PLT-C-PHH-Cas-ctrl,pos,8.22
PLT-C-PHH-Cas-ctrl,pos,11.18
PLT-C-PHH-Cas-ctrl,pos,10.14
PLT-C-PHH-Cas-ctrl,pos,10.8
PLT-C-PHH-Cas-ctrl,pos,9.28
PLT-C-PHH-Cas-ctrl,pos,8.76
PLT-C-PBM-IFN-ctrl,neg,98.93
PLT-C-PBM-IFN-ctrl,neg,98.2
PLT-C-PBM-IFN-ctrl,neg,103.15
PLT-C-PBM-IFN-ctrl,neg,96.59
PLT-C-PBM-IFN-ctrl,neg,97.12
PLT-C-PBM-IFN-ctrl,neg,102.22
PLT-C-PBM-IFN-ctrl,neg,102.71
PLT-C-PBM-IFN-ctrl,neg,98.51
PLT-C-PBM-IFN-ctrl,pos,9.49
PLT-C-PBM-IFN-ctrl,pos,10.49
PLT-C-PBM-IFN-ctrl,pos,8.14
PLT-C-PBM-IFN-ctrl,pos,8.51
PLT-C-PBM-IFN-ctrl,pos,9.78
PLT-C-PBM-IFN-ctrl,pos,11.24
PLT-C-PBM-IFN-ctrl,pos,9.65
PLT-C-PBM-IFN-ctrl,pos,10.08
PLT-C-PBM-IL6-ctrl,neg,102.02
PLT-C-PBM-IL6-ctrl,neg,100.97
PLT-C-PBM-IL6-ctrl,neg,102.44
PLT-C-PBM-IL6-ctrl,neg,101.84
PLT-C-PBM-IL6-ctrl,neg,103.04
PLT-C-PBM-IL6-ctrl,neg,100.72
PLT-C-PBM-IL6-ctrl,neg,101.81
PLT-C-PBM-IL6-ctrl,neg,99.39
PLT-C-PBM-IL6-ctrl,pos,9.52
PLT-C-PBM-IL6-ctrl,pos,11.37
PLT-C-PBM-IL6-ctrl,pos,10.17
PLT-C-PBM-IL6-ctrl,pos,10.64
PLT-C-PBM-IL6-ctrl,pos,10.1
PLT-C-PBM-IL6-ctrl,pos,9.53
PLT-C-PBM-IL6-ctrl,pos,10.01
PLT-C-PBM-IL6-ctrl,pos,11.15
PLT-C-PBM-TNF-ctrl,neg,101.43
PLT-C-PBM-TNF-ctrl,neg,96.78
PLT-C-PBM-TNF-ctrl,neg,98.35
PLT-C-PBM-TNF-ctrl,neg,102.48
PLT-C-PBM-TNF-ctrl,neg,100.57
PLT-C-PBM-TNF-ctrl,neg,96.17
PLT-C-PBM-TNF-ctrl,neg,102.08
PLT-C-PBM-TNF-ctrl,neg,98.91
PLT-C-PBM-TNF-ctrl,pos,11.13
PLT-C-PBM-TNF-ctrl,pos,9.93
PLT-C-PBM-TNF-ctrl,pos,10.16
PLT-C-PBM-TNF-ctrl,pos,10.94
PLT-C-PBM-TNF-ctrl,pos,9.28
PLT-C-PBM-TNF-ctrl,pos,9.21
PLT-C-PBM-TNF-ctrl,pos,9.84
PLT-C-PBM-TNF-ctrl,pos,10.66
PLT-C-PBM-C3a-ctrl,neg,96.49
PLT-C-PBM-C3a-ctrl,neg,99.52
PLT-C-PBM-C3a-ctrl,neg,102.57
PLT-C-PBM-C3a-ctrl,neg,96.18
PLT-C-PBM-C3a-ctrl,neg,97.44
PLT-C-PBM-C3a-ctrl,neg,97.94
PLT-C-PBM-C3a-ctrl,neg,99.87
PLT-C-PBM-C3a-ctrl,neg,99.27
PLT-C-PBM-C3a-ctrl,pos,11.12
PLT-C-PBM-C3a-ctrl,pos,10.76
PLT-C-PBM-C3a-ctrl,pos,10.4
PLT-C-PBM-C3a-ctrl,pos,10.12
PLT-C-PBM-C3a-ctrl,pos,10.31
PLT-C-PBM-C3a-ctrl,pos,9.31
PLT-C-PBM-C3a-ctrl,pos,10.69
PLT-C-PBM-C3a-ctrl,pos,9.11
PLT-C-PBM-C5a-ctrl,neg,97.98
PLT-C-PBM-C5a-ctrl,neg,103.01
PLT-C-PBM-C5a-ctrl,neg,98.68
PLT-C-PBM-C5a-ctrl,neg,101.0
PLT-C-PBM-C5a-ctrl,neg,102.13
PLT-C-PBM-C5a-ctrl,neg,100.77
PLT-C-PBM-C5a-ctrl,neg,100.19
PLT-C-PBM-C5a-ctrl,neg,100.02
PLT-C-PBM-C5a-ctrl,pos,9.95
PLT-C-PBM-C5a-ctrl,pos,9.54
PLT-C-PBM-C5a-ctrl,pos,9.64
PLT-C-PBM-C5a-ctrl,pos,11.18
PLT-C-PBM-C5a-ctrl,pos,9.91
PLT-C-PBM-C5a-ctrl,pos,9.37
PLT-C-PBM-C5a-ctrl,pos,9.59
PLT-C-PBM-C5a-ctrl,pos,10.88
PLT-C-PBM-TLR-ctrl,neg,98.64
PLT-C-PBM-TLR-ctrl,neg,97.85
PLT-C-PBM-TLR-ctrl,neg,96.21
PLT-C-PBM-TLR-ctrl,neg,100.23
PLT-C-PBM-TLR-ctrl,neg,95.51
PLT-C-PBM-TLR-ctrl,neg,97.36
PLT-C-PBM-TLR-ctrl,neg,98.93
PLT-C-PBM-TLR-ctrl,neg,98.34
PLT-C-PBM-TLR-ctrl,pos,10.32
PLT-C-PBM-TLR-ctrl,pos,10.24
PLT-C-PBM-TLR-ctrl,pos,10.72
PLT-C-PBM-TLR-ctrl,pos,10.6
PLT-C-PBM-TLR-ctrl,pos,10.91
PLT-C-PBM-TLR-ctrl,pos,10.0
PLT-C-PBM-TLR-ctrl,pos,10.41
PLT-D-PHH-Cel-ctrl,neg,98.53
PLT-D-PHH-Cel-ctrl,neg,100.06
PLT-D-PHH-Cel-ctrl,neg,96.8
PLT-D-PHH-Cel-ctrl,neg,102.82
PLT-D-PHH-Cel-ctrl,neg,98.64
PLT-D-PHH-Cel-ctrl,neg,104.06
PLT-D-PHH-Cel-ctrl,neg,99.94
PLT-D-PHH-Cel-ctrl,neg,102.06
PLT-D-PHH-Cel-ctrl,pos,9.96
PLT-D-PHH-Cel-ctrl,pos,9.98
PLT-D-PHH-Cel-ctrl,pos,9.53
PLT-D-PHH-Cel-ctrl,pos,10.1
PLT-D-PHH-Cel-ctrl,pos,10.25
PLT-D-PHH-Cel-ctrl,pos,9.37
PLT-D-PHH-Cel-ctrl,pos,9.9
PLT-D-PHH-Cel-ctrl,pos,9.51
PLT-D-PHH-LDH-ctrl,neg,97.72
PLT-D-PHH-LDH-ctrl,neg,99.12
PLT-D-PHH-LDH-ctrl,neg,99.05
PLT-D-PHH-LDH-ctrl,neg,98.66
PLT-D-PHH-LDH-ctrl,neg,99.37
PLT-D-PHH-LDH-ctrl,neg,102.36
PLT-D-PHH-LDH-ctrl,neg,100.4
PLT-D-PHH-LDH-ctrl,neg,104.94
PLT-D-PHH-LDH-ctrl,pos,10.14
PLT-D-PHH-LDH-ctrl,pos,9.77
PLT-D-PHH-LDH-ctrl,pos,10.0
PLT-D-PHH-LDH-ctrl,pos,10.21
PLT-D-PHH-LDH-ctrl,pos,10.35
PLT-D-PHH-LDH-ctrl,pos,11.66
PLT-D-PHH-LDH-ctrl,pos,9.32
PLT-D-PHH-LDH-ctrl,pos,10.69
PLT-D-PHH-ALT-ctrl,neg,99.77
PLT-D-PHH-ALT-ctrl,neg,103.55
PLT-D-PHH-ALT-ctrl,neg,100.48
PLT-D-PHH-ALT-ctrl,neg,100.54
PLT-D-PHH-ALT-ctrl,neg,98.18
PLT-D-PHH-ALT-ctrl,neg,100.84
PLT-D-PHH-ALT-ctrl,neg,99.73
PLT-D-PHH-ALT-ctrl,neg,98.78
PLT-D-PHH-ALT-ctrl,pos,9.38
PLT-D-PHH-ALT-ctrl,pos,12.14
PLT-D-PHH-ALT-ctrl,pos,9.79
PLT-D-PHH-ALT-ctrl,pos,8.83
PLT-D-PHH-ALT-ctrl,pos,9.44
PLT-D-PHH-ALT-ctrl,pos,9.96
PLT-D-PHH-ALT-ctrl,pos,10.44
PLT-D-PHH-Cas-ctrl,neg,97.7
PLT-D-PHH-Cas-ctrl,neg,102.23
PLT-D-PHH-Cas-ctrl,neg,98.29
PLT-D-PHH-Cas-ctrl,neg,100.52
PLT-D-PHH-Cas-ctrl,neg,100.97
PLT-D-PHH-Cas-ctrl,neg,100.67
PLT-D-PHH-Cas-ctrl,neg,98.31
PLT-D-PHH-Cas-ctrl,pos,8.92
PLT-D-PHH-Cas-ctrl,pos,10.7
PLT-D-PHH-Cas-ctrl,pos,10.15
PLT-D-PHH-Cas-ctrl,pos,10.92
PLT-D-PHH-Cas-ctrl,pos,9.96
PLT-D-PHH-Cas-ctrl,pos,8.88
PLT-D-PHH-Cas-ctrl,pos,10.77
PLT-D-PHH-Cas-ctrl,pos,9.7
PLT-D-PBM-IFN-ctrl,neg,96.23
PLT-D-PBM-IFN-ctrl,neg,99.21
PLT-D-PBM-IFN-ctrl,neg,100.11
PLT-D-PBM-IFN-ctrl,neg,99.44
PLT-D-PBM-IFN-ctrl,neg,99.51
PLT-D-PBM-IFN-ctrl,neg,100.98
PLT-D-PBM-IFN-ctrl,neg,97.84
PLT-D-PBM-IFN-ctrl,neg,96.74
PLT-D-PBM-IFN-ctrl,pos,9.72
PLT-D-PBM-IFN-ctrl,pos,10.61
PLT-D-PBM-IFN-ctrl,pos,11.35
PLT-D-PBM-IFN-ctrl,pos,10.63
PLT-D-PBM-IFN-ctrl,pos,8.83
PLT-D-PBM-IFN-ctrl,pos,9.81
PLT-D-PBM-IFN-ctrl,pos,10.21
PLT-D-PBM-IFN-ctrl,pos,10.14
PLT-D-PBM-IL6-ctrl,neg,100.75
PLT-D-PBM-IL6-ctrl,neg,100.76
PLT-D-PBM-IL6-ctrl,neg,101.05
PLT-D-PBM-IL6-ctrl,neg,103.75
PLT-D-PBM-IL6-ctrl,neg,101.59
PLT-D-PBM-IL6-ctrl,neg,96.79
PLT-D-PBM-IL6-ctrl,neg,102.81
PLT-D-PBM-IL6-ctrl,neg,99.32
PLT-D-PBM-IL6-ctrl,pos,10.09
PLT-D-PBM-IL6-ctrl,pos,8.98
PLT-D-PBM-IL6-ctrl,pos,10.42
PLT-D-PBM-IL6-ctrl,pos,9.48
PLT-D-PBM-IL6-ctrl,pos,10.08
PLT-D-PBM-IL6-ctrl,pos,9.77
PLT-D-PBM-IL6-ctrl,pos,11.54
PLT-D-PBM-IL6-ctrl,pos,11.59
PLT-D-PBM-TNF-ctrl,neg,100.03
PLT-D-PBM-TNF-ctrl,neg,101.31
PLT-D-PBM-TNF-ctrl,neg,98.55
PLT-D-PBM-TNF-ctrl,neg,100.08
PLT-D-PBM-TNF-ctrl,neg,99.38
PLT-D-PBM-TNF-ctrl,neg,96.83
PLT-D-PBM-TNF-ctrl,neg,98.16
PLT-D-PBM-TNF-ctrl,neg,103.14
PLT-D-PBM-TNF-ctrl,pos,10.31
PLT-D-PBM-TNF-ctrl,pos,8.94
PLT-D-PBM-TNF-ctrl,pos,8.77
PLT-D-PBM-TNF-ctrl,pos,9.91
PLT-D-PBM-TNF-ctrl,pos,11.25
PLT-D-PBM-TNF-ctrl,pos,9.85
PLT-D-PBM-TNF-ctrl,pos,11.05
PLT-D-PBM-TNF-ctrl,pos,10.28
PLT-D-PBM-C3a-ctrl,neg,101.29
PLT-D-PBM-C3a-ctrl,neg,98.47
PLT-D-PBM-C3a-ctrl,neg,98.84
PLT-D-PBM-C3a-ctrl,neg,99.07
PLT-D-PBM-C3a-ctrl,neg,96.29
PLT-D-PBM-C3a-ctrl,neg,101.72
PLT-D-PBM-C3a-ctrl,neg,102.38
PLT-D-PBM-C3a-ctrl,neg,98.6
PLT-D-PBM-C3a-ctrl,pos,10.28
PLT-D-PBM-C3a-ctrl,pos,9.79
PLT-D-PBM-C3a-ctrl,pos,10.26
PLT-D-PBM-C3a-ctrl,pos,9.5
PLT-D-PBM-C3a-ctrl,pos,9.29
PLT-D-PBM-C3a-ctrl,pos,10.84
PLT-D-PBM-C3a-ctrl,pos,9.95
PLT-D-PBM-C3a-ctrl,pos,11.62
PLT-D-PBM-C5a-ctrl,neg,98.52
PLT-D-PBM-C5a-ctrl,neg,98.44
PLT-D-PBM-C5a-ctrl,neg,101.04
PLT-D-PBM-C5a-ctrl,neg,99.54
PLT-D-PBM-C5a-ctrl,neg,99.64
PLT-D-PBM-C5a-ctrl,neg,101.19
PLT-D-PBM-C5a-ctrl,neg,99.72
PLT-D-PBM-C5a-ctrl,neg,99.44
PLT-D-PBM-C5a-ctrl,pos,10.38
PLT-D-PBM-C5a-ctrl,pos,10.53
PLT-D-PBM-C5a-ctrl,pos,9.88
PLT-D-PBM-C5a-ctrl,pos,10.06
PLT-D-PBM-C5a-ctrl,pos,9.37
PLT-D-PBM-C5a-ctrl,pos,9.31
PLT-D-PBM-C5a-ctrl,pos,10.62
PLT-D-PBM-C5a-ctrl,pos,10.36
PLT-D-PBM-TLR-ctrl,neg,99.66
PLT-D-PBM-TLR-ctrl,neg,96.68
PLT-D-PBM-TLR-ctrl,neg,97.89
PLT-D-PBM-TLR-ctrl,neg,101.68
PLT-D-PBM-TLR-ctrl,neg,99.9
PLT-D-PBM-TLR-ctrl,neg,99.36
PLT-D-PBM-TLR-ctrl,neg,98.5
PLT-D-PBM-TLR-ctrl,neg,99.56
PLT-D-PBM-TLR-ctrl,pos,10.24
PLT-D-PBM-TLR-ctrl,pos,10.79
PLT-D-PBM-TLR-ctrl,pos,7.9
PLT-D-PBM-TLR-ctrl,pos,9.33
PLT-D-PBM-TLR-ctrl,pos,10.13
PLT-D-PBM-TLR-ctrl,pos,9.92
PLT-D-PBM-TLR-ctrl,pos,10.32
PLT-D-PBM-TLR-ctrl,pos,10.21
PLT-E-PHH-Cel-ctrl,neg,98.04
PLT-E-PHH-Cel-ctrl,neg,99.17
PLT-E-PHH-Cel-ctrl,neg,99.48
PLT-E-PHH-Cel-ctrl,neg,98.55
PLT-E-PHH-Cel-ctrl,neg,97.57
PLT-E-PHH-Cel-ctrl,neg,97.17
PLT-E-PHH-Cel-ctrl,neg,95.32
PLT-E-PHH-Cel-ctrl,neg,97.89
PLT-E-PHH-Cel-ctrl,pos,10.5
PLT-E-PHH-Cel-ctrl,pos,8.72
PLT-E-PHH-Cel-ctrl,pos,8.91
PLT-E-PHH-Cel-ctrl,pos,11.43
PLT-E-PHH-Cel-ctrl,pos,9.49
PLT-E-PHH-Cel-ctrl,pos,10.26
PLT-E-PHH-Cel-ctrl,pos,10.51
PLT-E-PHH-Cel-ctrl,pos,10.53
PLT-E-PHH-LDH-ctrl,neg,101.49
PLT-E-PHH-LDH-ctrl,neg,101.55
PLT-E-PHH-LDH-ctrl,neg,100.65
PLT-E-PHH-LDH-ctrl,neg,99.49
PLT-E-PHH-LDH-ctrl,neg,99.28
PLT-E-PHH-LDH-ctrl,neg,97.26
PLT-E-PHH-LDH-ctrl,neg,98.39
PLT-E-PHH-LDH-ctrl,neg,98.76
PLT-E-PHH-LDH-ctrl,pos,9.1
PLT-E-PHH-LDH-ctrl,pos,10.35
PLT-E-PHH-LDH-ctrl,pos,10.96
PLT-E-PHH-LDH-ctrl,pos,9.27
PLT-E-PHH-LDH-ctrl,pos,10.23
PLT-E-PHH-LDH-ctrl,pos,9.17
PLT-E-PHH-LDH-ctrl,pos,9.76
PLT-E-PHH-LDH-ctrl,pos,9.45
PLT-E-PHH-ALT-ctrl,neg,99.56
PLT-E-PHH-ALT-ctrl,neg,99.69
PLT-E-PHH-ALT-ctrl,neg,99.68
PLT-E-PHH-ALT-ctrl,neg,102.83
PLT-E-PHH-ALT-ctrl,neg,97.57
PLT-E-PHH-ALT-ctrl,neg,98.35
PLT-E-PHH-ALT-ctrl,neg,94.78
PLT-E-PHH-ALT-ctrl,neg,99.04
PLT-E-PHH-ALT-ctrl,pos,9.68
PLT-E-PHH-ALT-ctrl,pos,9.59
PLT-E-PHH-ALT-ctrl,pos,10.89
PLT-E-PHH-ALT-ctrl,pos,10.69
PLT-E-PHH-ALT-ctrl,pos,10.06
PLT-E-PHH-ALT-ctrl,pos,9.7
PLT-E-PHH-ALT-ctrl,pos,10.82
PLT-E-PHH-ALT-ctrl,pos,9.98
PLT-E-PHH-Cas-ctrl,neg,101.07
PLT-E-PHH-Cas-ctrl,neg,97.31
PLT-E-PHH-Cas-ctrl,neg,99.55
PLT-E-PHH-Cas-ctrl,neg,100.61
PLT-E-PHH-Cas-ctrl,neg,97.72
PLT-E-PHH-Cas-ctrl,neg,97.95
PLT-E-PHH-Cas-ctrl,neg,99.81
PLT-E-PHH-Cas-ctrl,neg,101.01
PLT-E-PHH-Cas-ctrl,pos,10.85
PLT-E-PHH-Cas-ctrl,pos,10.49
PLT-E-PHH-Cas-ctrl,pos,10.06
PLT-E-PHH-Cas-ctrl,pos,9.4
PLT-E-PHH-Cas-ctrl,pos,9.14
PLT-E-PHH-Cas-ctrl,pos,9.59
PLT-E-PHH-Cas-ctrl,pos,10.33
PLT-E-PHH-Cas-ctrl,pos,10.27
PLT-E-PBM-IFN-ctrl,neg,98.42
PLT-E-PBM-IFN-ctrl,neg,101.96
PLT-E-PBM-IFN-ctrl,neg,96.53
PLT-E-PBM-IFN-ctrl,neg,102.24
PLT-E-PBM-IFN-ctrl,neg,103.02
PLT-E-PBM-IFN-ctrl,neg,99.26
PLT-E-PBM-IFN-ctrl,neg,100.58
PLT-E-PBM-IFN-ctrl,pos,9.63
PLT-E-PBM-IFN-ctrl,pos,10.69
PLT-E-PBM-IFN-ctrl,pos,9.46
PLT-E-PBM-IFN-ctrl,pos,9.62
PLT-E-PBM-IFN-ctrl,pos,9.36
PLT-E-PBM-IFN-ctrl,pos,10.27
PLT-E-PBM-IFN-ctrl,pos,10.93
PLT-E-PBM-IFN-ctrl,pos,9.85
PLT-E-PBM-IL6-ctrl,neg,98.21
PLT-E-PBM-IL6-ctrl,neg,95.49
PLT-E-PBM-IL6-ctrl,neg,100.81
PLT-E-PBM-IL6-ctrl,neg,101.04
PLT-E-PBM-IL6-ctrl,neg,99.6
PLT-E-PBM-IL6-ctrl,neg,97.7
PLT-E-PBM-IL6-ctrl,neg,100.18
PLT-E-PBM-IL6-ctrl,neg,97.07
PLT-E-PBM-IL6-ctrl,pos,9.18
PLT-E-PBM-IL6-ctrl,pos,9.4
PLT-E-PBM-IL6-ctrl,pos,10.68
PLT-E-PBM-IL6-ctrl,pos,9.71
PLT-E-PBM-IL6-ctrl,pos,9.64
PLT-E-PBM-IL6-ctrl,pos,11.56
PLT-E-PBM-IL6-ctrl,pos,10.28
PLT-E-PBM-IL6-ctrl,pos,10.27
PLT-E-PBM-TNF-ctrl,neg,97.2
PLT-E-PBM-TNF-ctrl,neg,98.08
PLT-E-PBM-TNF-ctrl,neg,100.67
PLT-E-PBM-TNF-ctrl,neg,95.68
PLT-E-PBM-TNF-ctrl,neg,99.93
PLT-E-PBM-TNF-ctrl,neg,97.96
PLT-E-PBM-TNF-ctrl,neg,100.2
PLT-E-PBM-TNF-ctrl,neg,97.84
PLT-E-PBM-TNF-ctrl,pos,10.34
PLT-E-PBM-TNF-ctrl,pos,10.02
PLT-E-PBM-TNF-ctrl,pos,11.12
PLT-E-PBM-TNF-ctrl,pos,10.01
PLT-E-PBM-TNF-ctrl,pos,9.39
PLT-E-PBM-TNF-ctrl,pos,9.8
PLT-E-PBM-TNF-ctrl,pos,8.92
PLT-E-PBM-TNF-ctrl,pos,10.32
PLT-E-PBM-C3a-ctrl,neg,101.82
PLT-E-PBM-C3a-ctrl,neg,100.58
PLT-E-PBM-C3a-ctrl,neg,103.59
PLT-E-PBM-C3a-ctrl,neg,97.0
PLT-E-PBM-C3a-ctrl,neg,99.98
PLT-E-PBM-C3a-ctrl,neg,100.73
PLT-E-PBM-C3a-ctrl,neg,98.17
PLT-E-PBM-C3a-ctrl,neg,100.6
PLT-E-PBM-C3a-ctrl,pos,9.11
PLT-E-PBM-C3a-ctrl,pos,10.55
PLT-E-PBM-C3a-ctrl,pos,10.85
PLT-E-PBM-C3a-ctrl,pos,10.22
PLT-E-PBM-C3a-ctrl,pos,8.52
PLT-E-PBM-C3a-ctrl,pos,9.23
PLT-E-PBM-C3a-ctrl,pos,10.45
PLT-E-PBM-C3a-ctrl,pos,10.02
PLT-E-PBM-C5a-ctrl,neg,100.13
PLT-E-PBM-C5a-ctrl,neg,101.69
PLT-E-PBM-C5a-ctrl,neg,103.68
PLT-E-PBM-C5a-ctrl,neg,100.78
PLT-E-PBM-C5a-ctrl,neg,98.92
PLT-E-PBM-C5a-ctrl,neg,101.57
PLT-E-PBM-C5a-ctrl,neg,98.6
PLT-E-PBM-C5a-ctrl,neg,97.93
PLT-E-PBM-C5a-ctrl,pos,8.59
PLT-E-PBM-C5a-ctrl,pos,8.75
PLT-E-PBM-C5a-ctrl,pos,9.28
PLT-E-PBM-C5a-ctrl,pos,9.06
PLT-E-PBM-C5a-ctrl,pos,10.25
PLT-E-PBM-C5a-ctrl,pos,9.04
PLT-E-PBM-C5a-ctrl,pos,7.49
PLT-E-PBM-C5a-ctrl,pos,9.16
PLT-E-PBM-TLR-ctrl,neg,98.83
PLT-E-PBM-TLR-ctrl,neg,103.27
PLT-E-PBM-TLR-ctrl,neg,101.74
PLT-E-PBM-TLR-ctrl,neg,99.28
PLT-E-PBM-TLR-ctrl,neg,100.57
PLT-E-PBM-TLR-ctrl,neg,100.31
PLT-E-PBM-TLR-ctrl,neg,94.51
PLT-E-PBM-TLR-ctrl,neg,98.19
PLT-E-PBM-TLR-ctrl,pos,9.96
PLT-E-PBM-TLR-ctrl,pos,9.71
PLT-E-PBM-TLR-ctrl,pos,10.2
PLT-E-PBM-TLR-ctrl,pos,10.9
PLT-E-PBM-TLR-ctrl,pos,9.74
PLT-E-PBM-TLR-ctrl,pos,9.15
PLT-E-PBM-TLR-ctrl,pos,10.26
PLT-A-PHH-Cel-ctrl,neg,103.95
PLT-A-PHH-Cel-ctrl,neg,98.79
PLT-A-PHH-Cel-ctrl,neg,98.86
PLT-A-PHH-Cel-ctrl,neg,99.87
PLT-A-PHH-Cel-ctrl,neg,100.13
PLT-A-PHH-Cel-ctrl,neg,99.23
PLT-A-PHH-Cel-ctrl,neg,99.97
PLT-A-PHH-Cel-ctrl,neg,99.92
PLT-A-PHH-Cel-ctrl,pos,10.14
PLT-A-PHH-Cel-ctrl,pos,8.11
PLT-A-PHH-Cel-ctrl,pos,11.5
PLT-A-PHH-Cel-ctrl,pos,9.88
PLT-A-PHH-Cel-ctrl,pos,10.46
PLT-A-PHH-Cel-ctrl,pos,8.9
PLT-A-PHH-Cel-ctrl,pos,9.62
PLT-A-PHH-Cel-ctrl,pos,9.46
PLT-A-PHH-LDH-ctrl,neg,100.62
PLT-A-PHH-LDH-ctrl,neg,99.11
PLT-A-PHH-LDH-ctrl,neg,95.84
PLT-A-PHH-LDH-ctrl,neg,100.14
PLT-A-PHH-LDH-ctrl,neg,100.05
PLT-A-PHH-LDH-ctrl,neg,100.37
PLT-A-PHH-LDH-ctrl,neg,104.21
PLT-A-PHH-LDH-ctrl,neg,102.48
PLT-A-PHH-LDH-ctrl,pos,10.63
PLT-A-PHH-LDH-ctrl,pos,9.23
PLT-A-PHH-LDH-ctrl,pos,9.59
PLT-A-PHH-LDH-ctrl,pos,9.92
PLT-A-PHH-LDH-ctrl,pos,9.38
PLT-A-PHH-LDH-ctrl,pos,10.4
PLT-A-PHH-LDH-ctrl,pos,10.29
PLT-A-PHH-LDH-ctrl,pos,9.13
PLT-A-PHH-ALT-ctrl,neg,96.88
PLT-A-PHH-ALT-ctrl,neg,99.87
PLT-A-PHH-ALT-ctrl,neg,98.87
PLT-A-PHH-ALT-ctrl,neg,98.65
PLT-A-PHH-ALT-ctrl,neg,100.86
PLT-A-PHH-ALT-ctrl,neg,102.15
PLT-A-PHH-ALT-ctrl,neg,99.31
PLT-A-PHH-ALT-ctrl,neg,101.56
PLT-A-PHH-ALT-ctrl,pos,10.04
PLT-A-PHH-ALT-ctrl,pos,9.29
PLT-A-PHH-ALT-ctrl,pos,9.79
PLT-A-PHH-ALT-ctrl,pos,9.76
PLT-A-PHH-ALT-ctrl,pos,10.34
PLT-A-PHH-ALT-ctrl,pos,10.19
PLT-A-PHH-ALT-ctrl,pos,8.73
PLT-A-PHH-Cas-ctrl,neg,100.2
PLT-A-PHH-Cas-ctrl,neg,99.56
PLT-A-PHH-Cas-ctrl,neg,101.42
PLT-A-PHH-Cas-ctrl,neg,102.61
PLT-A-PHH-Cas-ctrl,neg,98.05
PLT-A-PHH-Cas-ctrl,neg,98.53
PLT-A-PHH-Cas-ctrl,neg,97.13
PLT-A-PHH-Cas-ctrl,neg,104.06
PLT-A-PHH-Cas-ctrl,pos,10.24
PLT-A-PHH-Cas-ctrl,pos,10.38
PLT-A-PHH-Cas-ctrl,pos,8.93
PLT-A-PHH-Cas-ctrl,pos,10.0
PLT-A-PHH-Cas-ctrl,pos,10.41
PLT-A-PHH-Cas-ctrl,pos,9.8
PLT-A-PHH-Cas-ctrl,pos,10.86
PLT-A-PHH-Cas-ctrl,pos,11.85
PLT-A-PBM-IFN-ctrl,neg,99.62
PLT-A-PBM-IFN-ctrl,neg,104.23
PLT-A-PBM-IFN-ctrl,neg,102.79
PLT-A-PBM-IFN-ctrl,neg,96.52
PLT-A-PBM-IFN-ctrl,neg,98.67
PLT-A-PBM-IFN-ctrl,neg,98.66
PLT-A-PBM-IFN-ctrl,neg,99.84
PLT-A-PBM-IFN-ctrl,neg,99.88
PLT-A-PBM-IFN-ctrl,pos,12.4
PLT-A-PBM-IFN-ctrl,pos,10.18
PLT-A-PBM-IFN-ctrl,pos,10.49
PLT-A-PBM-IFN-ctrl,pos,10.0
PLT-A-PBM-IFN-ctrl,pos,10.09
PLT-A-PBM-IFN-ctrl,pos,9.16
PLT-A-PBM-IL6-ctrl,neg,101.48
PLT-A-PBM-IL6-ctrl,neg,98.49
PLT-A-PBM-IL6-ctrl,neg,101.74
PLT-A-PBM-IL6-ctrl,neg,102.22
PLT-A-PBM-IL6-ctrl,neg,98.76
PLT-A-PBM-IL6-ctrl,neg,101.18
PLT-A-PBM-IL6-ctrl,neg,98.68
PLT-A-PBM-IL6-ctrl,neg,96.31
PLT-A-PBM-IL6-ctrl,pos,10.1
PLT-A-PBM-IL6-ctrl,pos,9.62
PLT-A-PBM-IL6-ctrl,pos,9.65
PLT-A-PBM-IL6-ctrl,pos,11.58
PLT-A-PBM-IL6-ctrl,pos,8.78
PLT-A-PBM-IL6-ctrl,pos,10.31
PLT-A-PBM-IL6-ctrl,pos,9.2
PLT-A-PBM-IL6-ctrl,pos,10.73
PLT-A-PBM-TNF-ctrl,neg,100.28
PLT-A-PBM-TNF-ctrl,neg,103.85
PLT-A-PBM-TNF-ctrl,neg,99.35
PLT-A-PBM-TNF-ctrl,neg,100.58
PLT-A-PBM-TNF-ctrl,neg,103.99
PLT-A-PBM-TNF-ctrl,neg,98.9
PLT-A-PBM-TNF-ctrl,neg,103.63
PLT-A-PBM-TNF-ctrl,neg,100.01
PLT-A-PBM-TNF-ctrl,pos,11.43
PLT-A-PBM-TNF-ctrl,pos,10.6
PLT-A-PBM-TNF-ctrl,pos,10.25
PLT-A-PBM-TNF-ctrl,pos,9.95
PLT-A-PBM-TNF-ctrl,pos,9.5
PLT-A-PBM-TNF-ctrl,pos,10.06
PLT-A-PBM-TNF-ctrl,pos,10.72
PLT-A-PBM-TNF-ctrl,pos,9.99
PLT-A-PBM-C3a-ctrl,neg,97.94
PLT-A-PBM-C3a-ctrl,neg,98.55
PLT-A-PBM-C3a-ctrl,neg,101.14
PLT-A-PBM-C3a-ctrl,neg,96.29
PLT-A-PBM-C3a-ctrl,neg,102.55
PLT-A-PBM-C3a-ctrl,neg,101.25
PLT-A-PBM-C3a-ctrl,neg,101.8
PLT-A-PBM-C3a-ctrl,neg,101.12
PLT-A-PBM-C3a-ctrl,pos,9.87
PLT-A-PBM-C3a-ctrl,pos,9.15
PLT-A-PBM-C3a-ctrl,pos,9.89
PLT-A-PBM-C3a-ctrl,pos,9.22
PLT-A-PBM-C3a-ctrl,pos,10.39
PLT-A-PBM-C3a-ctrl,pos,10.65
PLT-A-PBM-C3a-ctrl,pos,11.18
PLT-A-PBM-C3a-ctrl,pos,10.3
PLT-A-PBM-C5a-ctrl,neg,103.34
PLT-A-PBM-C5a-ctrl,neg,103.43
PLT-A-PBM-C5a-ctrl,neg,101.97
PLT-A-PBM-C5a-ctrl,neg,100.67
PLT-A-PBM-C5a-ctrl,neg,97.99
PLT-A-PBM-C5a-ctrl,neg,101.44
PLT-A-PBM-C5a-ctrl,neg,99.68
PLT-A-PBM-C5a-ctrl,neg,101.12
PLT-A-PBM-C5a-ctrl,pos,9.49
PLT-A-PBM-C5a-ctrl,pos,9.86
PLT-A-PBM-C5a-ctrl,pos,10.13
PLT-A-PBM-C5a-ctrl,pos,10.2
PLT-A-PBM-C5a-ctrl,pos,10.39
PLT-A-PBM-C5a-ctrl,pos,9.54
PLT-A-PBM-C5a-ctrl,pos,8.93
PLT-A-PBM-C5a-ctrl,pos,11.3
PLT-A-PBM-TLR-ctrl,neg,100.73
PLT-A-PBM-TLR-ctrl,neg,101.17
PLT-A-PBM-TLR-ctrl,neg,99.18
PLT-A-PBM-TLR-ctrl,neg,96.28
PLT-A-PBM-TLR-ctrl,neg,101.38
PLT-A-PBM-TLR-ctrl,neg,103.5
PLT-A-PBM-TLR-ctrl,neg,102.26
PLT-A-PBM-TLR-ctrl,neg,96.02
PLT-A-PBM-TLR-ctrl,pos,8.79
PLT-A-PBM-TLR-ctrl,pos,9.32
PLT-A-PBM-TLR-ctrl,pos,8.73
PLT-A-PBM-TLR-ctrl,pos,10.04
PLT-A-PBM-TLR-ctrl,pos,10.31
PLT-A-PBM-TLR-ctrl,pos,8.86
PLT-A-PBM-TLR-ctrl,pos,10.62
PLT-A-PBM-TLR-ctrl,pos,10.48
PLT-B-PHH-Cel-ctrl,neg,95.68
PLT-B-PHH-Cel-ctrl,neg,100.06
PLT-B-PHH-Cel-ctrl,neg,102.74
PLT-B-PHH-Cel-ctrl,neg,100.08
PLT-B-PHH-Cel-ctrl,neg,99.33
PLT-B-PHH-Cel-ctrl,neg,96.28
PLT-B-PHH-Cel-ctrl,neg,100.9
PLT-B-PHH-Cel-ctrl,neg,101.32
PLT-B-PHH-Cel-ctrl,pos,8.57
PLT-B-PHH-Cel-ctrl,pos,10.91
PLT-B-PHH-Cel-ctrl,pos,10.61
PLT-B-PHH-Cel-ctrl,pos,10.47
PLT-B-PHH-Cel-ctrl,pos,10.52
PLT-B-PHH-Cel-ctrl,pos,10.42
PLT-B-PHH-Cel-ctrl,pos,10.69
PLT-B-PHH-LDH-ctrl,neg,100.29
PLT-B-PHH-LDH-ctrl,neg,99.59
PLT-B-PHH-LDH-ctrl,neg,96.22
PLT-B-PHH-LDH-ctrl,neg,101.02
PLT-B-PHH-LDH-ctrl,neg,101.93
PLT-B-PHH-LDH-ctrl,neg,105.06
PLT-B-PHH-LDH-ctrl,neg,99.22
PLT-B-PHH-LDH-ctrl,neg,98.92
PLT-B-PHH-LDH-ctrl,pos,9.11
PLT-B-PHH-LDH-ctrl,pos,10.17
PLT-B-PHH-LDH-ctrl,pos,10.16
PLT-B-PHH-LDH-ctrl,pos,9.35
PLT-B-PHH-LDH-ctrl,pos,9.86
PLT-B-PHH-LDH-ctrl,pos,8.42
PLT-B-PHH-LDH-ctrl,pos,10.74
PLT-B-PHH-LDH-ctrl,pos,9.38
PLT-B-PHH-ALT-ctrl,neg,101.06
PLT-B-PHH-ALT-ctrl,neg,100.63
PLT-B-PHH-ALT-ctrl,neg,100.12
PLT-B-PHH-ALT-ctrl,neg,100.28
PLT-B-PHH-ALT-ctrl,neg,100.9
PLT-B-PHH-ALT-ctrl,neg,99.41
PLT-B-PHH-ALT-ctrl,neg,99.52
PLT-B-PHH-ALT-ctrl,neg,103.41
PLT-B-PHH-ALT-ctrl,pos,12.17
PLT-B-PHH-ALT-ctrl,pos,9.04
PLT-B-PHH-ALT-ctrl,pos,8.99
PLT-B-PHH-ALT-ctrl,pos,9.23
PLT-B-PHH-ALT-ctrl,pos,9.92
PLT-B-PHH-ALT-ctrl,pos,10.72
PLT-B-PHH-ALT-ctrl,pos,10.47
PLT-B-PHH-ALT-ctrl,pos,10.14
PLT-B-PHH-Cas-ctrl,neg,97.99
PLT-B-PHH-Cas-ctrl,neg,97.16
PLT-B-PHH-Cas-ctrl,neg,99.62
PLT-B-PHH-Cas-ctrl,neg,100.82
PLT-B-PHH-Cas-ctrl,neg,96.72
PLT-B-PHH-Cas-ctrl,neg,101.41
PLT-B-PHH-Cas-ctrl,neg,101.53
PLT-B-PHH-Cas-ctrl,neg,100.09
PLT-B-PHH-Cas-ctrl,pos,9.31
PLT-B-PHH-Cas-ctrl,pos,9.22
PLT-B-PHH-Cas-ctrl,pos,10.82
PLT-B-PHH-Cas-ctrl,pos,8.79
PLT-B-PHH-Cas-ctrl,pos,10.85
PLT-B-PHH-Cas-ctrl,pos,9.87
PLT-B-PHH-Cas-ctrl,pos,9.92
PLT-B-PHH-Cas-ctrl,pos,8.63
PLT-B-PBM-IFN-ctrl,neg,102.0
PLT-B-PBM-IFN-ctrl,neg,99.91
PLT-B-PBM-IFN-ctrl,neg,99.35
PLT-B-PBM-IFN-ctrl,neg,98.58
PLT-B-PBM-IFN-ctrl,neg,98.88
PLT-B-PBM-IFN-ctrl,neg,103.48
PLT-B-PBM-IFN-ctrl,neg,100.61
PLT-B-PBM-IFN-ctrl,neg,100.35
PLT-B-PBM-IFN-ctrl,pos,9.79
PLT-B-PBM-IFN-ctrl,pos,11.96
PLT-B-PBM-IFN-ctrl,pos,11.04
PLT-B-PBM-IFN-ctrl,pos,9.42
PLT-B-PBM-IFN-ctrl,pos,9.78
PLT-B-PBM-IFN-ctrl,pos,10.12
PLT-B-PBM-IFN-ctrl,pos,9.44
PLT-B-PBM-IL6-ctrl,neg,101.71
PLT-B-PBM-IL6-ctrl,neg,97.35
PLT-B-PBM-IL6-ctrl,neg,99.56
PLT-B-PBM-IL6-ctrl,neg,99.09
PLT-B-PBM-IL6-ctrl,neg,99.72
PLT-B-PBM-IL6-ctrl,neg,101.7
PLT-B-PBM-IL6-ctrl,neg,101.11
PLT-B-PBM-IL6-ctrl,neg,98.5
PLT-B-PBM-IL6-ctrl,pos,10.11
PLT-B-PBM-IL6-ctrl,pos,11.19
PLT-B-PBM-IL6-ctrl,pos,9.33
PLT-B-PBM-IL6-ctrl,pos,10.12
PLT-B-PBM-IL6-ctrl,pos,9.85
PLT-B-PBM-IL6-ctrl,pos,9.95
PLT-B-PBM-IL6-ctrl,pos,8.7
PLT-B-PBM-IL6-ctrl,pos,11.13
PLT-B-PBM-TNF-ctrl,neg,101.24
PLT-B-PBM-TNF-ctrl,neg,97.69
PLT-B-PBM-TNF-ctrl,neg,100.56
PLT-B-PBM-TNF-ctrl,neg,97.44
PLT-B-PBM-TNF-ctrl,neg,102.47
PLT-B-PBM-TNF-ctrl,neg,98.09
PLT-B-PBM-TNF-ctrl,neg,100.15
PLT-B-PBM-TNF-ctrl,neg,98.28
PLT-B-PBM-TNF-ctrl,pos,9.56
PLT-B-PBM-TNF-ctrl,pos,11.19
PLT-B-PBM-TNF-ctrl,pos,10.08
PLT-B-PBM-TNF-ctrl,pos,9.55
PLT-B-PBM-TNF-ctrl,pos,9.08
PLT-B-PBM-TNF-ctrl,pos,8.5
PLT-B-PBM-TNF-ctrl,pos,9.0
PLT-B-PBM-TNF-ctrl,pos,10.09
PLT-B-PBM-C3a-ctrl,neg,98.68
PLT-B-PBM-C3a-ctrl,neg,100.29
PLT-B-PBM-C3a-ctrl,neg,96.45
PLT-B-PBM-C3a-ctrl,neg,101.37
PLT-B-PBM-C3a-ctrl,neg,100.65
PLT-B-PBM-C3a-ctrl,neg,99.88
PLT-B-PBM-C3a-ctrl,neg,99.22
PLT-B-PBM-C3a-ctrl,neg,98.21
PLT-B-PBM-C3a-ctrl,pos,10.58
PLT-B-PBM-C3a-ctrl,pos,9.06
PLT-B-PBM-C3a-ctrl,pos,10.41
PLT-B-PBM-C3a-ctrl,pos,11.66
PLT-B-PBM-C3a-ctrl,pos,11.19
PLT-B-PBM-C3a-ctrl,pos,8.8
PLT-B-PBM-C3a-ctrl,pos,9.57
PLT-B-PBM-C3a-ctrl,pos,10.34
PLT-B-PBM-C5a-ctrl,neg,101.35
PLT-B-PBM-C5a-ctrl,neg,100.29
PLT-B-PBM-C5a-ctrl,neg,105.19
PLT-B-PBM-C5a-ctrl,neg,102.91
PLT-B-PBM-C5a-ctrl,neg,101.42
PLT-B-PBM-C5a-ctrl,neg,100.5
PLT-B-PBM-C5a-ctrl,neg,100.33
PLT-B-PBM-C5a-ctrl,neg,97.99
PLT-B-PBM-C5a-ctrl,pos,8.61
PLT-B-PBM-C5a-ctrl,pos,9.3
PLT-B-PBM-C5a-ctrl,pos,9.96
PLT-B-PBM-C5a-ctrl,pos,8.32
PLT-B-PBM-C5a-ctrl,pos,9.56
PLT-B-PBM-C5a-ctrl,pos,9.8
PLT-B-PBM-C5a-ctrl,pos,9.47
PLT-B-PBM-TLR-ctrl,neg,99.67
PLT-B-PBM-TLR-ctrl,neg,99.99
PLT-B-PBM-TLR-ctrl,neg,96.52
PLT-B-PBM-TLR-ctrl,neg,100.92
PLT-B-PBM-TLR-ctrl,neg,99.1
PLT-B-PBM-TLR-ctrl,neg,102.52
PLT-B-PBM-TLR-ctrl,neg,101.18
PLT-B-PBM-TLR-ctrl,neg,102.34
PLT-B-PBM-TLR-ctrl,pos,9.19
PLT-B-PBM-TLR-ctrl,pos,9.7
PLT-B-PBM-TLR-ctrl,pos,9.01
PLT-B-PBM-TLR-ctrl,pos,9.44
PLT-B-PBM-TLR-ctrl,pos,11.0
PLT-B-PBM-TLR-ctrl,pos,11.19
PLT-B-PBM-TLR-ctrl,pos,9.08
PLT-B-PBM-TLR-ctrl,pos,9.63
PLT-C-PHH-Cel-ctrl,neg,99.05
PLT-C-PHH-Cel-ctrl,neg,98.33
PLT-C-PHH-Cel-ctrl,neg,97.81
PLT-C-PHH-Cel-ctrl,neg,100.85
PLT-C-PHH-Cel-ctrl,neg,102.75
PLT-C-PHH-Cel-ctrl,neg,99.19
PLT-C-PHH-Cel-ctrl,neg,99.57
PLT-C-PHH-Cel-ctrl,neg,102.14
PLT-C-PHH-Cel-ctrl,pos,8.55
PLT-C-PHH-Cel-ctrl,pos,11.57
PLT-C-PHH-Cel-ctrl,pos,11.96
PLT-C-PHH-Cel-ctrl,pos,7.83
PLT-C-PHH-Cel-ctrl,pos,9.92
PLT-C-PHH-Cel-ctrl,pos,9.42
PLT-C-PHH-Cel-ctrl,pos,9.79
PLT-C-PHH-Cel-ctrl,pos,9.67
PLT-C-PHH-LDH-ctrl,neg,102.96
PLT-C-PHH-LDH-ctrl,neg,101.05
PLT-C-PHH-LDH-ctrl,neg,100.66
PLT-C-PHH-LDH-ctrl,neg,99.39
PLT-C-PHH-LDH-ctrl,neg,101.32
PLT-C-PHH-LDH-ctrl,neg,99.97
PLT-C-PHH-LDH-ctrl,neg,99.26
PLT-C-PHH-LDH-ctrl,neg,101.39
PLT-C-PHH-LDH-ctrl,pos,9.88
PLT-C-PHH-LDH-ctrl,pos,9.36
PLT-C-PHH-LDH-ctrl,pos,10.48
PLT-C-PHH-LDH-ctrl,pos,9.95
PLT-C-PHH-LDH-ctrl,pos,10.39
PLT-C-PHH-LDH-ctrl,pos,9.64
PLT-C-PHH-LDH-ctrl,pos,9.03
PLT-C-PHH-LDH-ctrl,pos,11.39
PLT-C-PHH-ALT-ctrl,neg,100.03
PLT-C-PHH-ALT-ctrl,neg,100.7
PLT-C-PHH-ALT-ctrl,neg,98.96
PLT-C-PHH-ALT-ctrl,neg,102.77
PLT-C-PHH-ALT-ctrl,neg,99.79
PLT-C-PHH-ALT-ctrl,neg,103.55
PLT-C-PHH-ALT-ctrl,neg,98.42
PLT-C-PHH-ALT-ctrl,neg,101.49
PLT-C-PHH-ALT-ctrl,pos,9.95
PLT-C-PHH-ALT-ctrl,pos,9.74
PLT-C-PHH-ALT-ctrl,pos,10.51
PLT-C-PHH-ALT-ctrl,pos,7.87
PLT-C-PHH-ALT-ctrl,pos,7.55
PLT-C-PHH-ALT-ctrl,pos,11.02
PLT-C-PHH-ALT-ctrl,pos,10.98
PLT-C-PHH-Cas-ctrl,neg,99.54
PLT-C-PHH-Cas-ctrl,neg,98.49
PLT-C-PHH-Cas-ctrl,neg,100.41
PLT-C-PHH-Cas-ctrl,neg,97.2
PLT-C-PHH-Cas-ctrl,neg,101.63
PLT-C-PHH-Cas-ctrl,neg,100.23
PLT-C-PHH-Cas-ctrl,neg,100.38
PLT-C-PHH-Cas-ctrl,neg,102.88
PLT-C-PHH-Cas-ctrl,pos,9.65
PLT-C-PHH-Cas-ctrl,pos,9.42
PLT-C-PHH-Cas-ctrl,pos,9.56
PLT-C-PHH-Cas-ctrl,pos,9.85
PLT-C-PHH-Cas-ctrl,pos,9.93
PLT-C-PHH-Cas-ctrl,pos,9.34
PLT-C-PHH-Cas-ctrl,pos,8.38
PLT-C-PHH-Cas-ctrl,pos,9.55
PLT-C-PBM-IFN-ctrl,neg,100.19
PLT-C-PBM-IFN-ctrl,neg,100.25
PLT-C-PBM-IFN-ctrl,neg,102.43
PLT-C-PBM-IFN-ctrl,neg,98.8
PLT-C-PBM-IFN-ctrl,neg,101.53
PLT-C-PBM-IFN-ctrl,neg,100.08
PLT-C-PBM-IFN-ctrl,neg,102.98
PLT-C-PBM-IFN-ctrl,neg,102.58
PLT-C-PBM-IFN-ctrl,pos,10.16
PLT-C-PBM-IFN-ctrl,pos,9.79
PLT-C-PBM-IFN-ctrl,pos,10.41
PLT-C-PBM-IFN-ctrl,pos,9.86
PLT-C-PBM-IFN-ctrl,pos,11.34
PLT-C-PBM-IFN-ctrl,pos,10.06
PLT-C-PBM-IFN-ctrl,pos,9.68
PLT-C-PBM-IFN-ctrl,pos,9.63
PLT-C-PBM-IL6-ctrl,neg,101.98
PLT-C-PBM-IL6-ctrl,neg,102.33
PLT-C-PBM-IL6-ctrl,neg,100.37
PLT-C-PBM-IL6-ctrl,neg,97.01
PLT-C-PBM-IL6-ctrl,neg,99.77
PLT-C-PBM-IL6-ctrl,neg,100.39
PLT-C-PBM-IL6-ctrl,neg,97.71
PLT-C-PBM-IL6-ctrl,neg,99.28
PLT-C-PBM-IL6-ctrl,pos,8.87
PLT-C-PBM-IL6-ctrl,pos,10.49
PLT-C-PBM-IL6-ctrl,pos,10.13
PLT-C-PBM-IL6-ctrl,pos,8.68
PLT-C-PBM-IL6-ctrl,pos,10.28
PLT-C-PBM-IL6-ctrl,pos,9.95
PLT-C-PBM-IL6-ctrl,pos,10.41
PLT-C-PBM-IL6-ctrl,pos,9.69
PLT-C-PBM-TNF-ctrl,neg,100.15
PLT-C-PBM-TNF-ctrl,neg,98.95
PLT-C-PBM-TNF-ctrl,neg,98.37
PLT-C-PBM-TNF-ctrl,neg,102.58
PLT-C-PBM-TNF-ctrl,neg,101.53
PLT-C-PBM-TNF-ctrl,neg,98.61
PLT-C-PBM-TNF-ctrl,neg,100.08
PLT-C-PBM-TNF-ctrl,neg,99.4
PLT-C-PBM-TNF-ctrl,pos,9.1
PLT-C-PBM-TNF-ctrl,pos,10.14
PLT-C-PBM-TNF-ctrl,pos,9.67
PLT-C-PBM-TNF-ctrl,pos,9.24
PLT-C-PBM-TNF-ctrl,pos,8.82
PLT-C-PBM-TNF-ctrl,pos,8.75
PLT-C-PBM-TNF-ctrl,pos,9.7
PLT-C-PBM-C3a-ctrl,neg,100.78
PLT-C-PBM-C3a-ctrl,neg,98.29
PLT-C-PBM-C3a-ctrl,neg,100.54
PLT-C-PBM-C3a-ctrl,neg,99.55
PLT-C-PBM-C3a-ctrl,neg,99.51
PLT-C-PBM-C3a-ctrl,neg,100.1
PLT-C-PBM-C3a-ctrl,neg,100.14
PLT-C-PBM-C3a-ctrl,neg,100.33
PLT-C-PBM-C3a-ctrl,pos,9.52
PLT-C-PBM-C3a-ctrl,pos,9.56
PLT-C-PBM-C3a-ctrl,pos,9.91
PLT-C-PBM-C3a-ctrl,pos,9.96
PLT-C-PBM-C3a-ctrl,pos,9.65
PLT-C-PBM-C3a-ctrl,pos,10.26
PLT-C-PBM-C3a-ctrl,pos,8.55
PLT-C-PBM-C3a-ctrl,pos,9.42
PLT-C-PBM-C5a-ctrl,neg,99.68
PLT-C-PBM-C5a-ctrl,neg,101.39
PLT-C-PBM-C5a-ctrl,neg,100.41
PLT-C-PBM-C5a-ctrl,neg,97.2
PLT-C-PBM-C5a-ctrl,neg,99.82
PLT-C-PBM-C5a-ctrl,neg,97.53
PLT-C-PBM-C5a-ctrl,neg,99.78
PLT-C-PBM-C5a-ctrl,neg,98.51
PLT-C-PBM-C5a-ctrl,pos,10.31
PLT-C-PBM-C5a-ctrl,pos,8.93
PLT-C-PBM-C5a-ctrl,pos,10.01
PLT-C-PBM-C5a-ctrl,pos,10.46
PLT-C-PBM-C5a-ctrl,pos,10.73
PLT-C-PBM-C5a-ctrl,pos,9.39
PLT-C-PBM-C5a-ctrl,pos,10.15
PLT-C-PBM-TLR-ctrl,neg,100.36
PLT-C-PBM-TLR-ctrl,neg,95.25
PLT-C-PBM-TLR-ctrl,neg,98.85
PLT-C-PBM-TLR-ctrl,neg,101.92
PLT-C-PBM-TLR-ctrl,neg,99.75
PLT-C-PBM-TLR-ctrl,neg,100.24
PLT-C-PBM-TLR-ctrl,neg,93.97
PLT-C-PBM-TLR-ctrl,neg,99.22
PLT-C-PBM-TLR-ctrl,pos,10.27
PLT-C-PBM-TLR-ctrl,pos,10.37
PLT-C-PBM-TLR-ctrl,pos,10.77
PLT-C-PBM-TLR-ctrl,pos,9.83
PLT-C-PBM-TLR-ctrl,pos,9.87
PLT-C-PBM-TLR-ctrl,pos,8.93
PLT-C-PBM-TLR-ctrl,pos,9.84
PLT-C-PBM-TLR-ctrl,pos,8.99
PLT-D-PHH-Cel-ctrl,neg,101.11
PLT-D-PHH-Cel-ctrl,neg,94.8
PLT-D-PHH-Cel-ctrl,neg,101.28
PLT-D-PHH-Cel-ctrl,neg,98.88
PLT-D-PHH-Cel-ctrl,neg,100.91
PLT-D-PHH-Cel-ctrl,neg,99.97
PLT-D-PHH-Cel-ctrl,neg,99.61
PLT-D-PHH-Cel-ctrl,neg,99.8
PLT-D-PHH-Cel-ctrl,pos,11.08
PLT-D-PHH-Cel-ctrl,pos,10.87
PLT-D-PHH-Cel-ctrl,pos,10.75
PLT-D-PHH-Cel-ctrl,pos,10.53
PLT-D-PHH-Cel-ctrl,pos,8.57
PLT-D-PHH-Cel-ctrl,pos,10.89
PLT-D-PHH-LDH-ctrl,neg,101.8
PLT-D-PHH-LDH-ctrl,neg,98.76
PLT-D-PHH-LDH-ctrl,neg,98.26
PLT-D-PHH-LDH-ctrl,neg,98.92
PLT-D-PHH-LDH-ctrl,neg,102.15
PLT-D-PHH-LDH-ctrl,neg,99.73
PLT-D-PHH-LDH-ctrl,neg,98.61
PLT-D-PHH-LDH-ctrl,neg,101.85
PLT-D-PHH-LDH-ctrl,pos,11.71
PLT-D-PHH-LDH-ctrl,pos,10.17
PLT-D-PHH-LDH-ctrl,pos,10.99
PLT-D-PHH-LDH-ctrl,pos,10.83
PLT-D-PHH-LDH-ctrl,pos,9.52
PLT-D-PHH-LDH-ctrl,pos,10.02
PLT-D-PHH-LDH-ctrl,pos,8.97
PLT-D-PHH-LDH-ctrl,pos,9.84
PLT-D-PHH-ALT-ctrl,neg,99.97
PLT-D-PHH-ALT-ctrl,neg,100.62
PLT-D-PHH-ALT-ctrl,neg,99.43
PLT-D-PHH-ALT-ctrl,neg,101.05
PLT-D-PHH-ALT-ctrl,neg,100.45
PLT-D-PHH-ALT-ctrl,neg,98.92
PLT-D-PHH-ALT-ctrl,neg,96.13
PLT-D-PHH-ALT-ctrl,neg,100.27
PLT-D-PHH-ALT-ctrl,pos,9.24
PLT-D-PHH-ALT-ctrl,pos,9.54
PLT-D-PHH-ALT-ctrl,pos,10.38
PLT-D-PHH-ALT-ctrl,pos,11.13
PLT-D-PHH-ALT-ctrl,pos,9.97
PLT-D-PHH-ALT-ctrl,pos,8.84
PLT-D-PHH-ALT-ctrl,pos,10.2
PLT-D-PHH-Cas-ctrl,neg,101.99
PLT-D-PHH-Cas-ctrl,neg,101.15
PLT-D-PHH-Cas-ctrl,neg,100.79
PLT-D-PHH-Cas-ctrl,neg,97.01
PLT-D-PHH-Cas-ctrl,neg,101.18
PLT-D-PHH-Cas-ctrl,neg,101.26
PLT-D-PHH-Cas-ctrl,neg,102.49
PLT-D-PHH-Cas-ctrl,neg,104.24
PLT-D-PHH-Cas-ctrl,pos,8.65
PLT-D-PHH-Cas-ctrl,pos,9.69
PLT-D-PHH-Cas-ctrl,pos,9.41
PLT-D-PHH-Cas-ctrl,pos,10.14
PLT-D-PHH-Cas-ctrl,pos,10.01
PLT-D-PHH-Cas-ctrl,pos,9.81
PLT-D-PHH-Cas-ctrl,pos,10.82
PLT-D-PHH-Cas-ctrl,pos,9.12
PLT-D-PBM-IFN-ctrl,neg,100.69
PLT-D-PBM-IFN-ctrl,neg,101.19
PLT-D-PBM-IFN-ctrl,neg,101.54
PLT-D-PBM-IFN-ctrl,neg,99.82
PLT-D-PBM-IFN-ctrl,neg,101.06
PLT-D-PBM-IFN-ctrl,neg,101.49
PLT-D-PBM-IFN-ctrl,neg,100.4
PLT-D-PBM-IFN-ctrl,neg,99.71
PLT-D-PBM-IFN-ctrl,pos,8.84
PLT-D-PBM-IFN-ctrl,pos,10.48
PLT-D-PBM-IFN-ctrl,pos,10.03
PLT-D-PBM-IFN-ctrl,pos,9.67
PLT-D-PBM-IFN-ctrl,pos,11.02
PLT-D-PBM-IFN-ctrl,pos,8.86
PLT-D-PBM-IFN-ctrl,pos,11.32
PLT-D-PBM-IFN-ctrl,pos,9.98
PLT-D-PBM-IL6-ctrl,neg,100.26
PLT-D-PBM-IL6-ctrl,neg,100.61
PLT-D-PBM-IL6-ctrl,neg,101.08
PLT-D-PBM-IL6-ctrl,neg,100.41
PLT-D-PBM-IL6-ctrl,neg,101.69
PLT-D-PBM-IL6-ctrl,neg,96.75
PLT-D-PBM-IL6-ctrl,neg,99.74
PLT-D-PBM-IL6-ctrl,pos,8.89
PLT-D-PBM-IL6-ctrl,pos,10.22
PLT-D-PBM-IL6-ctrl,pos,11.31
PLT-D-PBM-IL6-ctrl,pos,9.62
PLT-D-PBM-IL6-ctrl,pos,10.1
PLT-D-PBM-IL6-ctrl,pos,10.61
PLT-D-PBM-IL6-ctrl,pos,8.35
PLT-D-PBM-IL6-ctrl,pos,9.58
PLT-D-PBM-TNF-ctrl,neg,101.84
PLT-D-PBM-TNF-ctrl,neg,98.93
PLT-D-PBM-TNF-ctrl,neg,98.41
PLT-D-PBM-TNF-ctrl,neg,102.72
PLT-D-PBM-TNF-ctrl,neg,96.95
PLT-D-PBM-TNF-ctrl,neg,102.5
PLT-D-PBM-TNF-ctrl,neg,102.64
PLT-D-PBM-TNF-ctrl,neg,101.72
PLT-D-PBM-TNF-ctrl,pos,9.45
PLT-D-PBM-TNF-ctrl,pos,9.35
PLT-D-PBM-TNF-ctrl,pos,9.83
PLT-D-PBM-TNF-ctrl,pos,8.96
PLT-D-PBM-TNF-ctrl,pos,9.23
PLT-D-PBM-TNF-ctrl,pos,10.52
PLT-D-PBM-TNF-ctrl,pos,9.16
PLT-D-PBM-C3a-ctrl,neg,97.99
PLT-D-PBM-C3a-ctrl,neg,97.42
PLT-D-PBM-C3a-ctrl,neg,100.82
PLT-D-PBM-C3a-ctrl,neg,97.8
PLT-D-PBM-C3a-ctrl,neg,101.67
PLT-D-PBM-C3a-ctrl,neg,101.05
PLT-D-PBM-C3a-ctrl,neg,97.49
PLT-D-PBM-C3a-ctrl,pos,9.28
PLT-D-PBM-C3a-ctrl,pos,11.42
PLT-D-PBM-C3a-ctrl,pos,10.72
PLT-D-PBM-C3a-ctrl,pos,9.66
PLT-D-PBM-C3a-ctrl,pos,10.46
PLT-D-PBM-C3a-ctrl,pos,8.92
PLT-D-PBM-C3a-ctrl,pos,9.46
PLT-D-PBM-C5a-ctrl,neg,97.17
PLT-D-PBM-C5a-ctrl,neg,101.26
PLT-D-PBM-C5a-ctrl,neg,98.99
PLT-D-PBM-C5a-ctrl,neg,100.02
PLT-D-PBM-C5a-ctrl,neg,97.41
PLT-D-PBM-C5a-ctrl,neg,100.24
PLT-D-PBM-C5a-ctrl,neg,101.85
PLT-D-PBM-C5a-ctrl,pos,9.35
PLT-D-PBM-C5a-ctrl,pos,9.51
PLT-D-PBM-C5a-ctrl,pos,8.05
PLT-D-PBM-C5a-ctrl,pos,11.61
PLT-D-PBM-C5a-ctrl,pos,10.42
PLT-D-PBM-C5a-ctrl,pos,10.56
PLT-D-PBM-TLR-ctrl,neg,101.0
PLT-D-PBM-TLR-ctrl,neg,97.71
PLT-D-PBM-TLR-ctrl,neg,101.54
PLT-D-PBM-TLR-ctrl,neg,99.04
PLT-D-PBM-TLR-ctrl,neg,102.32
PLT-D-PBM-TLR-ctrl,neg,99.21
PLT-D-PBM-TLR-ctrl,neg,101.26
PLT-D-PBM-TLR-ctrl,neg,100.36
PLT-D-PBM-TLR-ctrl,pos,10.6
PLT-D-PBM-TLR-ctrl,pos,10.09
PLT-D-PBM-TLR-ctrl,pos,8.67
PLT-D-PBM-TLR-ctrl,pos,10.81
PLT-D-PBM-TLR-ctrl,pos,9.93
PLT-D-PBM-TLR-ctrl,pos,10.63
PLT-D-PBM-TLR-ctrl,pos,10.55
PLT-D-PBM-TLR-ctrl,pos,9.38
PLT-E-PHH-Cel-ctrl,neg,96.37
PLT-E-PHH-Cel-ctrl,neg,100.55
PLT-E-PHH-Cel-ctrl,neg,104.11
PLT-E-PHH-Cel-ctrl,neg,100.92
PLT-E-PHH-Cel-ctrl,neg,101.37
PLT-E-PHH-Cel-ctrl,neg,99.51
PLT-E-PHH-Cel-ctrl,neg,101.97
PLT-E-PHH-Cel-ctrl,pos,11.61
PLT-E-PHH-Cel-ctrl,pos,11.19
PLT-E-PHH-Cel-ctrl,pos,10.64
PLT-E-PHH-Cel-ctrl,pos,10.03
PLT-E-PHH-Cel-ctrl,pos,10.17
PLT-E-PHH-Cel-ctrl,pos,9.4
PLT-E-PHH-Cel-ctrl,pos,8.84
PLT-E-PHH-Cel-ctrl,pos,9.1
PLT-E-PHH-LDH-ctrl,neg,100.6
PLT-E-PHH-LDH-ctrl,neg,98.02
PLT-E-PHH-LDH-ctrl,neg,97.61
PLT-E-PHH-LDH-ctrl,neg,99.77
PLT-E-PHH-LDH-ctrl,neg,102.46
PLT-E-PHH-LDH-ctrl,neg,101.2
PLT-E-PHH-LDH-ctrl,neg,98.57
PLT-E-PHH-LDH-ctrl,neg,101.41
PLT-E-PHH-LDH-ctrl,pos,8.21
PLT-E-PHH-LDH-ctrl,pos,9.4
PLT-E-PHH-LDH-ctrl,pos,9.34
PLT-E-PHH-LDH-ctrl,pos,10.06
PLT-E-PHH-LDH-ctrl,pos,9.84
PLT-E-PHH-LDH-ctrl,pos,9.89
PLT-E-PHH-LDH-ctrl,pos,9.86
PLT-E-PHH-LDH-ctrl,pos,10.02
PLT-E-PHH-ALT-ctrl,neg,102.25
PLT-E-PHH-ALT-ctrl,neg,99.76
PLT-E-PHH-ALT-ctrl,neg,99.6
PLT-E-PHH-ALT-ctrl,neg,94.3
PLT-E-PHH-ALT-ctrl,neg,99.35
PLT-E-PHH-ALT-ctrl,neg,97.29
PLT-E-PHH-ALT-ctrl,neg,100.44
PLT-E-PHH-ALT-ctrl,neg,100.31
PLT-E-PHH-ALT-ctrl,pos,10.56
PLT-E-PHH-ALT-ctrl,pos,11.12
PLT-E-PHH-ALT-ctrl,pos,11.82
PLT-E-PHH-ALT-ctrl,pos,10.19
PLT-E-PHH-ALT-ctrl,pos,8.95
PLT-E-PHH-ALT-ctrl,pos,9.55
PLT-E-PHH-Cas-ctrl,neg,100.55
PLT-E-PHH-Cas-ctrl,neg,100.87
PLT-E-PHH-Cas-ctrl,neg,100.26
PLT-E-PHH-Cas-ctrl,neg,98.99
PLT-E-PHH-Cas-ctrl,neg,100.0
PLT-E-PHH-Cas-ctrl,neg,99.11
PLT-E-PHH-Cas-ctrl,neg,101.92
PLT-E-PHH-Cas-ctrl,neg,99.59
PLT-E-PHH-Cas-ctrl,pos,8.8
PLT-E-PHH-Cas-ctrl,pos,8.66
PLT-E-PHH-Cas-ctrl,pos,8.62
PLT-E-PHH-Cas-ctrl,pos,9.08
PLT-E-PHH-Cas-ctrl,pos,10.24
PLT-E-PHH-Cas-ctrl,pos,10.11
PLT-E-PHH-Cas-ctrl,pos,9.95
PLT-E-PBM-IFN-ctrl,neg,101.89
PLT-E-PBM-IFN-ctrl,neg,99.14
PLT-E-PBM-IFN-ctrl,neg,97.64
PLT-E-PBM-IFN-ctrl,neg,103.06
PLT-E-PBM-IFN-ctrl,neg,100.92
PLT-E-PBM-IFN-ctrl,neg,99.24
PLT-E-PBM-IFN-ctrl,neg,97.71
PLT-E-PBM-IFN-ctrl,neg,104.09
PLT-E-PBM-IFN-ctrl,pos,9.98
PLT-E-PBM-IFN-ctrl,pos,11.12
PLT-E-PBM-IFN-ctrl,pos,10.71
PLT-E-PBM-IFN-ctrl,pos,9.58
PLT-E-PBM-IFN-ctrl,pos,9.59
PLT-E-PBM-IFN-ctrl,pos,11.16
PLT-E-PBM-IFN-ctrl,pos,11.17
PLT-E-PBM-IFN-ctrl,pos,8.5
PLT-E-PBM-IL6-ctrl,neg,102.3
PLT-E-PBM-IL6-ctrl,neg,102.6
PLT-E-PBM-IL6-ctrl,neg,101.91
PLT-E-PBM-IL6-ctrl,neg,97.3
PLT-E-PBM-IL6-ctrl,neg,101.73
PLT-E-PBM-IL6-ctrl,neg,101.02
PLT-E-PBM-IL6-ctrl,neg,96.66
PLT-E-PBM-IL6-ctrl,neg,95.87
PLT-E-PBM-IL6-ctrl,pos,10.83
PLT-E-PBM-IL6-ctrl,pos,9.86
PLT-E-PBM-IL6-ctrl,pos,8.97
PLT-E-PBM-IL6-ctrl,pos,9.83
PLT-E-PBM-IL6-ctrl,pos,10.29
PLT-E-PBM-IL6-ctrl,pos,9.93
PLT-E-PBM-IL6-ctrl,pos,8.76
PLT-E-PBM-IL6-ctrl,pos,11.51
PLT-E-PBM-TNF-ctrl,neg,102.47
PLT-E-PBM-TNF-ctrl,neg,97.69
PLT-E-PBM-TNF-ctrl,neg,98.97
PLT-E-PBM-TNF-ctrl,neg,99.63
PLT-E-PBM-TNF-ctrl,neg,101.71
PLT-E-PBM-TNF-ctrl,neg,106.87
PLT-E-PBM-TNF-ctrl,neg,100.84
PLT-E-PBM-TNF-ctrl,pos,9.41
PLT-E-PBM-TNF-ctrl,pos,8.96
PLT-E-PBM-TNF-ctrl,pos,9.74
PLT-E-PBM-TNF-ctrl,pos,9.25
PLT-E-PBM-TNF-ctrl,pos,10.37
PLT-E-PBM-TNF-ctrl,pos,10.36
PLT-E-PBM-TNF-ctrl,pos,9.63
PLT-E-PBM-TNF-ctrl,pos,11.59
PLT-E-PBM-C3a-ctrl,neg,97.96
PLT-E-PBM-C3a-ctrl,neg,99.64
PLT-E-PBM-C3a-ctrl,neg,99.23
PLT-E-PBM-C3a-ctrl,neg,99.79
PLT-E-PBM-C3a-ctrl,neg,97.98
PLT-E-PBM-C3a-ctrl,neg,96.3
PLT-E-PBM-C3a-ctrl,neg,101.04
PLT-E-PBM-C3a-ctrl,neg,101.93
PLT-E-PBM-C3a-ctrl,pos,8.57
PLT-E-PBM-C3a-ctrl,pos,10.3
PLT-E-PBM-C3a-ctrl,pos,10.87
PLT-E-PBM-C3a-ctrl,pos,10.48
PLT-E-PBM-C3a-ctrl,pos,9.67
PLT-E-PBM-C3a-ctrl,pos,9.25
PLT-E-PBM-C3a-ctrl,pos,10.06
PLT-E-PBM-C3a-ctrl,pos,10.2
PLT-E-PBM-C5a-ctrl,neg,98.37
PLT-E-PBM-C5a-ctrl,neg,97.7
PLT-E-PBM-C5a-ctrl,neg,99.16
PLT-E-PBM-C5a-ctrl,neg,100.86
PLT-E-PBM-C5a-ctrl,neg,100.24
PLT-E-PBM-C5a-ctrl,neg,103.95
PLT-E-PBM-C5a-ctrl,neg,95.58
PLT-E-PBM-C5a-ctrl,neg,100.94
PLT-E-PBM-C5a-ctrl,pos,10.01
PLT-E-PBM-C5a-ctrl,pos,10.65
PLT-E-PBM-C5a-ctrl,pos,10.57
PLT-E-PBM-C5a-ctrl,pos,9.87
PLT-E-PBM-C5a-ctrl,pos,10.14
PLT-E-PBM-C5a-ctrl,pos,9.4
PLT-E-PBM-C5a-ctrl,pos,10.49
PLT-E-PBM-C5a-ctrl,pos,8.5
PLT-E-PBM-TLR-ctrl,neg,95.21
PLT-E-PBM-TLR-ctrl,neg,101.59
PLT-E-PBM-TLR-ctrl,neg,96.25
PLT-E-PBM-TLR-ctrl,neg,97.17
PLT-E-PBM-TLR-ctrl,neg,98.97
PLT-E-PBM-TLR-ctrl,neg,104.34
PLT-E-PBM-TLR-ctrl,neg,103.35
PLT-E-PBM-TLR-ctrl,neg,101.41
PLT-E-PBM-TLR-ctrl,pos,10.29
PLT-E-PBM-TLR-ctrl,pos,8.51
PLT-E-PBM-TLR-ctrl,pos,10.13
PLT-E-PBM-TLR-ctrl,pos,9.56
PLT-E-PBM-TLR-ctrl,pos,9.35
PLT-E-PBM-TLR-ctrl,pos,10.12
PLT-E-PBM-TLR-ctrl,pos,9.62
PLT-E-PBM-TLR-ctrl,pos,10.7
PLT-A-PHH-Cel-ctrl,neg,100.83
PLT-A-PHH-Cel-ctrl,neg,98.83
PLT-A-PHH-Cel-ctrl,neg,96.96
PLT-A-PHH-Cel-ctrl,neg,104.08
PLT-A-PHH-Cel-ctrl,neg,98.0
PLT-A-PHH-Cel-ctrl,neg,99.61
PLT-A-PHH-Cel-ctrl,neg,99.58
PLT-A-PHH-Cel-ctrl,neg,101.42
PLT-A-PHH-Cel-ctrl,pos,10.37
PLT-A-PHH-Cel-ctrl,pos,9.34
PLT-A-PHH-Cel-ctrl,pos,9.82
PLT-A-PHH-Cel-ctrl,pos,10.6
PLT-A-PHH-Cel-ctrl,pos,9.07
PLT-A-PHH-Cel-ctrl,pos,11.61
PLT-A-PHH-Cel-ctrl,pos,9.39
PLT-A-PHH-LDH-ctrl,neg,103.65
PLT-A-PHH-LDH-ctrl,neg,99.98
PLT-A-PHH-LDH-ctrl,neg,101.87
PLT-A-PHH-LDH-ctrl,neg,99.43
PLT-A-PHH-LDH-ctrl,neg,99.64
PLT-A-PHH-LDH-ctrl,neg,99.93
PLT-A-PHH-LDH-ctrl,neg,102.21
PLT-A-PHH-LDH-ctrl,pos,9.15
PLT-A-PHH-LDH-ctrl,pos,11.3
PLT-A-PHH-LDH-ctrl,pos,9.77
PLT-A-PHH-LDH-ctrl,pos,9.64
PLT-A-PHH-LDH-ctrl,pos,7.74
PLT-A-PHH-LDH-ctrl,pos,10.51
PLT-A-PHH-LDH-ctrl,pos,10.08
PLT-A-PHH-ALT-ctrl,neg,99.83
PLT-A-PHH-ALT-ctrl,neg,103.19
PLT-A-PHH-ALT-ctrl,neg,99.11
PLT-A-PHH-ALT-ctrl,neg,96.59
PLT-A-PHH-ALT-ctrl,neg,99.92
PLT-A-PHH-ALT-ctrl,neg,101.31
PLT-A-PHH-ALT-ctrl,neg,101.67
PLT-A-PHH-ALT-ctrl,pos,10.09
PLT-A-PHH-ALT-ctrl,pos,10.76
PLT-A-PHH-ALT-ctrl,pos,10.58
PLT-A-PHH-ALT-ctrl,pos,10.89
PLT-A-PHH-ALT-ctrl,pos,10.79
PLT-A-PHH-ALT-ctrl,pos,11.26
PLT-A-PHH-ALT-ctrl,pos,8.94
PLT-A-PHH-Cas-ctrl,neg,95.91
PLT-A-PHH-Cas-ctrl,neg,99.4
PLT-A-PHH-Cas-ctrl,neg,102.37
PLT-A-PHH-Cas-ctrl,neg,102.08
PLT-A-PHH-Cas-ctrl,neg,101.24
PLT-A-PHH-Cas-ctrl,neg,104.82
PLT-A-PHH-Cas-ctrl,neg,98.82
PLT-A-PHH-Cas-ctrl,pos,10.32
PLT-A-PHH-Cas-ctrl,pos,9.65
PLT-A-PHH-Cas-ctrl,pos,10.77
PLT-A-PHH-Cas-ctrl,pos,9.95
PLT-A-PHH-Cas-ctrl,pos,11.38
PLT-A-PHH-Cas-ctrl,pos,9.58
PLT-A-PHH-Cas-ctrl,pos,11.13
PLT-A-PHH-Cas-ctrl,pos,10.47
PLT-A-PBM-IFN-ctrl,neg,96.34
PLT-A-PBM-IFN-ctrl,neg,99.76
PLT-A-PBM-IFN-ctrl,neg,99.58
PLT-A-PBM-IFN-ctrl,neg,100.54
PLT-A-PBM-IFN-ctrl,neg,98.7
PLT-A-PBM-IFN-ctrl,neg,103.77
PLT-A-PBM-IFN-ctrl,neg,100.32
PLT-A-PBM-IFN-ctrl,neg,100.47
PLT-A-PBM-IFN-ctrl,pos,10.16
PLT-A-PBM-IFN-ctrl,pos,10.8
PLT-A-PBM-IFN-ctrl,pos,10.46
PLT-A-PBM-IFN-ctrl,pos,10.35
PLT-A-PBM-IFN-ctrl,pos,10.59
PLT-A-PBM-IFN-ctrl,pos,8.54
PLT-A-PBM-IFN-ctrl,pos,8.57
PLT-A-PBM-IFN-ctrl,pos,9.94
PLT-A-PBM-IL6-ctrl,neg,100.46
PLT-A-PBM-IL6-ctrl,neg,101.36
PLT-A-PBM-IL6-ctrl,neg,99.02
PLT-A-PBM-IL6-ctrl,neg,101.65
PLT-A-PBM-IL6-ctrl,neg,96.41
PLT-A-PBM-IL6-ctrl,neg,97.92
PLT-A-PBM-IL6-ctrl,neg,95.87
PLT-A-PBM-IL6-ctrl,neg,98.21
PLT-A-PBM-IL6-ctrl,pos,11.21
PLT-A-PBM-IL6-ctrl,pos,11.65
PLT-A-PBM-IL6-ctrl,pos,10.19
PLT-A-PBM-IL6-ctrl,pos,9.49
PLT-A-PBM-IL6-ctrl,pos,9.82
PLT-A-PBM-IL6-ctrl,pos,10.38
PLT-A-PBM-IL6-ctrl,pos,8.75
PLT-A-PBM-IL6-ctrl,pos,9.54
PLT-A-PBM-TNF-ctrl,neg,102.15
PLT-A-PBM-TNF-ctrl,neg,99.83
PLT-A-PBM-TNF-ctrl,neg,99.52
PLT-A-PBM-TNF-ctrl,neg,101.05
PLT-A-PBM-TNF-ctrl,neg,99.49
PLT-A-PBM-TNF-ctrl,neg,99.32
PLT-A-PBM-TNF-ctrl,neg,102.07
PLT-A-PBM-TNF-ctrl,neg,102.52
PLT-A-PBM-TNF-ctrl,pos,10.87
PLT-A-PBM-TNF-ctrl,pos,9.87
PLT-A-PBM-TNF-ctrl,pos,8.29
PLT-A-PBM-TNF-ctrl,pos,9.88
PLT-A-PBM-TNF-ctrl,pos,9.39
PLT-A-PBM-TNF-ctrl,pos,9.9
PLT-A-PBM-TNF-ctrl,pos,9.46
PLT-A-PBM-TNF-ctrl,pos,9.98
PLT-A-PBM-C3a-ctrl,neg,100.04
PLT-A-PBM-C3a-ctrl,neg,98.34
PLT-A-PBM-C3a-ctrl,neg,97.5
PLT-A-PBM-C3a-ctrl,neg,98.38
PLT-A-PBM-C3a-ctrl,neg,100.78
PLT-A-PBM-C3a-ctrl,neg,100.69
PLT-A-PBM-C3a-ctrl,neg,98.4
PLT-A-PBM-C3a-ctrl,neg,95.58
PLT-A-PBM-C3a-ctrl,pos,9.28
PLT-A-PBM-C3a-ctrl,pos,10.55
PLT-A-PBM-C3a-ctrl,pos,9.4
PLT-A-PBM-C3a-ctrl,pos,10.12
PLT-A-PBM-C3a-ctrl,pos,11.89
PLT-A-PBM-C3a-ctrl,pos,10.6
PLT-A-PBM-C5a-ctrl,neg,105.24
PLT-A-PBM-C5a-ctrl,neg,100.36
PLT-A-PBM-C5a-ctrl,neg,100.9
PLT-A-PBM-C5a-ctrl,neg,98.59
PLT-A-PBM-C5a-ctrl,neg,102.04
PLT-A-PBM-C5a-ctrl,neg,101.52
PLT-A-PBM-C5a-ctrl,neg,101.53
PLT-A-PBM-C5a-ctrl,neg,100.43
PLT-A-PBM-C5a-ctrl,pos,10.83
PLT-A-PBM-C5a-ctrl,pos,11.02
PLT-A-PBM-C5a-ctrl,pos,10.23
PLT-A-PBM-C5a-ctrl,pos,9.91
PLT-A-PBM-C5a-ctrl,pos,10.72
PLT-A-PBM-C5a-ctrl,pos,9.28
PLT-A-PBM-C5a-ctrl,pos,9.43
PLT-A-PBM-C5a-ctrl,pos,9.96
PLT-A-PBM-TLR-ctrl,neg,102.41
PLT-A-PBM-TLR-ctrl,neg,101.06
PLT-A-PBM-TLR-ctrl,neg,101.5
PLT-A-PBM-TLR-ctrl,neg,99.07
PLT-A-PBM-TLR-ctrl,neg,99.6
PLT-A-PBM-TLR-ctrl,neg,99.76
PLT-A-PBM-TLR-ctrl,neg,99.9
PLT-A-PBM-TLR-ctrl,neg,102.34
PLT-A-PBM-TLR-ctrl,pos,8.12
PLT-A-PBM-TLR-ctrl,pos,10.02
PLT-A-PBM-TLR-ctrl,pos,9.94
PLT-A-PBM-TLR-ctrl,pos,8.9
PLT-A-PBM-TLR-ctrl,pos,9.42
PLT-A-PBM-TLR-ctrl,pos,9.71
PLT-A-PBM-TLR-ctrl,pos,11.48
PLT-B-PHH-Cel-ctrl,neg,99.66
PLT-B-PHH-Cel-ctrl,neg,101.66
PLT-B-PHH-Cel-ctrl,neg,101.08
PLT-B-PHH-Cel-ctrl,neg,99.49
PLT-B-PHH-Cel-ctrl,neg,101.68
PLT-B-PHH-Cel-ctrl,neg,100.28
PLT-B-PHH-Cel-ctrl,neg,98.85
PLT-B-PHH-Cel-ctrl,neg,98.58
PLT-B-PHH-Cel-ctrl,pos,10.33
PLT-B-PHH-Cel-ctrl,pos,9.93
PLT-B-PHH-Cel-ctrl,pos,8.9
PLT-B-PHH-Cel-ctrl,pos,10.68
PLT-B-PHH-Cel-ctrl,pos,9.62
PLT-B-PHH-Cel-ctrl,pos,11.27
PLT-B-PHH-Cel-ctrl,pos,8.88
PLT-B-PHH-Cel-ctrl,pos,9.86
PLT-B-PHH-LDH-ctrl,neg,98.73
PLT-B-PHH-LDH-ctrl,neg,97.78
PLT-B-PHH-LDH-ctrl,neg,102.06
PLT-B-PHH-LDH-ctrl,neg,97.77
PLT-B-PHH-LDH-ctrl,neg,97.96
PLT-B-PHH-LDH-ctrl,neg,98.47
PLT-B-PHH-LDH-ctrl,neg,100.23
PLT-B-PHH-LDH-ctrl,neg,101.24
PLT-B-PHH-LDH-ctrl,pos,10.95
PLT-B-PHH-LDH-ctrl,pos,10.84
PLT-B-PHH-LDH-ctrl,pos,10.0
PLT-B-PHH-LDH-ctrl,pos,10.82
PLT-B-PHH-LDH-ctrl,pos,9.46
PLT-B-PHH-LDH-ctrl,pos,8.54
PLT-B-PHH-ALT-ctrl,neg,98.37
PLT-B-PHH-ALT-ctrl,neg,96.86
PLT-B-PHH-ALT-ctrl,neg,95.95
PLT-B-PHH-ALT-ctrl,neg,100.14
PLT-B-PHH-ALT-ctrl,neg,100.6
PLT-B-PHH-ALT-ctrl,neg,102.09
PLT-B-PHH-ALT-ctrl,neg,100.3
PLT-B-PHH-ALT-ctrl,pos,11.08
PLT-B-PHH-ALT-ctrl,pos,9.15
PLT-B-PHH-ALT-ctrl,pos,10.37
PLT-B-PHH-ALT-ctrl,pos,10.54
PLT-B-PHH-ALT-ctrl,pos,9.56
PLT-B-PHH-ALT-ctrl,pos,8.85
PLT-B-PHH-ALT-ctrl,pos,10.08
PLT-B-PHH-Cas-ctrl,neg,101.73
PLT-B-PHH-Cas-ctrl,neg,101.95
PLT-B-PHH-Cas-ctrl,neg,102.8
PLT-B-PHH-Cas-ctrl,neg,100.85
PLT-B-PHH-Cas-ctrl,neg,99.78
PLT-B-PHH-Cas-ctrl,neg,99.49
PLT-B-PHH-Cas-ctrl,neg,96.53
PLT-B-PHH-Cas-ctrl,neg,102.68
PLT-B-PHH-Cas-ctrl,pos,9.74
PLT-B-PHH-Cas-ctrl,pos,10.4
PLT-B-PHH-Cas-ctrl,pos,10.54
PLT-B-PHH-Cas-ctrl,pos,9.0
PLT-B-PHH-Cas-ctrl,pos,9.26
PLT-B-PHH-Cas-ctrl,pos,11.24
PLT-B-PHH-Cas-ctrl,pos,10.23
PLT-B-PHH-Cas-ctrl,pos,9.54
PLT-B-PBM-IFN-ctrl,neg,100.23
PLT-B-PBM-IFN-ctrl,neg,101.5
PLT-B-PBM-IFN-ctrl,neg,103.68
PLT-B-PBM-IFN-ctrl,neg,98.73
PLT-B-PBM-IFN-ctrl,neg,98.08
PLT-B-PBM-IFN-ctrl,neg,97.96
PLT-B-PBM-IFN-ctrl,neg,101.99
PLT-B-PBM-IFN-ctrl,neg,102.26
PLT-B-PBM-IFN-ctrl,pos,9.57
PLT-B-PBM-IFN-ctrl,pos,8.29
PLT-B-PBM-IFN-ctrl,pos,9.46
PLT-B-PBM-IFN-ctrl,pos,10.44
PLT-B-PBM-IFN-ctrl,pos,9.95
PLT-B-PBM-IFN-ctrl,pos,10.14
PLT-B-PBM-IFN-ctrl,pos,9.58
PLT-B-PBM-IFN-ctrl,pos,10.81
PLT-B-PBM-IL6-ctrl,neg,100.18
PLT-B-PBM-IL6-ctrl,neg,101.53
PLT-B-PBM-IL6-ctrl,neg,96.57
PLT-B-PBM-IL6-ctrl,neg,100.14
PLT-B-PBM-IL6-ctrl,neg,100.13
PLT-B-PBM-IL6-ctrl,neg,103.72
PLT-B-PBM-IL6-ctrl,neg,97.53
PLT-B-PBM-IL6-ctrl,neg,99.24
PLT-B-PBM-IL6-ctrl,pos,9.26
PLT-B-PBM-IL6-ctrl,pos,9.17
PLT-B-PBM-IL6-ctrl,pos,10.9
PLT-B-PBM-IL6-ctrl,pos,10.02
PLT-B-PBM-IL6-ctrl,pos,9.56
PLT-B-PBM-IL6-ctrl,pos,9.59
PLT-B-PBM-IL6-ctrl,pos,9.55
PLT-B-PBM-IL6-ctrl,pos,9.62
PLT-B-PBM-TNF-ctrl,neg,103.11
PLT-B-PBM-TNF-ctrl,neg,101.43
PLT-B-PBM-TNF-ctrl,neg,98.16
PLT-B-PBM-TNF-ctrl,neg,99.47
PLT-B-PBM-TNF-ctrl,neg,99.53
PLT-B-PBM-TNF-ctrl,neg,98.92
PLT-B-PBM-TNF-ctrl,neg,96.58
PLT-B-PBM-TNF-ctrl,neg,98.64
PLT-B-PBM-TNF-ctrl,pos,11.11
PLT-B-PBM-TNF-ctrl,pos,9.7
PLT-B-PBM-TNF-ctrl,pos,9.92
PLT-B-PBM-TNF-ctrl,pos,10.11
PLT-B-PBM-TNF-ctrl,pos,11.77
PLT-B-PBM-TNF-ctrl,pos,10.01
PLT-B-PBM-TNF-ctrl,pos,10.88
PLT-B-PBM-TNF-ctrl,pos,9.52
PLT-B-PBM-C3a-ctrl,neg,103.0
PLT-B-PBM-C3a-ctrl,neg,103.32
PLT-B-PBM-C3a-ctrl,neg,102.08
PLT-B-PBM-C3a-ctrl,neg,102.4
PLT-B-PBM-C3a-ctrl,neg,100.11
PLT-B-PBM-C3a-ctrl,neg,95.85
PLT-B-PBM-C3a-ctrl,neg,100.06
PLT-B-PBM-C3a-ctrl,neg,101.24
PLT-B-PBM-C3a-ctrl,pos,9.89
PLT-B-PBM-C3a-ctrl,pos,9.86
PLT-B-PBM-C3a-ctrl,pos,9.23
PLT-B-PBM-C3a-ctrl,pos,9.2
PLT-B-PBM-C3a-ctrl,pos,11.47
PLT-B-PBM-C3a-ctrl,pos,11.5
PLT-B-PBM-C3a-ctrl,pos,10.0
PLT-B-PBM-C3a-ctrl,pos,10.23
PLT-B-PBM-C5a-ctrl,neg,100.82
PLT-B-PBM-C5a-ctrl,neg,98.97
PLT-B-PBM-C5a-ctrl,neg,98.08
PLT-B-PBM-C5a-ctrl,neg,104.21
PLT-B-PBM-C5a-ctrl,neg,102.13
PLT-B-PBM-C5a-ctrl,neg,100.69
PLT-B-PBM-C5a-ctrl,neg,99.22
PLT-B-PBM-C5a-ctrl,neg,99.38
PLT-B-PBM-C5a-ctrl,pos,11.23
PLT-B-PBM-C5a-ctrl,pos,10.25
PLT-B-PBM-C5a-ctrl,pos,7.53
PLT-B-PBM-C5a-ctrl,pos,11.94
PLT-B-PBM-C5a-ctrl,pos,10.15
PLT-B-PBM-C5a-ctrl,pos,10.27
PLT-B-PBM-C5a-ctrl,pos,10.87
PLT-B-PBM-C5a-ctrl,pos,10.37
PLT-B-PBM-TLR-ctrl,neg,99.15
PLT-B-PBM-TLR-ctrl,neg,104.42
PLT-B-PBM-TLR-ctrl,neg,101.86
PLT-B-PBM-TLR-ctrl,neg,99.74
PLT-B-PBM-TLR-ctrl,neg,106.4
PLT-B-PBM-TLR-ctrl,neg,98.17
PLT-B-PBM-TLR-ctrl,neg,102.33
PLT-B-PBM-TLR-ctrl,neg,96.93
PLT-B-PBM-TLR-ctrl,pos,9.8
PLT-B-PBM-TLR-ctrl,pos,8.92
PLT-B-PBM-TLR-ctrl,pos,10.21
PLT-B-PBM-TLR-ctrl,pos,10.04
PLT-B-PBM-TLR-ctrl,pos,9.75
PLT-B-PBM-TLR-ctrl,pos,10.87
PLT-B-PBM-TLR-ctrl,pos,9.55
PLT-B-PBM-TLR-ctrl,pos,10.26
PLT-C-PHH-Cel-ctrl,neg,98.38
PLT-C-PHH-Cel-ctrl,neg,99.22
PLT-C-PHH-Cel-ctrl,neg,102.3
PLT-C-PHH-Cel-ctrl,neg,101.06
PLT-C-PHH-Cel-ctrl,neg,102.26
PLT-C-PHH-Cel-ctrl,neg,100.66
PLT-C-PHH-Cel-ctrl,neg,100.79
PLT-C-PHH-Cel-ctrl,neg,96.44
PLT-C-PHH-Cel-ctrl,pos,9.75
PLT-C-PHH-Cel-ctrl,pos,9.82
PLT-C-PHH-Cel-ctrl,pos,10.98
PLT-C-PHH-Cel-ctrl,pos,9.6
PLT-C-PHH-Cel-ctrl,pos,10.21
PLT-C-PHH-Cel-ctrl,pos,10.18
PLT-C-PHH-Cel-ctrl,pos,9.89
PLT-C-PHH-LDH-ctrl,neg,99.94
PLT-C-PHH-LDH-ctrl,neg,97.26
PLT-C-PHH-LDH-ctrl,neg,100.2
PLT-C-PHH-LDH-ctrl,neg,100.74
PLT-C-PHH-LDH-ctrl,neg,98.19
PLT-C-PHH-LDH-ctrl,neg,99.32
PLT-C-PHH-LDH-ctrl,neg,101.07
PLT-C-PHH-LDH-ctrl,pos,9.83
PLT-C-PHH-LDH-ctrl,pos,9.77
PLT-C-PHH-LDH-ctrl,pos,11.52
PLT-C-PHH-LDH-ctrl,pos,9.24
PLT-C-PHH-LDH-ctrl,pos,10.86
PLT-C-PHH-LDH-ctrl,pos,9.08
PLT-C-PHH-LDH-ctrl,pos,10.52
PLT-C-PHH-LDH-ctrl,pos,10.57
PLT-C-PHH-ALT-ctrl,neg,102.3
PLT-C-PHH-ALT-ctrl,neg,99.91
PLT-C-PHH-ALT-ctrl,neg,102.5
PLT-C-PHH-ALT-ctrl,neg,101.02
PLT-C-PHH-ALT-ctrl,neg,99.74
PLT-C-PHH-ALT-ctrl,neg,101.58
PLT-C-PHH-ALT-ctrl,neg,101.59
PLT-C-PHH-ALT-ctrl,neg,100.94
PLT-C-PHH-ALT-ctrl,pos,8.17
PLT-C-PHH-ALT-ctrl,pos,9.21
PLT-C-PHH-ALT-ctrl,pos,11.11
PLT-C-PHH-ALT-ctrl,pos,9.0
PLT-C-PHH-ALT-ctrl,pos,10.71
PLT-C-PHH-ALT-ctrl,pos,10.57
PLT-C-PHH-ALT-ctrl,pos,9.42
PLT-C-PHH-ALT-ctrl,pos,8.4
PLT-C-PHH-Cas-ctrl,neg,102.17
PLT-C-PHH-Cas-ctrl,neg,102.51
PLT-C-PHH-Cas-ctrl,neg,100.75
PLT-C-PHH-Cas-ctrl,neg,99.03
PLT-C-PHH-Cas-ctrl,neg,100.22
PLT-C-PHH-Cas-ctrl,neg,100.76
PLT-C-PHH-Cas-ctrl,neg,98.88
PLT-C-PHH-Cas-ctrl,neg,102.67
PLT-C-PHH-Cas-ctrl,pos,10.46
PLT-C-PHH-Cas-ctrl,pos,9.29
PLT-C-PHH-Cas-ctrl,pos,11.51
PLT-C-PHH-Cas-ctrl,pos,10.08
PLT-C-PHH-Cas-ctrl,pos,9.12
PLT-C-PHH-Cas-ctrl,pos,11.19
PLT-C-PHH-Cas-ctrl,pos,11.46
PLT-C-PBM-IFN-ctrl,neg,99.14
PLT-C-PBM-IFN-ctrl,neg,100.13
PLT-C-PBM-IFN-ctrl,neg,100.16
PLT-C-PBM-IFN-ctrl,neg,99.82
PLT-C-PBM-IFN-ctrl,neg,97.36
PLT-C-PBM-IFN-ctrl,neg,102.49
PLT-C-PBM-IFN-ctrl,neg,102.13
PLT-C-PBM-IFN-ctrl,neg,97.91
PLT-C-PBM-IFN-ctrl,pos,9.76
PLT-C-PBM-IFN-ctrl,pos,9.82
PLT-C-PBM-IFN-ctrl,pos,9.07
PLT-C-PBM-IFN-ctrl,pos,9.46
PLT-C-PBM-IFN-ctrl,pos,9.71
PLT-C-PBM-IFN-ctrl,pos,8.85
PLT-C-PBM-IFN-ctrl,pos,10.14
PLT-C-PBM-IL6-ctrl,neg,97.08
PLT-C-PBM-IL6-ctrl,neg,104.65
PLT-C-PBM-IL6-ctrl,neg,100.14
PLT-C-PBM-IL6-ctrl,neg,101.0
PLT-C-PBM-IL6-ctrl,neg,98.92
PLT-C-PBM-IL6-ctrl,neg,98.69
PLT-C-PBM-IL6-ctrl,neg,103.83
PLT-C-PBM-IL6-ctrl,neg,96.17
PLT-C-PBM-IL6-ctrl,pos,10.22
PLT-C-PBM-IL6-ctrl,pos,9.03
PLT-C-PBM-IL6-ctrl,pos,9.68
PLT-C-PBM-IL6-ctrl,pos,9.49
PLT-C-PBM-IL6-ctrl,pos,9.21
PLT-C-PBM-IL6-ctrl,pos,10.03
PLT-C-PBM-IL6-ctrl,pos,7.95
PLT-C-PBM-IL6-ctrl,pos,9.75
PLT-C-PBM-TNF-ctrl,neg,100.5
PLT-C-PBM-TNF-ctrl,neg,100.02
PLT-C-PBM-TNF-ctrl,neg,100.42
PLT-C-PBM-TNF-ctrl,neg,96.95
PLT-C-PBM-TNF-ctrl,neg,101.33
PLT-C-PBM-TNF-ctrl,neg,100.01
PLT-C-PBM-TNF-ctrl,neg,105.11
PLT-C-PBM-TNF-ctrl,neg,99.22
PLT-C-PBM-TNF-ctrl,pos,10.26
PLT-C-PBM-TNF-ctrl,pos,12.26
PLT-C-PBM-TNF-ctrl,pos,9.95
PLT-C-PBM-TNF-ctrl,pos,11.22
PLT-C-PBM-TNF-ctrl,pos,9.07
PLT-C-PBM-TNF-ctrl,pos,10.34
PLT-C-PBM-C3a-ctrl,neg,99.0
PLT-C-PBM-C3a-ctrl,neg,102.21
PLT-C-PBM-C3a-ctrl,neg,98.39
PLT-C-PBM-C3a-ctrl,neg,102.18
PLT-C-PBM-C3a-ctrl,neg,100.2
PLT-C-PBM-C3a-ctrl,neg,104.65
PLT-C-PBM-C3a-ctrl,neg,100.64
PLT-C-PBM-C3a-ctrl,pos,9.92
PLT-C-PBM-C3a-ctrl,pos,10.46
PLT-C-PBM-C3a-ctrl,pos,9.73
PLT-C-PBM-C3a-ctrl,pos,8.56
PLT-C-PBM-C3a-ctrl,pos,9.81
PLT-C-PBM-C3a-ctrl,pos,9.79
PLT-C-PBM-C3a-ctrl,pos,8.73
PLT-C-PBM-C3a-ctrl,pos,9.94
PLT-C-PBM-C5a-ctrl,neg,97.79
PLT-C-PBM-C5a-ctrl,neg,99.4
PLT-C-PBM-C5a-ctrl,neg,99.71
PLT-C-PBM-C5a-ctrl,neg,97.75
PLT-C-PBM-C5a-ctrl,neg,101.58
PLT-C-PBM-C5a-ctrl,neg,99.16
PLT-C-PBM-C5a-ctrl,neg,100.57
PLT-C-PBM-C5a-ctrl,pos,9.9
PLT-C-PBM-C5a-ctrl,pos,10.67
PLT-C-PBM-C5a-ctrl,pos,9.25
PLT-C-PBM-C5a-ctrl,pos,8.88
PLT-C-PBM-C5a-ctrl,pos,9.75
PLT-C-PBM-C5a-ctrl,pos,10.05
PLT-C-PBM-C5a-ctrl,pos,9.01
PLT-C-PBM-C5a-ctrl,pos,8.89
PLT-C-PBM-TLR-ctrl,neg,98.68
PLT-C-PBM-TLR-ctrl,neg,99.17
PLT-C-PBM-TLR-ctrl,neg,97.5
PLT-C-PBM-TLR-ctrl,neg,99.07
PLT-C-PBM-TLR-ctrl,neg,99.53
PLT-C-PBM-TLR-ctrl,neg,101.46
PLT-C-PBM-TLR-ctrl,neg,97.47
PLT-C-PBM-TLR-ctrl,pos,8.72
PLT-C-PBM-TLR-ctrl,pos,10.17
PLT-C-PBM-TLR-ctrl,pos,10.06
PLT-C-PBM-TLR-ctrl,pos,9.56
PLT-C-PBM-TLR-ctrl,pos,9.63
PLT-C-PBM-TLR-ctrl,pos,10.31
PLT-C-PBM-TLR-ctrl,pos,11.11
PLT-C-PBM-TLR-ctrl,pos,9.38
PLT-D-PHH-Cel-ctrl,neg,98.1
PLT-D-PHH-Cel-ctrl,neg,97.89
PLT-D-PHH-Cel-ctrl,neg,100.52
PLT-D-PHH-Cel-ctrl,neg,98.91
PLT-D-PHH-Cel-ctrl,neg,97.57
PLT-D-PHH-Cel-ctrl,neg,102.65
PLT-D-PHH-Cel-ctrl,neg,101.84
PLT-D-PHH-Cel-ctrl,neg,96.14
PLT-D-PHH-Cel-ctrl,pos,8.82
PLT-D-PHH-Cel-ctrl,pos,10.47
PLT-D-PHH-Cel-ctrl,pos,9.77
PLT-D-PHH-Cel-ctrl,pos,11.2
PLT-D-PHH-Cel-ctrl,pos,10.49
PLT-D-PHH-Cel-ctrl,pos,10.24
PLT-D-PHH-Cel-ctrl,pos,9.18
PLT-D-PHH-Cel-ctrl,pos,10.39
PLT-D-PHH-LDH-ctrl,neg,100.67
PLT-D-PHH-LDH-ctrl,neg,99.42
PLT-D-PHH-LDH-ctrl,neg,98.19
PLT-D-PHH-LDH-ctrl,neg,102.03
PLT-D-PHH-LDH-ctrl,neg,100.2
PLT-D-PHH-LDH-ctrl,neg,99.54
PLT-D-PHH-LDH-ctrl,neg,102.68
PLT-D-PHH-LDH-ctrl,neg,96.33
PLT-D-PHH-LDH-ctrl,pos,11.02
PLT-D-PHH-LDH-ctrl,pos,9.3
PLT-D-PHH-LDH-ctrl,pos,9.53
PLT-D-PHH-LDH-ctrl,pos,9.26
PLT-D-PHH-LDH-ctrl,pos,11.05
PLT-D-PHH-LDH-ctrl,pos,11.48
PLT-D-PHH-LDH-ctrl,pos,9.82
PLT-D-PHH-ALT-ctrl,neg,100.77
PLT-D-PHH-ALT-ctrl,neg,101.0
PLT-D-PHH-ALT-ctrl,neg,99.31
PLT-D-PHH-ALT-ctrl,neg,100.37
PLT-D-PHH-ALT-ctrl,neg,100.47
PLT-D-PHH-ALT-ctrl,neg,95.14
PLT-D-PHH-ALT-ctrl,neg,101.29
PLT-D-PHH-ALT-ctrl,neg,100.3
PLT-D-PHH-ALT-ctrl,pos,10.45
PLT-D-PHH-ALT-ctrl,pos,8.97
PLT-D-PHH-ALT-ctrl,pos,9.75
PLT-D-PHH-ALT-ctrl,pos,9.13
PLT-D-PHH-ALT-ctrl,pos,10.6
PLT-D-PHH-ALT-ctrl,pos,8.88
PLT-D-PHH-ALT-ctrl,pos,9.26
PLT-D-PHH-ALT-ctrl,pos,10.43
PLT-D-PHH-Cas-ctrl,neg,97.46
PLT-D-PHH-Cas-ctrl,neg,98.25
PLT-D-PHH-Cas-ctrl,neg,98.38
PLT-D-PHH-Cas-ctrl,neg,99.64
PLT-D-PHH-Cas-ctrl,neg,103.97
PLT-D-PHH-Cas-ctrl,neg,98.13
PLT-D-PHH-Cas-ctrl,neg,98.05
PLT-D-PHH-Cas-ctrl,neg,97.73
PLT-D-PHH-Cas-ctrl,pos,10.51
PLT-D-PHH-Cas-ctrl,pos,9.97
PLT-D-PHH-Cas-ctrl,pos,9.28
PLT-D-PHH-Cas-ctrl,pos,9.71
PLT-D-PHH-Cas-ctrl,pos,9.37
PLT-D-PHH-Cas-ctrl,pos,10.24
PLT-D-PHH-Cas-ctrl,pos,12.15
PLT-D-PHH-Cas-ctrl,pos,10.44
PLT-D-PBM-IFN-ctrl,neg,99.95
PLT-D-PBM-IFN-ctrl,neg,94.11
PLT-D-PBM-IFN-ctrl,neg,103.36
PLT-D-PBM-IFN-ctrl,neg,99.4
PLT-D-PBM-IFN-ctrl,neg,98.35
PLT-D-PBM-IFN-ctrl,neg,97.75
PLT-D-PBM-IFN-ctrl,neg,99.33
PLT-D-PBM-IFN-ctrl,neg,98.87
PLT-D-PBM-IFN-ctrl,pos,9.41
PLT-D-PBM-IFN-ctrl,pos,9.45
PLT-D-PBM-IFN-ctrl,pos,10.42
PLT-D-PBM-IFN-ctrl,pos,11.62
PLT-D-PBM-IFN-ctrl,pos,10.66
PLT-D-PBM-IFN-ctrl,pos,10.9
PLT-D-PBM-IFN-ctrl,pos,9.7
PLT-D-PBM-IFN-ctrl,pos,10.08
PLT-D-PBM-IL6-ctrl,neg,99.13
PLT-D-PBM-IL6-ctrl,neg,98.21
PLT-D-PBM-IL6-ctrl,neg,99.55
PLT-D-PBM-IL6-ctrl,neg,96.09
PLT-D-PBM-IL6-ctrl,neg,99.17
PLT-D-PBM-IL6-ctrl,neg,99.47
PLT-D-PBM-IL6-ctrl,neg,97.85
PLT-D-PBM-IL6-ctrl,neg,101.5
PLT-D-PBM-IL6-ctrl,pos,9.82
PLT-D-PBM-IL6-ctrl,pos,9.49
PLT-D-PBM-IL6-ctrl,pos,9.74
PLT-D-PBM-IL6-ctrl,pos,10.28
PLT-D-PBM-IL6-ctrl,pos,10.06
PLT-D-PBM-IL6-ctrl,pos,9.44
PLT-D-PBM-IL6-ctrl,pos,9.96
PLT-D-PBM-TNF-ctrl,neg,99.96
PLT-D-PBM-TNF-ctrl,neg,98.84
PLT-D-PBM-TNF-ctrl,neg,99.43
PLT-D-PBM-TNF-ctrl,neg,97.03
PLT-D-PBM-TNF-ctrl,neg,97.02
PLT-D-PBM-TNF-ctrl,neg,96.55
PLT-D-PBM-TNF-ctrl,neg,102.17
PLT-D-PBM-TNF-ctrl,neg,96.88
PLT-D-PBM-TNF-ctrl,pos,11.56
PLT-D-PBM-TNF-ctrl,pos,9.42
PLT-D-PBM-TNF-ctrl,pos,11.39
PLT-D-PBM-TNF-ctrl,pos,9.71
PLT-D-PBM-TNF-ctrl,pos,8.75
PLT-D-PBM-TNF-ctrl,pos,11.03
PLT-D-PBM-TNF-ctrl,pos,11.12
PLT-D-PBM-TNF-ctrl,pos,9.28
PLT-D-PBM-C3a-ctrl,neg,96.88
PLT-D-PBM-C3a-ctrl,neg,99.77
PLT-D-PBM-C3a-ctrl,neg,101.63
PLT-D-PBM-C3a-ctrl,neg,97.24
PLT-D-PBM-C3a-ctrl,neg,100.55
PLT-D-PBM-C3a-ctrl,neg,101.57
PLT-D-PBM-C3a-ctrl,neg,96.33
PLT-D-PBM-C3a-ctrl,neg,99.46
PLT-D-PBM-C3a-ctrl,pos,11.32
PLT-D-PBM-C3a-ctrl,pos,10.44
PLT-D-PBM-C3a-ctrl,pos,8.5
PLT-D-PBM-C3a-ctrl,pos,10.53
PLT-D-PBM-C3a-ctrl,pos,9.4
PLT-D-PBM-C3a-ctrl,pos,10.55
PLT-D-PBM-C3a-ctrl,pos,9.45
PLT-D-PBM-C3a-ctrl,pos,9.96
PLT-D-PBM-C5a-ctrl,neg,101.4
PLT-D-PBM-C5a-ctrl,neg,98.83
PLT-D-PBM-C5a-ctrl,neg,101.22
PLT-D-PBM-C5a-ctrl,neg,95.26
PLT-D-PBM-C5a-ctrl,neg,99.23
PLT-D-PBM-C5a-ctrl,neg,102.33
PLT-D-PBM-C5a-ctrl,neg,99.66
PLT-D-PBM-C5a-ctrl,neg,98.34
PLT-D-PBM-C5a-ctrl,pos,9.47
PLT-D-PBM-C5a-ctrl,pos,7.58
PLT-D-PBM-C5a-ctrl,pos,9.19
PLT-D-PBM-C5a-ctrl,pos,10.85
PLT-D-PBM-C5a-ctrl,pos,9.53
PLT-D-PBM-C5a-ctrl,pos,9.63
PLT-D-PBM-C5a-ctrl,pos,8.13
PLT-D-PBM-C5a-ctrl,pos,8.7
PLT-D-PBM-TLR-ctrl,neg,102.03
PLT-D-PBM-TLR-ctrl,neg,101.35
PLT-D-PBM-TLR-ctrl,neg,100.27
PLT-D-PBM-TLR-ctrl,neg,101.43
PLT-D-PBM-TLR-ctrl,neg,98.21
PLT-D-PBM-TLR-ctrl,neg,100.4
PLT-D-PBM-TLR-ctrl,neg,100.6
PLT-D-PBM-TLR-ctrl,neg,97.34
PLT-D-PBM-TLR-ctrl,pos,10.38
PLT-D-PBM-TLR-ctrl,pos,9.0
PLT-D-PBM-TLR-ctrl,pos,9.66
PLT-D-PBM-TLR-ctrl,pos,10.03
PLT-D-PBM-TLR-ctrl,pos,9.42
PLT-D-PBM-TLR-ctrl,pos,10.07
PLT-D-PBM-TLR-ctrl,pos,10.05
PLT-D-PBM-TLR-ctrl,pos,9.34
PLT-E-PHH-Cel-ctrl,neg,99.08
PLT-E-PHH-Cel-ctrl,neg,97.71
PLT-E-PHH-Cel-ctrl,neg,98.86
PLT-E-PHH-Cel-ctrl,neg,99.92
PLT-E-PHH-Cel-ctrl,neg,100.35
PLT-E-PHH-Cel-ctrl,neg,95.73
PLT-E-PHH-Cel-ctrl,neg,99.56
PLT-E-PHH-Cel-ctrl,neg,100.06
PLT-E-PHH-Cel-ctrl,pos,10.44
PLT-E-PHH-Cel-ctrl,pos,11.3
PLT-E-PHH-Cel-ctrl,pos,10.15
PLT-E-PHH-Cel-ctrl,pos,9.27
PLT-E-PHH-Cel-ctrl,pos,8.55
PLT-E-PHH-Cel-ctrl,pos,10.55
PLT-E-PHH-Cel-ctrl,pos,9.3
PLT-E-PHH-Cel-ctrl,pos,10.69
PLT-E-PHH-LDH-ctrl,neg,101.8
PLT-E-PHH-LDH-ctrl,neg,97.46
PLT-E-PHH-LDH-ctrl,neg,102.34
PLT-E-PHH-LDH-ctrl,neg,99.98
PLT-E-PHH-LDH-ctrl,neg,99.9
PLT-E-PHH-LDH-ctrl,neg,98.61
PLT-E-PHH-LDH-ctrl,neg,97.54
PLT-E-PHH-LDH-ctrl,neg,96.67
PLT-E-PHH-LDH-ctrl,pos,9.39
PLT-E-PHH-LDH-ctrl,pos,10.47
PLT-E-PHH-LDH-ctrl,pos,9.23
PLT-E-PHH-LDH-ctrl,pos,8.76
PLT-E-PHH-LDH-ctrl,pos,9.69
PLT-E-PHH-LDH-ctrl,pos,9.72
PLT-E-PHH-LDH-ctrl,pos,9.9
PLT-E-PHH-ALT-ctrl,neg,97.69
PLT-E-PHH-ALT-ctrl,neg,100.89
PLT-E-PHH-ALT-ctrl,neg,99.82
PLT-E-PHH-ALT-ctrl,neg,101.38
PLT-E-PHH-ALT-ctrl,neg,100.17
PLT-E-PHH-ALT-ctrl,neg,101.93
PLT-E-PHH-ALT-ctrl,neg,100.74
PLT-E-PHH-ALT-ctrl,neg,101.66
PLT-E-PHH-ALT-ctrl,pos,8.33
PLT-E-PHH-ALT-ctrl,pos,9.01
PLT-E-PHH-ALT-ctrl,pos,9.71
PLT-E-PHH-ALT-ctrl,pos,10.86
PLT-E-PHH-ALT-ctrl,pos,11.5
PLT-E-PHH-ALT-ctrl,pos,9.87
PLT-E-PHH-ALT-ctrl,pos,9.51
PLT-E-PHH-ALT-ctrl,pos,8.44
PLT-E-PHH-Cas-ctrl,neg,96.17
PLT-E-PHH-Cas-ctrl,neg,101.59
PLT-E-PHH-Cas-ctrl,neg,102.13
PLT-E-PHH-Cas-ctrl,neg,98.68
PLT-E-PHH-Cas-ctrl,neg,105.26
PLT-E-PHH-Cas-ctrl,neg,100.39
PLT-E-PHH-Cas-ctrl,neg,95.61
PLT-E-PHH-Cas-ctrl,neg,100.76
PLT-E-PHH-Cas-ctrl,pos,9.42
PLT-E-PHH-Cas-ctrl,pos,10.93
PLT-E-PHH-Cas-ctrl,pos,10.44
PLT-E-PHH-Cas-ctrl,pos,9.52
PLT-E-PHH-Cas-ctrl,pos,11.2
PLT-E-PHH-Cas-ctrl,pos,10.75
PLT-E-PHH-Cas-ctrl,pos,9.34
PLT-E-PHH-Cas-ctrl,pos,9.88
PLT-E-PBM-IFN-ctrl,neg,99.65
PLT-E-PBM-IFN-ctrl,neg,97.08
PLT-E-PBM-IFN-ctrl,neg,100.25
PLT-E-PBM-IFN-ctrl,neg,99.12
PLT-E-PBM-IFN-ctrl,neg,99.51
PLT-E-PBM-IFN-ctrl,neg,100.73
PLT-E-PBM-IFN-ctrl,neg,102.55
PLT-E-PBM-IFN-ctrl,neg,98.3
PLT-E-PBM-IFN-ctrl,pos,9.73
PLT-E-PBM-IFN-ctrl,pos,9.39
PLT-E-PBM-IFN-ctrl,pos,9.34
PLT-E-PBM-IFN-ctrl,pos,9.52
PLT-E-PBM-IFN-ctrl,pos,9.84
PLT-E-PBM-IFN-ctrl,pos,10.47
PLT-E-PBM-IFN-ctrl,pos,10.26
PLT-E-PBM-IFN-ctrl,pos,9.15
PLT-E-PBM-IL6-ctrl,neg,100.41
PLT-E-PBM-IL6-ctrl,neg,100.74
PLT-E-PBM-IL6-ctrl,neg,99.85
PLT-E-PBM-IL6-ctrl,neg,99.75
PLT-E-PBM-IL6-ctrl,neg,102.13
PLT-E-PBM-IL6-ctrl,neg,100.6
PLT-E-PBM-IL6-ctrl,neg,100.08
PLT-E-PBM-IL6-ctrl,neg,100.3
PLT-E-PBM-IL6-ctrl,pos,11.47
PLT-E-PBM-IL6-ctrl,pos,10.14
PLT-E-PBM-IL6-ctrl,pos,9.59
PLT-E-PBM-IL6-ctrl,pos,8.47
PLT-E-PBM-IL6-ctrl,pos,8.85
PLT-E-PBM-IL6-ctrl,pos,9.63
PLT-E-PBM-IL6-ctrl,pos,9.91
PLT-E-PBM-IL6-ctrl,pos,9.56
PLT-E-PBM-TNF-ctrl,neg,98.03
PLT-E-PBM-TNF-ctrl,neg,99.95
PLT-E-PBM-TNF-ctrl,neg,97.92
PLT-E-PBM-TNF-ctrl,neg,96.26
PLT-E-PBM-TNF-ctrl,neg,99.7
PLT-E-PBM-TNF-ctrl,neg,97.47
PLT-E-PBM-TNF-ctrl,neg,99.98
PLT-E-PBM-TNF-ctrl,neg,102.23
PLT-E-PBM-TNF-ctrl,pos,11.48
PLT-E-PBM-TNF-ctrl,pos,10.07
PLT-E-PBM-TNF-ctrl,pos,10.82
PLT-E-PBM-TNF-ctrl,pos,9.69
PLT-E-PBM-TNF-ctrl,pos,8.46
PLT-E-PBM-TNF-ctrl,pos,11.3
PLT-E-PBM-TNF-ctrl,pos,9.16
PLT-E-PBM-C3a-ctrl,neg,102.48
PLT-E-PBM-C3a-ctrl,neg,100.76
PLT-E-PBM-C3a-ctrl,neg,99.97
PLT-E-PBM-C3a-ctrl,neg,102.74
PLT-E-PBM-C3a-ctrl,neg,99.81
PLT-E-PBM-C3a-ctrl,neg,102.76
PLT-E-PBM-C3a-ctrl,neg,102.5
PLT-E-PBM-C3a-ctrl,pos,10.96
PLT-E-PBM-C3a-ctrl,pos,6.89
PLT-E-PBM-C3a-ctrl,pos,10.35
PLT-E-PBM-C3a-ctrl,pos,10.17
PLT-E-PBM-C3a-ctrl,pos,9.97
PLT-E-PBM-C3a-ctrl,pos,10.49
PLT-E-PBM-C3a-ctrl,pos,10.21
PLT-E-PBM-C3a-ctrl,pos,10.54
PLT-E-PBM-C5a-ctrl,neg,99.43
PLT-E-PBM-C5a-ctrl,neg,98.93
PLT-E-PBM-C5a-ctrl,neg,103.08
PLT-E-PBM-C5a-ctrl,neg,100.37
PLT-E-PBM-C5a-ctrl,neg,95.82
PLT-E-PBM-C5a-ctrl,neg,97.38
PLT-E-PBM-C5a-ctrl,neg,97.97
PLT-E-PBM-C5a-ctrl,neg,101.87
PLT-E-PBM-C5a-ctrl,pos,10.64
PLT-E-PBM-C5a-ctrl,pos,9.76
PLT-E-PBM-C5a-ctrl,pos,9.56
PLT-E-PBM-C5a-ctrl,pos,9.1
PLT-E-PBM-C5a-ctrl,pos,10.37
PLT-E-PBM-C5a-ctrl,pos,10.3
PLT-E-PBM-C5a-ctrl,pos,9.78
PLT-E-PBM-TLR-ctrl,neg,101.52
PLT-E-PBM-TLR-ctrl,neg,101.98
PLT-E-PBM-TLR-ctrl,neg,101.33
PLT-E-PBM-TLR-ctrl,neg,99.74
PLT-E-PBM-TLR-ctrl,neg,103.1
PLT-E-PBM-TLR-ctrl,neg,101.78
PLT-E-PBM-TLR-ctrl,neg,102.78
PLT-E-PBM-TLR-ctrl,neg,102.9
PLT-E-PBM-TLR-ctrl,pos,9.9
PLT-E-PBM-TLR-ctrl,pos,10.31
PLT-E-PBM-TLR-ctrl,pos,10.62
PLT-E-PBM-TLR-ctrl,pos,9.08
PLT-E-PBM-TLR-ctrl,pos,9.1
PLT-E-PBM-TLR-ctrl,pos,8.96
PLT-E-PBM-TLR-ctrl,pos,9.91
PLT-E-PBM-TLR-ctrl,pos,9.73
PLT-A-PHH-Cel-ctrl,neg,101.99
PLT-A-PHH-Cel-ctrl,neg,98.65
PLT-A-PHH-Cel-ctrl,neg,104.96
PLT-A-PHH-Cel-ctrl,neg,101.53
PLT-A-PHH-Cel-ctrl,neg,97.75
PLT-A-PHH-Cel-ctrl,neg,100.37
PLT-A-PHH-Cel-ctrl,neg,101.55
PLT-A-PHH-Cel-ctrl,neg,99.3
PLT-A-PHH-Cel-ctrl,pos,8.8
PLT-A-PHH-Cel-ctrl,pos,9.17
PLT-A-PHH-Cel-ctrl,pos,8.6
PLT-A-PHH-Cel-ctrl,pos,8.84
PLT-A-PHH-Cel-ctrl,pos,9.44
PLT-A-PHH-LDH-ctrl,neg,99.81
PLT-A-PHH-LDH-ctrl,neg,98.83
PLT-A-PHH-LDH-ctrl,neg,100.8
PLT-A-PHH-LDH-ctrl,neg,97.36
PLT-A-PHH-LDH-ctrl,neg,101.14
PLT-A-PHH-LDH-ctrl,neg,99.59
PLT-A-PHH-LDH-ctrl,neg,100.9
PLT-A-PHH-LDH-ctrl,pos,9.71
PLT-A-PHH-LDH-ctrl,pos,9.46
PLT-A-PHH-LDH-ctrl,pos,10.43
PLT-A-PHH-LDH-ctrl,pos,9.53
PLT-A-PHH-LDH-ctrl,pos,9.85
PLT-A-PHH-LDH-ctrl,pos,9.56
PLT-A-PHH-ALT-ctrl,neg,100.36
PLT-A-PHH-ALT-ctrl,neg,97.84
PLT-A-PHH-ALT-ctrl,neg,97.29
PLT-A-PHH-ALT-ctrl,neg,101.04
PLT-A-PHH-ALT-ctrl,neg,96.93
PLT-A-PHH-ALT-ctrl,neg,99.53
PLT-A-PHH-ALT-ctrl,neg,99.35
PLT-A-PHH-ALT-ctrl,neg,99.75
PLT-A-PHH-ALT-ctrl,pos,10.2
PLT-A-PHH-ALT-ctrl,pos,11.28
PLT-A-PHH-ALT-ctrl,pos,8.72
PLT-A-PHH-ALT-ctrl,pos,10.7
PLT-A-PHH-ALT-ctrl,pos,7.99
PLT-A-PHH-ALT-ctrl,pos,11.11
PLT-A-PHH-ALT-ctrl,pos,8.37
PLT-A-PHH-ALT-ctrl,pos,11.95
PLT-A-PHH-Cas-ctrl,neg,96.41
PLT-A-PHH-Cas-ctrl,neg,96.46
PLT-A-PHH-Cas-ctrl,neg,98.03
PLT-A-PHH-Cas-ctrl,neg,103.15
PLT-A-PHH-Cas-ctrl,neg,101.78
PLT-A-PHH-Cas-ctrl,neg,103.25
PLT-A-PHH-Cas-ctrl,neg,100.02
PLT-A-PHH-Cas-ctrl,neg,99.58
PLT-A-PHH-Cas-ctrl,pos,9.0
PLT-A-PHH-Cas-ctrl,pos,10.28
PLT-A-PHH-Cas-ctrl,pos,9.84
PLT-A-PHH-Cas-ctrl,pos,9.81
PLT-A-PHH-Cas-ctrl,pos,11.29
PLT-A-PHH-Cas-ctrl,pos,9.9
PLT-A-PHH-Cas-ctrl,pos,11.06
PLT-A-PHH-Cas-ctrl,pos,8.73
PLT-A-PBM-IFN-ctrl,neg,98.15
PLT-A-PBM-IFN-ctrl,neg,100.27
PLT-A-PBM-IFN-ctrl,neg,98.07
PLT-A-PBM-IFN-ctrl,neg,100.36
PLT-A-PBM-IFN-ctrl,neg,102.94
PLT-A-PBM-IFN-ctrl,neg,97.57
PLT-A-PBM-IFN-ctrl,neg,100.78
PLT-A-PBM-IFN-ctrl,pos,9.86
PLT-A-PBM-IFN-ctrl,pos,9.88
PLT-A-PBM-IFN-ctrl,pos,10.38
PLT-A-PBM-IFN-ctrl,pos,10.55
PLT-A-PBM-IFN-ctrl,pos,10.03
PLT-A-PBM-IFN-ctrl,pos,9.95
PLT-A-PBM-IFN-ctrl,pos,11.65
PLT-A-PBM-IFN-ctrl,pos,10.96
PLT-A-PBM-IL6-ctrl,neg,103.13
PLT-A-PBM-IL6-ctrl,neg,97.08
PLT-A-PBM-IL6-ctrl,neg,103.32
PLT-A-PBM-IL6-ctrl,neg,100.64
PLT-A-PBM-IL6-ctrl,neg,95.85
PLT-A-PBM-IL6-ctrl,neg,103.18
PLT-A-PBM-IL6-ctrl,neg,101.94
PLT-A-PBM-IL6-ctrl,neg,99.14
PLT-A-PBM-IL6-ctrl,pos,9.23
PLT-A-PBM-IL6-ctrl,pos,8.74
PLT-A-PBM-IL6-ctrl,pos,11.93
PLT-A-PBM-IL6-ctrl,pos,9.26
PLT-A-PBM-IL6-ctrl,pos,8.99
PLT-A-PBM-IL6-ctrl,pos,10.21
PLT-A-PBM-IL6-ctrl,pos,8.69
PLT-A-PBM-IL6-ctrl,pos,9.21
PLT-A-PBM-TNF-ctrl,neg,100.56
PLT-A-PBM-TNF-ctrl,neg,102.01
PLT-A-PBM-TNF-ctrl,neg,100.74
PLT-A-PBM-TNF-ctrl,neg,98.27
PLT-A-PBM-TNF-ctrl,neg,99.0
PLT-A-PBM-TNF-ctrl,neg,98.87
PLT-A-PBM-TNF-ctrl,neg,99.63
PLT-A-PBM-TNF-ctrl,neg,103.59
PLT-A-PBM-TNF-ctrl,pos,11.56
PLT-A-PBM-TNF-ctrl,pos,10.67
PLT-A-PBM-TNF-ctrl,pos,10.1
PLT-A-PBM-TNF-ctrl,pos,8.91
PLT-A-PBM-TNF-ctrl,pos,10.18
PLT-A-PBM-TNF-ctrl,pos,9.37
PLT-A-PBM-TNF-ctrl,pos,11.3
PLT-A-PBM-TNF-ctrl,pos,8.72
PLT-A-PBM-C3a-ctrl,neg,96.64
PLT-A-PBM-C3a-ctrl,neg,100.77
PLT-A-PBM-C3a-ctrl,neg,100.28
PLT-A-PBM-C3a-ctrl,neg,99.1
PLT-A-PBM-C3a-ctrl,neg,97.96
PLT-A-PBM-C3a-ctrl,neg,97.87
PLT-A-PBM-C3a-ctrl,neg,102.17
PLT-A-PBM-C3a-ctrl,neg,100.5
PLT-A-PBM-C3a-ctrl,pos,10.38
PLT-A-PBM-C3a-ctrl,pos,10.2
PLT-A-PBM-C3a-ctrl,pos,10.26
PLT-A-PBM-C3a-ctrl,pos,9.63
PLT-A-PBM-C3a-ctrl,pos,9.84
PLT-A-PBM-C3a-ctrl,pos,10.93
PLT-A-PBM-C3a-ctrl,pos,11.13
PLT-A-PBM-C3a-ctrl,pos,9.02
PLT-A-PBM-C5a-ctrl,neg,98.45
PLT-A-PBM-C5a-ctrl,neg,100.97
PLT-A-PBM-C5a-ctrl,neg,100.01
PLT-A-PBM-C5a-ctrl,neg,98.95
PLT-A-PBM-C5a-ctrl,neg,98.89
PLT-A-PBM-C5a-ctrl,neg,97.86
PLT-A-PBM-C5a-ctrl,neg,99.21
PLT-A-PBM-C5a-ctrl,neg,102.2
PLT-A-PBM-C5a-ctrl,pos,10.77
PLT-A-PBM-C5a-ctrl,pos,10.41
PLT-A-PBM-C5a-ctrl,pos,9.51
PLT-A-PBM-C5a-ctrl,pos,8.68
PLT-A-PBM-C5a-ctrl,pos,9.26
PLT-A-PBM-C5a-ctrl,pos,9.46
PLT-A-PBM-C5a-ctrl,pos,9.4
PLT-A-PBM-TLR-ctrl,neg,99.78
PLT-A-PBM-TLR-ctrl,neg,100.06
PLT-A-PBM-TLR-ctrl,neg,99.89
PLT-A-PBM-TLR-ctrl,neg,98.88
PLT-A-PBM-TLR-ctrl,neg,101.53
PLT-A-PBM-TLR-ctrl,neg,101.66
PLT-A-PBM-TLR-ctrl,neg,103.57
PLT-A-PBM-TLR-ctrl,neg,98.79
PLT-A-PBM-TLR-ctrl,pos,10.53
PLT-A-PBM-TLR-ctrl,pos,8.47
PLT-A-PBM-TLR-ctrl,pos,10.66
PLT-A-PBM-TLR-ctrl,pos,8.83
PLT-A-PBM-TLR-ctrl,pos,9.21
PLT-A-PBM-TLR-ctrl,pos,10.27
PLT-A-PBM-TLR-ctrl,pos,9.5
PLT-B-PHH-Cel-ctrl,neg,98.91
PLT-B-PHH-Cel-ctrl,neg,101.62
PLT-B-PHH-Cel-ctrl,neg,99.69
PLT-B-PHH-Cel-ctrl,neg,102.1
PLT-B-PHH-Cel-ctrl,neg,97.7
PLT-B-PHH-Cel-ctrl,neg,99.9
PLT-B-PHH-Cel-ctrl,neg,97.55
PLT-B-PHH-Cel-ctrl,pos,9.95
PLT-B-PHH-Cel-ctrl,pos,11.39
PLT-B-PHH-Cel-ctrl,pos,9.32
PLT-B-PHH-Cel-ctrl,pos,9.9
PLT-B-PHH-Cel-ctrl,pos,8.95
PLT-B-PHH-Cel-ctrl,pos,8.83
PLT-B-PHH-Cel-ctrl,pos,9.37
PLT-B-PHH-Cel-ctrl,pos,9.64
PLT-B-PHH-LDH-ctrl,neg,102.19
PLT-B-PHH-LDH-ctrl,neg,98.86
PLT-B-PHH-LDH-ctrl,neg,100.39
PLT-B-PHH-LDH-ctrl,neg,100.32
PLT-B-PHH-LDH-ctrl,neg,99.74
PLT-B-PHH-LDH-ctrl,neg,99.86
PLT-B-PHH-LDH-ctrl,neg,98.29
PLT-B-PHH-LDH-ctrl,neg,100.56
PLT-B-PHH-LDH-ctrl,pos,9.65
PLT-B-PHH-LDH-ctrl,pos,10.53
PLT-B-PHH-LDH-ctrl,pos,10.54
PLT-B-PHH-LDH-ctrl,pos,9.17
PLT-B-PHH-LDH-ctrl,pos,10.08
PLT-B-PHH-LDH-ctrl,pos,9.27
PLT-B-PHH-ALT-ctrl,neg,99.68
PLT-B-PHH-ALT-ctrl,neg,98.5
PLT-B-PHH-ALT-ctrl,neg,98.03
PLT-B-PHH-ALT-ctrl,neg,97.8
PLT-B-PHH-ALT-ctrl,neg,100.02
PLT-B-PHH-ALT-ctrl,neg,101.7
PLT-B-PHH-ALT-ctrl,neg,102.61
PLT-B-PHH-ALT-ctrl,neg,99.03
PLT-B-PHH-ALT-ctrl,pos,9.97
PLT-B-PHH-ALT-ctrl,pos,9.49
PLT-B-PHH-ALT-ctrl,pos,10.59
PLT-B-PHH-ALT-ctrl,pos,10.29
PLT-B-PHH-ALT-ctrl,pos,10.11
PLT-B-PHH-ALT-ctrl,pos,10.49
PLT-B-PHH-Cas-ctrl,neg,100.34
PLT-B-PHH-Cas-ctrl,neg,97.09
PLT-B-PHH-Cas-ctrl,neg,98.31
PLT-B-PHH-Cas-ctrl,neg,99.43
PLT-B-PHH-Cas-ctrl,neg,99.3
PLT-B-PHH-Cas-ctrl,neg,100.3
PLT-B-PHH-Cas-ctrl,neg,100.62
PLT-B-PHH-Cas-ctrl,neg,103.46
PLT-B-PHH-Cas-ctrl,pos,10.0
PLT-B-PHH-Cas-ctrl,pos,9.08
PLT-B-PHH-Cas-ctrl,pos,10.92
PLT-B-PHH-Cas-ctrl,pos,11.01
PLT-B-PHH-Cas-ctrl,pos,10.19
PLT-B-PHH-Cas-ctrl,pos,9.8
PLT-B-PHH-Cas-ctrl,pos,10.5
PLT-B-PHH-Cas-ctrl,pos,9.83
PLT-B-PBM-IFN-ctrl,neg,101.12
PLT-B-PBM-IFN-ctrl,neg,99.28
PLT-B-PBM-IFN-ctrl,neg,102.47
PLT-B-PBM-IFN-ctrl,neg,102.71
PLT-B-PBM-IFN-ctrl,neg,102.3
PLT-B-PBM-IFN-ctrl,neg,102.1
PLT-B-PBM-IFN-ctrl,neg,97.59
PLT-B-PBM-IFN-ctrl,pos,10.01
PLT-B-PBM-IFN-ctrl,pos,10.98
PLT-B-PBM-IFN-ctrl,pos,10.22
PLT-B-PBM-IFN-ctrl,pos,8.89
PLT-B-PBM-IFN-ctrl,pos,11.54
PLT-B-PBM-IFN-ctrl,pos,9.37
PLT-B-PBM-IFN-ctrl,pos,8.4
PLT-B-PBM-IL6-ctrl,neg,98.02
PLT-B-PBM-IL6-ctrl,neg,100.05
PLT-B-PBM-IL6-ctrl,neg,101.08
PLT-B-PBM-IL6-ctrl,neg,102.93
PLT-B-PBM-IL6-ctrl,neg,97.86
PLT-B-PBM-IL6-ctrl,neg,99.36
PLT-B-PBM-IL6-ctrl,neg,102.35
PLT-B-PBM-IL6-ctrl,neg,103.95
PLT-B-PBM-IL6-ctrl,pos,9.21
PLT-B-PBM-IL6-ctrl,pos,9.41
PLT-B-PBM-IL6-ctrl,pos,9.54
PLT-B-PBM-IL6-ctrl,pos,9.39
PLT-B-PBM-IL6-ctrl,pos,10.2
PLT-B-PBM-IL6-ctrl,pos,11.24
PLT-B-PBM-IL6-ctrl,pos,8.95
PLT-B-PBM-TNF-ctrl,neg,105.35
PLT-B-PBM-TNF-ctrl,neg,102.44
PLT-B-PBM-TNF-ctrl,neg,99.82
PLT-B-PBM-TNF-ctrl,neg,98.18
PLT-B-PBM-TNF-ctrl,neg,99.48
PLT-B-PBM-TNF-ctrl,neg,99.34
PLT-B-PBM-TNF-ctrl,neg,101.02
PLT-B-PBM-TNF-ctrl,neg,98.6
PLT-B-PBM-TNF-ctrl,pos,10.95
PLT-B-PBM-TNF-ctrl,pos,8.89
PLT-B-PBM-TNF-ctrl,pos,8.69
PLT-B-PBM-TNF-ctrl,pos,9.33
PLT-B-PBM-TNF-ctrl,pos,8.99
PLT-B-PBM-TNF-ctrl,pos,9.39
PLT-B-PBM-C3a-ctrl,neg,99.74
PLT-B-PBM-C3a-ctrl,neg,99.33
PLT-B-PBM-C3a-ctrl,neg,101.58
PLT-B-PBM-C3a-ctrl,neg,98.87
PLT-B-PBM-C3a-ctrl,neg,101.67
PLT-B-PBM-C3a-ctrl,neg,102.47
PLT-B-PBM-C3a-ctrl,neg,98.32
PLT-B-PBM-C3a-ctrl,neg,98.61
PLT-B-PBM-C3a-ctrl,pos,9.56
PLT-B-PBM-C3a-ctrl,pos,8.83
PLT-B-PBM-C3a-ctrl,pos,9.62
PLT-B-PBM-C3a-ctrl,pos,11.04
PLT-B-PBM-C3a-ctrl,pos,9.16
PLT-B-PBM-C3a-ctrl,pos,11.06
PLT-B-PBM-C3a-ctrl,pos,9.65
PLT-B-PBM-C3a-ctrl,pos,11.69
PLT-B-PBM-C5a-ctrl,neg,100.53
PLT-B-PBM-C5a-ctrl,neg,98.65
PLT-B-PBM-C5a-ctrl,neg,103.98
PLT-B-PBM-C5a-ctrl,neg,100.25
PLT-B-PBM-C5a-ctrl,neg,98.58
PLT-B-PBM-C5a-ctrl,neg,99.4
PLT-B-PBM-C5a-ctrl,neg,100.18
PLT-B-PBM-C5a-ctrl,neg,100.36
PLT-B-PBM-C5a-ctrl,pos,10.35
PLT-B-PBM-C5a-ctrl,pos,10.0
PLT-B-PBM-C5a-ctrl,pos,8.9
PLT-B-PBM-C5a-ctrl,pos,9.73
PLT-B-PBM-C5a-ctrl,pos,10.49
PLT-B-PBM-C5a-ctrl,pos,9.46
PLT-B-PBM-C5a-ctrl,pos,10.03
PLT-B-PBM-TLR-ctrl,neg,102.22
PLT-B-PBM-TLR-ctrl,neg,97.96
PLT-B-PBM-TLR-ctrl,neg,100.88
PLT-B-PBM-TLR-ctrl,neg,101.99
PLT-B-PBM-TLR-ctrl,neg,99.13
PLT-B-PBM-TLR-ctrl,neg,98.42
PLT-B-PBM-TLR-ctrl,neg,101.06
PLT-B-PBM-TLR-ctrl,neg,97.04
PLT-B-PBM-TLR-ctrl,pos,9.13
PLT-B-PBM-TLR-ctrl,pos,9.47
PLT-B-PBM-TLR-ctrl,pos,10.36
PLT-B-PBM-TLR-ctrl,pos,10.18
PLT-B-PBM-TLR-ctrl,pos,10.83
PLT-B-PBM-TLR-ctrl,pos,9.26
PLT-B-PBM-TLR-ctrl,pos,9.22
PLT-B-PBM-TLR-ctrl,pos,10.42
PLT-C-PHH-Cel-ctrl,neg,98.76
PLT-C-PHH-Cel-ctrl,neg,98.74
PLT-C-PHH-Cel-ctrl,neg,101.28
PLT-C-PHH-Cel-ctrl,neg,103.5
PLT-C-PHH-Cel-ctrl,neg,95.72
PLT-C-PHH-Cel-ctrl,neg,105.6
PLT-C-PHH-Cel-ctrl,neg,100.41
PLT-C-PHH-Cel-ctrl,neg,101.16
PLT-C-PHH-Cel-ctrl,pos,9.65
PLT-C-PHH-Cel-ctrl,pos,10.0
PLT-C-PHH-Cel-ctrl,pos,10.15
PLT-C-PHH-Cel-ctrl,pos,9.16
PLT-C-PHH-Cel-ctrl,pos,9.36
PLT-C-PHH-Cel-ctrl,pos,10.95
PLT-C-PHH-Cel-ctrl,pos,8.76
PLT-C-PHH-Cel-ctrl,pos,10.35
PLT-C-PHH-LDH-ctrl,neg,103.53
PLT-C-PHH-LDH-ctrl,neg,97.88
PLT-C-PHH-LDH-ctrl,neg,97.82
PLT-C-PHH-LDH-ctrl,neg,98.88
PLT-C-PHH-LDH-ctrl,neg,100.55
PLT-C-PHH-LDH-ctrl,neg,99.58
PLT-C-PHH-LDH-ctrl,neg,99.99
PLT-C-PHH-LDH-ctrl,pos,10.27
PLT-C-PHH-LDH-ctrl,pos,9.61
PLT-C-PHH-LDH-ctrl,pos,10.71
PLT-C-PHH-LDH-ctrl,pos,9.76
PLT-C-PHH-LDH-ctrl,pos,10.29
PLT-C-PHH-LDH-ctrl,pos,10.18
PLT-C-PHH-ALT-ctrl,neg,98.57
PLT-C-PHH-ALT-ctrl,neg,96.8
PLT-C-PHH-ALT-ctrl,neg,101.72
PLT-C-PHH-ALT-ctrl,neg,100.52
PLT-C-PHH-ALT-ctrl,neg,100.28
PLT-C-PHH-ALT-ctrl,neg,98.61
PLT-C-PHH-ALT-ctrl,neg,100.16
PLT-C-PHH-ALT-ctrl,neg,101.03
PLT-C-PHH-ALT-ctrl,pos,9.79
PLT-C-PHH-ALT-ctrl,pos,10.36
PLT-C-PHH-ALT-ctrl,pos,9.36
PLT-C-PHH-ALT-ctrl,pos,10.08
PLT-C-PHH-ALT-ctrl,pos,10.91
PLT-C-PHH-ALT-ctrl,pos,10.99
PLT-C-PHH-ALT-ctrl,pos,11.06
PLT-C-PHH-ALT-ctrl,pos,10.23
PLT-C-PHH-Cas-ctrl,neg,98.15
PLT-C-PHH-Cas-ctrl,neg,101.78
PLT-C-PHH-Cas-ctrl,neg,102.42
PLT-C-PHH-Cas-ctrl,neg,103.28
PLT-C-PHH-Cas-ctrl,neg,96.82
PLT-C-PHH-Cas-ctrl,neg,97.27
PLT-C-PHH-Cas-ctrl,neg,97.13
PLT-C-PHH-Cas-ctrl,neg,102.58
PLT-C-PHH-Cas-ctrl,pos,10.33
PLT-C-PHH-Cas-ctrl,pos,10.06
PLT-C-PHH-Cas-ctrl,pos,10.18
PLT-C-PHH-Cas-ctrl,pos,9.95
PLT-C-PHH-Cas-ctrl,pos,9.1
PLT-C-PHH-Cas-ctrl,pos,9.04
PLT-C-PBM-IFN-ctrl,neg,105.0
PLT-C-PBM-IFN-ctrl,neg,98.97
PLT-C-PBM-IFN-ctrl,neg,99.3
PLT-C-PBM-IFN-ctrl,neg,97.58
PLT-C-PBM-IFN-ctrl,neg,97.64
PLT-C-PBM-IFN-ctrl,neg,101.95
PLT-C-PBM-IFN-ctrl,neg,104.54
PLT-C-PBM-IFN-ctrl,neg,98.87
PLT-C-PBM-IFN-ctrl,pos,10.28
PLT-C-PBM-IFN-ctrl,pos,10.18
PLT-C-PBM-IFN-ctrl,pos,10.8
PLT-C-PBM-IFN-ctrl,pos,11.77
PLT-C-PBM-IFN-ctrl,pos,11.22
PLT-C-PBM-IFN-ctrl,pos,9.81
PLT-C-PBM-IFN-ctrl,pos,10.42
PLT-C-PBM-IFN-ctrl,pos,10.5
PLT-C-PBM-IL6-ctrl,neg,103.1
PLT-C-PBM-IL6-ctrl,neg,97.41
PLT-C-PBM-IL6-ctrl,neg,98.5
PLT-C-PBM-IL6-ctrl,neg,102.21
PLT-C-PBM-IL6-ctrl,neg,99.46
PLT-C-PBM-IL6-ctrl,neg,99.78
PLT-C-PBM-IL6-ctrl,neg,102.15
PLT-C-PBM-IL6-ctrl,neg,98.57
PLT-C-PBM-IL6-ctrl,pos,8.83
PLT-C-PBM-IL6-ctrl,pos,8.89
PLT-C-PBM-IL6-ctrl,pos,10.47
PLT-C-PBM-IL6-ctrl,pos,10.21
PLT-C-PBM-IL6-ctrl,pos,9.45
PLT-C-PBM-IL6-ctrl,pos,9.07
PLT-C-PBM-IL6-ctrl,pos,9.78
PLT-C-PBM-IL6-ctrl,pos,10.89
PLT-C-PBM-TNF-ctrl,neg,102.2
PLT-C-PBM-TNF-ctrl,neg,97.49
PLT-C-PBM-TNF-ctrl,neg,104.35
PLT-C-PBM-TNF-ctrl,neg,99.85
PLT-C-PBM-TNF-ctrl,neg,100.82
PLT-C-PBM-TNF-ctrl,neg,98.49
PLT-C-PBM-TNF-ctrl,neg,102.28
PLT-C-PBM-TNF-ctrl,neg,99.75
PLT-C-PBM-TNF-ctrl,pos,9.68
PLT-C-PBM-TNF-ctrl,pos,9.54
PLT-C-PBM-TNF-ctrl,pos,9.79
PLT-C-PBM-TNF-ctrl,pos,10.33
PLT-C-PBM-TNF-ctrl,pos,9.97
PLT-C-PBM-TNF-ctrl,pos,9.43
PLT-C-PBM-TNF-ctrl,pos,9.38
PLT-C-PBM-C3a-ctrl,neg,103.89
PLT-C-PBM-C3a-ctrl,neg,101.3
PLT-C-PBM-C3a-ctrl,neg,99.47
PLT-C-PBM-C3a-ctrl,neg,99.86
PLT-C-PBM-C3a-ctrl,neg,100.81
PLT-C-PBM-C3a-ctrl,neg,99.16
PLT-C-PBM-C3a-ctrl,neg,102.64
PLT-C-PBM-C3a-ctrl,neg,95.93
PLT-C-PBM-C3a-ctrl,pos,9.76
PLT-C-PBM-C3a-ctrl,pos,10.64
PLT-C-PBM-C3a-ctrl,pos,9.32
PLT-C-PBM-C3a-ctrl,pos,10.47
PLT-C-PBM-C3a-ctrl,pos,11.21
PLT-C-PBM-C3a-ctrl,pos,8.96
PLT-C-PBM-C3a-ctrl,pos,8.91
PLT-C-PBM-C5a-ctrl,neg,95.44
PLT-C-PBM-C5a-ctrl,neg,96.15
PLT-C-PBM-C5a-ctrl,neg,100.53
PLT-C-PBM-C5a-ctrl,neg,99.1
PLT-C-PBM-C5a-ctrl,neg,103.07
PLT-C-PBM-C5a-ctrl,neg,100.92
PLT-C-PBM-C5a-ctrl,neg,99.5
PLT-C-PBM-C5a-ctrl,pos,11.11
PLT-C-PBM-C5a-ctrl,pos,11.25
PLT-C-PBM-C5a-ctrl,pos,10.41
PLT-C-PBM-C5a-ctrl,pos,9.38
PLT-C-PBM-C5a-ctrl,pos,9.56
PLT-C-PBM-C5a-ctrl,pos,8.84
PLT-C-PBM-C5a-ctrl,pos,9.97
PLT-C-PBM-C5a-ctrl,pos,9.16
PLT-C-PBM-TLR-ctrl,neg,99.48
PLT-C-PBM-TLR-ctrl,neg,100.99
PLT-C-PBM-TLR-ctrl,neg,100.74
PLT-C-PBM-TLR-ctrl,neg,101.44
PLT-C-PBM-TLR-ctrl,neg,100.53
PLT-C-PBM-TLR-ctrl,neg,101.32
PLT-C-PBM-TLR-ctrl,neg,98.2
PLT-C-PBM-TLR-ctrl,neg,100.78
PLT-C-PBM-TLR-ctrl,pos,11.29
PLT-C-PBM-TLR-ctrl,pos,8.66
PLT-C-PBM-TLR-ctrl,pos,10.39
PLT-C-PBM-TLR-ctrl,pos,10.54
PLT-C-PBM-TLR-ctrl,pos,11.17
PLT-C-PBM-TLR-ctrl,pos,10.58
PLT-C-PBM-TLR-ctrl,pos,10.08
PLT-C-PBM-TLR-ctrl,pos,10.34
PLT-D-PHH-Cel-ctrl,neg,98.24
PLT-D-PHH-Cel-ctrl,neg,100.27
PLT-D-PHH-Cel-ctrl,neg,101.77
PLT-D-PHH-Cel-ctrl,neg,97.65
PLT-D-PHH-Cel-ctrl,neg,100.13
PLT-D-PHH-Cel-ctrl,neg,102.68
PLT-D-PHH-Cel-ctrl,neg,97.45
PLT-D-PHH-Cel-ctrl,neg,102.31
PLT-D-PHH-Cel-ctrl,pos,11.3
PLT-D-PHH-Cel-ctrl,pos,9.82
PLT-D-PHH-Cel-ctrl,pos,9.73
PLT-D-PHH-Cel-ctrl,pos,10.83
PLT-D-PHH-Cel-ctrl,pos,9.85
PLT-D-PHH-Cel-ctrl,pos,8.12
PLT-D-PHH-Cel-ctrl,pos,9.92
PLT-D-PHH-Cel-ctrl,pos,10.38
PLT-D-PHH-LDH-ctrl,neg,101.89
PLT-D-PHH-LDH-ctrl,neg,98.84
PLT-D-PHH-LDH-ctrl,neg,97.91
PLT-D-PHH-LDH-ctrl,neg,103.29
PLT-D-PHH-LDH-ctrl,neg,101.4
PLT-D-PHH-LDH-ctrl,neg,101.95
PLT-D-PHH-LDH-ctrl,neg,100.91
PLT-D-PHH-LDH-ctrl,neg,99.81
PLT-D-PHH-LDH-ctrl,pos,9.78
PLT-D-PHH-LDH-ctrl,pos,10.62
PLT-D-PHH-LDH-ctrl,pos,10.91
PLT-D-PHH-LDH-ctrl,pos,9.95
PLT-D-PHH-LDH-ctrl,pos,8.88
PLT-D-PHH-LDH-ctrl,pos,8.62
PLT-D-PHH-ALT-ctrl,neg,99.59
PLT-D-PHH-ALT-ctrl,neg,103.6
PLT-D-PHH-ALT-ctrl,neg,98.43
PLT-D-PHH-ALT-ctrl,neg,100.41
PLT-D-PHH-ALT-ctrl,neg,97.45
PLT-D-PHH-ALT-ctrl,neg,103.69
PLT-D-PHH-ALT-ctrl,neg,96.71
PLT-D-PHH-ALT-ctrl,neg,97.12
PLT-D-PHH-ALT-ctrl,pos,9.49
PLT-D-PHH-ALT-ctrl,pos,11.06
PLT-D-PHH-ALT-ctrl,pos,10.76
PLT-D-PHH-ALT-ctrl,pos,10.1
PLT-D-PHH-ALT-ctrl,pos,10.82
PLT-D-PHH-ALT-ctrl,pos,9.91
PLT-D-PHH-ALT-ctrl,pos,10.34
PLT-D-PHH-ALT-ctrl,pos,11.32
PLT-D-PHH-Cas-ctrl,neg,98.24
PLT-D-PHH-Cas-ctrl,neg,99.15
PLT-D-PHH-Cas-ctrl,neg,103.75
PLT-D-PHH-Cas-ctrl,neg,102.22
PLT-D-PHH-Cas-ctrl,neg,102.04
PLT-D-PHH-Cas-ctrl,neg,98.43
PLT-D-PHH-Cas-ctrl,neg,97.12
PLT-D-PHH-Cas-ctrl,neg,102.19
PLT-D-PHH-Cas-ctrl,pos,10.72
PLT-D-PHH-Cas-ctrl,pos,10.11
PLT-D-PHH-Cas-ctrl,pos,8.83
PLT-D-PHH-Cas-ctrl,pos,10.69
PLT-D-PHH-Cas-ctrl,pos,10.95
PLT-D-PHH-Cas-ctrl,pos,9.46
PLT-D-PHH-Cas-ctrl,pos,9.39
PLT-D-PBM-IFN-ctrl,neg,102.33
PLT-D-PBM-IFN-ctrl,neg,101.18
PLT-D-PBM-IFN-ctrl,neg,101.21
PLT-D-PBM-IFN-ctrl,neg,99.46
PLT-D-PBM-IFN-ctrl,neg,98.17
PLT-D-PBM-IFN-ctrl,neg,99.13
PLT-D-PBM-IFN-ctrl,neg,96.4
PLT-D-PBM-IFN-ctrl,neg,98.82
PLT-D-PBM-IFN-ctrl,pos,8.85
PLT-D-PBM-IFN-ctrl,pos,10.09
PLT-D-PBM-IFN-ctrl,pos,10.43
PLT-D-PBM-IFN-ctrl,pos,9.97
PLT-D-PBM-IFN-ctrl,pos,9.6
PLT-D-PBM-IFN-ctrl,pos,9.24
PLT-D-PBM-IFN-ctrl,pos,9.75
PLT-D-PBM-IL6-ctrl,neg,102.35
PLT-D-PBM-IL6-ctrl,neg,102.04
PLT-D-PBM-IL6-ctrl,neg,102.83
PLT-D-PBM-IL6-ctrl,neg,102.71
PLT-D-PBM-IL6-ctrl,neg,99.6
PLT-D-PBM-IL6-ctrl,neg,102.39
PLT-D-PBM-IL6-ctrl,pos,10.67
PLT-D-PBM-IL6-ctrl,pos,9.16
PLT-D-PBM-IL6-ctrl,pos,9.84
PLT-D-PBM-IL6-ctrl,pos,9.45
PLT-D-PBM-IL6-ctrl,pos,11.38
PLT-D-PBM-IL6-ctrl,pos,9.39
PLT-D-PBM-TNF-ctrl,neg,99.14
PLT-D-PBM-TNF-ctrl,neg,98.66
PLT-D-PBM-TNF-ctrl,neg,102.51
PLT-D-PBM-TNF-ctrl,neg,101.76
PLT-D-PBM-TNF-ctrl,neg,98.07
PLT-D-PBM-TNF-ctrl,neg,102.33
PLT-D-PBM-TNF-ctrl,neg,99.71
PLT-D-PBM-TNF-ctrl,neg,98.78
PLT-D-PBM-TNF-ctrl,pos,9.77
PLT-D-PBM-TNF-ctrl,pos,9.37
PLT-D-PBM-TNF-ctrl,pos,10.62
PLT-D-PBM-TNF-ctrl,pos,9.82
PLT-D-PBM-TNF-ctrl,pos,10.49
PLT-D-PBM-TNF-ctrl,pos,10.23
PLT-D-PBM-TNF-ctrl,pos,10.44
PLT-D-PBM-C3a-ctrl,neg,99.39
PLT-D-PBM-C3a-ctrl,neg,98.67
PLT-D-PBM-C3a-ctrl,neg,100.08
PLT-D-PBM-C3a-ctrl,neg,99.8
PLT-D-PBM-C3a-ctrl,neg,97.76
PLT-D-PBM-C3a-ctrl,neg,99.15
PLT-D-PBM-C3a-ctrl,neg,101.22
PLT-D-PBM-C3a-ctrl,neg,102.05
PLT-D-PBM-C3a-ctrl,pos,10.02
PLT-D-PBM-C3a-ctrl,pos,10.05
PLT-D-PBM-C3a-ctrl,pos,9.71
PLT-D-PBM-C3a-ctrl,pos,9.6
PLT-D-PBM-C3a-ctrl,pos,9.26
PLT-D-PBM-C3a-ctrl,pos,8.75
PLT-D-PBM-C3a-ctrl,pos,9.44
PLT-D-PBM-C5a-ctrl,neg,101.82
PLT-D-PBM-C5a-ctrl,neg,102.38
PLT-D-PBM-C5a-ctrl,neg,102.82
PLT-D-PBM-C5a-ctrl,neg,97.37
PLT-D-PBM-C5a-ctrl,neg,97.67
PLT-D-PBM-C5a-ctrl,neg,99.42
PLT-D-PBM-C5a-ctrl,neg,100.16
PLT-D-PBM-C5a-ctrl,neg,99.52
PLT-D-PBM-C5a-ctrl,pos,9.56
PLT-D-PBM-C5a-ctrl,pos,9.76
PLT-D-PBM-C5a-ctrl,pos,10.39
PLT-D-PBM-C5a-ctrl,pos,8.94
PLT-D-PBM-C5a-ctrl,pos,11.87
PLT-D-PBM-C5a-ctrl,pos,10.02
PLT-D-PBM-C5a-ctrl,pos,10.84
PLT-D-PBM-C5a-ctrl,pos,9.54
PLT-D-PBM-TLR-ctrl,neg,100.82
PLT-D-PBM-TLR-ctrl,neg,96.83
PLT-D-PBM-TLR-ctrl,neg,100.21
PLT-D-PBM-TLR-ctrl,neg,96.17
PLT-D-PBM-TLR-ctrl,neg,101.61
PLT-D-PBM-TLR-ctrl,neg,98.61
PLT-D-PBM-TLR-ctrl,neg,97.55
PLT-D-PBM-TLR-ctrl,neg,101.64
PLT-D-PBM-TLR-ctrl,pos,10.45
PLT-D-PBM-TLR-ctrl,pos,10.19
PLT-D-PBM-TLR-ctrl,pos,11.75
PLT-D-PBM-TLR-ctrl,pos,10.51
PLT-D-PBM-TLR-ctrl,pos,9.48
PLT-D-PBM-TLR-ctrl,pos,10.42
PLT-D-PBM-TLR-ctrl,pos,9.77
PLT-D-PBM-TLR-ctrl,pos,11.01
PLT-E-PHH-Cel-ctrl,neg,100.38
PLT-E-PHH-Cel-ctrl,neg,98.83
PLT-E-PHH-Cel-ctrl,neg,100.21
PLT-E-PHH-Cel-ctrl,neg,103.3
PLT-E-PHH-Cel-ctrl,neg,97.81
PLT-E-PHH-Cel-ctrl,neg,98.4
PLT-E-PHH-Cel-ctrl,neg,98.74
PLT-E-PHH-Cel-ctrl,neg,99.18
PLT-E-PHH-Cel-ctrl,pos,9.99
PLT-E-PHH-Cel-ctrl,pos,10.77
PLT-E-PHH-Cel-ctrl,pos,10.37
PLT-E-PHH-Cel-ctrl,pos,10.05
PLT-E-PHH-Cel-ctrl,pos,10.22
PLT-E-PHH-Cel-ctrl,pos,8.65
PLT-E-PHH-Cel-ctrl,pos,10.86
PLT-E-PHH-LDH-ctrl,neg,98.91
PLT-E-PHH-LDH-ctrl,neg,102.21
PLT-E-PHH-LDH-ctrl,neg,101.6
PLT-E-PHH-LDH-ctrl,neg,101.05
PLT-E-PHH-LDH-ctrl,neg,100.26
PLT-E-PHH-LDH-ctrl,neg,102.9
PLT-E-PHH-LDH-ctrl,neg,97.88
PLT-E-PHH-LDH-ctrl,neg,98.07
PLT-E-PHH-LDH-ctrl,pos,10.9
PLT-E-PHH-LDH-ctrl,pos,9.46
PLT-E-PHH-LDH-ctrl,pos,10.44
PLT-E-PHH-LDH-ctrl,pos,9.65
PLT-E-PHH-LDH-ctrl,pos,9.33
PLT-E-PHH-LDH-ctrl,pos,9.31
PLT-E-PHH-LDH-ctrl,pos,10.26
PLT-E-PHH-ALT-ctrl,neg,98.76
PLT-E-PHH-ALT-ctrl,neg,101.35
PLT-E-PHH-ALT-ctrl,neg,98.34
PLT-E-PHH-ALT-ctrl,neg,101.83
PLT-E-PHH-ALT-ctrl,neg,100.13
PLT-E-PHH-ALT-ctrl,neg,100.8
PLT-E-PHH-ALT-ctrl,neg,96.44
PLT-E-PHH-ALT-ctrl,neg,95.5
PLT-E-PHH-ALT-ctrl,pos,8.8
PLT-E-PHH-ALT-ctrl,pos,11.4
PLT-E-PHH-ALT-ctrl,pos,9.08
PLT-E-PHH-ALT-ctrl,pos,10.59
PLT-E-PHH-ALT-ctrl,pos,9.49
PLT-E-PHH-ALT-ctrl,pos,9.81
PLT-E-PHH-ALT-ctrl,pos,9.96
PLT-E-PHH-ALT-ctrl,pos,11.32
PLT-E-PHH-Cas-ctrl,neg,101.51
PLT-E-PHH-Cas-ctrl,neg,101.3
PLT-E-PHH-Cas-ctrl,neg,97.64
PLT-E-PHH-Cas-ctrl,neg,99.83
PLT-E-PHH-Cas-ctrl,neg,100.68
PLT-E-PHH-Cas-ctrl,neg,100.33
PLT-E-PHH-Cas-ctrl,neg,96.58
PLT-E-PHH-Cas-ctrl,pos,10.51
PLT-E-PHH-Cas-ctrl,pos,11.26
PLT-E-PHH-Cas-ctrl,pos,9.46
PLT-E-PHH-Cas-ctrl,pos,9.56
PLT-E-PHH-Cas-ctrl,pos,9.83
PLT-E-PHH-Cas-ctrl,pos,10.23
PLT-E-PHH-Cas-ctrl,pos,10.08
PLT-E-PHH-Cas-ctrl,pos,10.48
PLT-E-PBM-IFN-ctrl,neg,102.99
PLT-E-PBM-IFN-ctrl,neg,96.63
PLT-E-PBM-IFN-ctrl,neg,103.03
PLT-E-PBM-IFN-ctrl,neg,103.7
PLT-E-PBM-IFN-ctrl,neg,101.14
PLT-E-PBM-IFN-ctrl,neg,101.18
PLT-E-PBM-IFN-ctrl,neg,99.52
PLT-E-PBM-IFN-ctrl,neg,100.01
PLT-E-PBM-IFN-ctrl,pos,10.56
PLT-E-PBM-IFN-ctrl,pos,10.51
PLT-E-PBM-IFN-ctrl,pos,10.58
PLT-E-PBM-IFN-ctrl,pos,10.5
PLT-E-PBM-IFN-ctrl,pos,10.72
PLT-E-PBM-IFN-ctrl,pos,10.63
PLT-E-PBM-IFN-ctrl,pos,9.18
PLT-E-PBM-IFN-ctrl,pos,10.67
PLT-E-PBM-IL6-ctrl,neg,101.34
PLT-E-PBM-IL6-ctrl,neg,97.11
PLT-E-PBM-IL6-ctrl,neg,100.62
PLT-E-PBM-IL6-ctrl,neg,100.05
PLT-E-PBM-IL6-ctrl,neg,98.94
PLT-E-PBM-IL6-ctrl,neg,100.45
PLT-E-PBM-IL6-ctrl,neg,98.12
PLT-E-PBM-IL6-ctrl,neg,101.68
PLT-E-PBM-IL6-ctrl,pos,9.44
PLT-E-PBM-IL6-ctrl,pos,9.69
PLT-E-PBM-IL6-ctrl,pos,9.6
PLT-E-PBM-IL6-ctrl,pos,10.55
PLT-E-PBM-IL6-ctrl,pos,10.44
PLT-E-PBM-IL6-ctrl,pos,7.9
PLT-E-PBM-IL6-ctrl,pos,10.2
PLT-E-PBM-IL6-ctrl,pos,8.6
PLT-E-PBM-TNF-ctrl,neg,98.54
PLT-E-PBM-TNF-ctrl,neg,103.62
PLT-E-PBM-TNF-ctrl,neg,97.53
PLT-E-PBM-TNF-ctrl,neg,100.62
PLT-E-PBM-TNF-ctrl,neg,97.33
PLT-E-PBM-TNF-ctrl,neg,99.8
PLT-E-PBM-TNF-ctrl,neg,98.86
PLT-E-PBM-TNF-ctrl,neg,100.27
PLT-E-PBM-TNF-ctrl,pos,10.27
PLT-E-PBM-TNF-ctrl,pos,9.23
PLT-E-PBM-TNF-ctrl,pos,9.98
PLT-E-PBM-TNF-ctrl,pos,11.11
PLT-E-PBM-TNF-ctrl,pos,8.95
PLT-E-PBM-TNF-ctrl,pos,9.32
PLT-E-PBM-TNF-ctrl,pos,10.69
PLT-E-PBM-TNF-ctrl,pos,10.06
PLT-E-PBM-C3a-ctrl,neg,98.46
PLT-E-PBM-C3a-ctrl,neg,97.31
PLT-E-PBM-C3a-ctrl,neg,98.54
PLT-E-PBM-C3a-ctrl,neg,100.48
PLT-E-PBM-C3a-ctrl,neg,100.17
PLT-E-PBM-C3a-ctrl,neg,103.72
PLT-E-PBM-C3a-ctrl,neg,100.97
PLT-E-PBM-C3a-ctrl,neg,103.82
PLT-E-PBM-C3a-ctrl,pos,10.57
PLT-E-PBM-C3a-ctrl,pos,9.71
PLT-E-PBM-C3a-ctrl,pos,9.14
PLT-E-PBM-C3a-ctrl,pos,9.64
PLT-E-PBM-C3a-ctrl,pos,9.99
PLT-E-PBM-C3a-ctrl,pos,9.5
PLT-E-PBM-C3a-ctrl,pos,9.2
PLT-E-PBM-C5a-ctrl,neg,98.17
PLT-E-PBM-C5a-ctrl,neg,95.53
PLT-E-PBM-C5a-ctrl,neg,98.29
PLT-E-PBM-C5a-ctrl,neg,100.48
PLT-E-PBM-C5a-ctrl,neg,99.5
PLT-E-PBM-C5a-ctrl,neg,96.88
PLT-E-PBM-C5a-ctrl,neg,102.03
PLT-E-PBM-C5a-ctrl,neg,100.33
PLT-E-PBM-C5a-ctrl,pos,10.31
PLT-E-PBM-C5a-ctrl,pos,10.34
PLT-E-PBM-C5a-ctrl,pos,8.96
PLT-E-PBM-C5a-ctrl,pos,10.24
PLT-E-PBM-C5a-ctrl,pos,10.73
PLT-E-PBM-C5a-ctrl,pos,10.91
PLT-E-PBM-C5a-ctrl,pos,10.58
PLT-E-PBM-C5a-ctrl,pos,10.41
PLT-E-PBM-TLR-ctrl,neg,98.94
PLT-E-PBM-TLR-ctrl,neg,99.38
PLT-E-PBM-TLR-ctrl,neg,99.24
PLT-E-PBM-TLR-ctrl,neg,97.62
PLT-E-PBM-TLR-ctrl,neg,100.33
PLT-E-PBM-TLR-ctrl,neg,98.81
PLT-E-PBM-TLR-ctrl,neg,101.34
PLT-E-PBM-TLR-ctrl,neg,101.04
PLT-E-PBM-TLR-ctrl,pos,11.3
PLT-E-PBM-TLR-ctrl,pos,9.83
PLT-E-PBM-TLR-ctrl,pos,9.36
PLT-E-PBM-TLR-ctrl,pos,8.82
PLT-E-PBM-TLR-ctrl,pos,11.75
PLT-E-PBM-TLR-ctrl,pos,10.53
PLT-E-PBM-TLR-ctrl,pos,9.45
PLT-E-PBM-TLR-ctrl,pos,11.35
PLT-A-PHH-Cel-ctrl,neg,101.13
PLT-A-PHH-Cel-ctrl,neg,100.64
PLT-A-PHH-Cel-ctrl,neg,99.59
PLT-A-PHH-Cel-ctrl,neg,98.15
PLT-A-PHH-Cel-ctrl,neg,95.88
PLT-A-PHH-Cel-ctrl,neg,98.94
PLT-A-PHH-Cel-ctrl,neg,98.97
PLT-A-PHH-Cel-ctrl,neg,102.22
PLT-A-PHH-Cel-ctrl,pos,9.37
PLT-A-PHH-Cel-ctrl,pos,10.36
PLT-A-PHH-Cel-ctrl,pos,8.97
PLT-A-PHH-Cel-ctrl,pos,10.38
PLT-A-PHH-Cel-ctrl,pos,8.21
PLT-A-PHH-Cel-ctrl,pos,11.68
PLT-A-PHH-Cel-ctrl,pos,9.89
PLT-A-PHH-Cel-ctrl,pos,7.76
PLT-A-PHH-LDH-ctrl,neg,100.39
PLT-A-PHH-LDH-ctrl,neg,102.68
PLT-A-PHH-LDH-ctrl,neg,101.62
PLT-A-PHH-LDH-ctrl,neg,102.15
PLT-A-PHH-LDH-ctrl,neg,100.13
PLT-A-PHH-LDH-ctrl,neg,102.99
PLT-A-PHH-LDH-ctrl,neg,96.52
PLT-A-PHH-LDH-ctrl,neg,104.04
PLT-A-PHH-LDH-ctrl,pos,11.72
PLT-A-PHH-LDH-ctrl,pos,10.37
PLT-A-PHH-LDH-ctrl,pos,10.67
PLT-A-PHH-LDH-ctrl,pos,9.97
PLT-A-PHH-LDH-ctrl,pos,9.83
PLT-A-PHH-LDH-ctrl,pos,9.51
PLT-A-PHH-LDH-ctrl,pos,9.96
PLT-A-PHH-LDH-ctrl,pos,10.44
PLT-A-PHH-ALT-ctrl,neg,103.73
PLT-A-PHH-ALT-ctrl,neg,98.9
PLT-A-PHH-ALT-ctrl,neg,104.12
PLT-A-PHH-ALT-ctrl,neg,100.8
PLT-A-PHH-ALT-ctrl,neg,100.29
PLT-A-PHH-ALT-ctrl,neg,100.34
PLT-A-PHH-ALT-ctrl,neg,104.43
PLT-A-PHH-ALT-ctrl,neg,95.62
PLT-A-PHH-ALT-ctrl,pos,10.17
PLT-A-PHH-ALT-ctrl,pos,9.83
PLT-A-PHH-ALT-ctrl,pos,10.12
PLT-A-PHH-ALT-ctrl,pos,10.15
PLT-A-PHH-ALT-ctrl,pos,9.98
PLT-A-PHH-ALT-ctrl,pos,8.95
PLT-A-PHH-Cas-ctrl,neg,100.56
PLT-A-PHH-Cas-ctrl,neg,100.49
PLT-A-PHH-Cas-ctrl,neg,101.18
PLT-A-PHH-Cas-ctrl,neg,99.05
PLT-A-PHH-Cas-ctrl,neg,102.49
PLT-A-PHH-Cas-ctrl,neg,100.89
PLT-A-PHH-Cas-ctrl,neg,97.43
PLT-A-PHH-Cas-ctrl,neg,99.78
PLT-A-PHH-Cas-ctrl,pos,9.83
PLT-A-PHH-Cas-ctrl,pos,10.51
PLT-A-PHH-Cas-ctrl,pos,10.27
PLT-A-PHH-Cas-ctrl,pos,10.07
PLT-A-PHH-Cas-ctrl,pos,8.28
PLT-A-PBM-IFN-ctrl,neg,100.63
PLT-A-PBM-IFN-ctrl,neg,98.56
PLT-A-PBM-IFN-ctrl,neg,102.0
PLT-A-PBM-IFN-ctrl,neg,101.67
PLT-A-PBM-IFN-ctrl,neg,103.45
PLT-A-PBM-IFN-ctrl,neg,102.88
PLT-A-PBM-IFN-ctrl,neg,99.98
PLT-A-PBM-IFN-ctrl,neg,106.22
PLT-A-PBM-IFN-ctrl,pos,11.08
PLT-A-PBM-IFN-ctrl,pos,10.43
PLT-A-PBM-IFN-ctrl,pos,9.2
PLT-A-PBM-IFN-ctrl,pos,8.78
PLT-A-PBM-IFN-ctrl,pos,8.84
PLT-A-PBM-IFN-ctrl,pos,9.25
PLT-A-PBM-IFN-ctrl,pos,11.1
PLT-A-PBM-IFN-ctrl,pos,10.39
PLT-A-PBM-IL6-ctrl,neg,97.02
PLT-A-PBM-IL6-ctrl,neg,95.89
PLT-A-PBM-IL6-ctrl,neg,101.84
PLT-A-PBM-IL6-ctrl,neg,98.52
PLT-A-PBM-IL6-ctrl,neg,104.27
PLT-A-PBM-IL6-ctrl,neg,103.94
PLT-A-PBM-IL6-ctrl,neg,98.99
PLT-A-PBM-IL6-ctrl,neg,104.68
PLT-A-PBM-IL6-ctrl,pos,10.75
PLT-A-PBM-IL6-ctrl,pos,9.48
PLT-A-PBM-IL6-ctrl,pos,7.93
PLT-A-PBM-IL6-ctrl,pos,10.55
PLT-A-PBM-IL6-ctrl,pos,10.03
PLT-A-PBM-IL6-ctrl,pos,10.35
PLT-A-PBM-IL6-ctrl,pos,9.08
PLT-A-PBM-TNF-ctrl,neg,101.19
PLT-A-PBM-TNF-ctrl,neg,100.19
PLT-A-PBM-TNF-ctrl,neg,100.78
PLT-A-PBM-TNF-ctrl,neg,98.6
PLT-A-PBM-TNF-ctrl,neg,101.47
PLT-A-PBM-TNF-ctrl,neg,101.54
PLT-A-PBM-TNF-ctrl,neg,99.21
PLT-A-PBM-TNF-ctrl,pos,9.07
PLT-A-PBM-TNF-ctrl,pos,10.43
PLT-A-PBM-TNF-ctrl,pos,10.05
PLT-A-PBM-TNF-ctrl,pos,8.79
PLT-A-PBM-TNF-ctrl,pos,10.2
PLT-A-PBM-TNF-ctrl,pos,9.49
PLT-A-PBM-TNF-ctrl,pos,9.72
PLT-A-PBM-C3a-ctrl,neg,98.64
PLT-A-PBM-C3a-ctrl,neg,100.4
PLT-A-PBM-C3a-ctrl,neg,94.76
PLT-A-PBM-C3a-ctrl,neg,99.93
PLT-A-PBM-C3a-ctrl,neg,102.19
PLT-A-PBM-C3a-ctrl,neg,101.2
PLT-A-PBM-C3a-ctrl,neg,100.6
PLT-A-PBM-C3a-ctrl,neg,101.3
PLT-A-PBM-C3a-ctrl,pos,10.88
PLT-A-PBM-C3a-ctrl,pos,11.14
PLT-A-PBM-C3a-ctrl,pos,10.36
PLT-A-PBM-C3a-ctrl,pos,9.75
PLT-A-PBM-C3a-ctrl,pos,8.15
PLT-A-PBM-C3a-ctrl,pos,10.78
PLT-A-PBM-C3a-ctrl,pos,10.41
PLT-A-PBM-C5a-ctrl,neg,103.44
PLT-A-PBM-C5a-ctrl,neg,97.4
PLT-A-PBM-C5a-ctrl,neg,99.73
PLT-A-PBM-C5a-ctrl,neg,104.0
PLT-A-PBM-C5a-ctrl,neg,99.71
PLT-A-PBM-C5a-ctrl,neg,104.89
PLT-A-PBM-C5a-ctrl,neg,101.57
PLT-A-PBM-C5a-ctrl,neg,102.61
PLT-A-PBM-C5a-ctrl,pos,11.07
PLT-A-PBM-C5a-ctrl,pos,10.0
PLT-A-PBM-C5a-ctrl,pos,9.61
PLT-A-PBM-C5a-ctrl,pos,9.21
PLT-A-PBM-C5a-ctrl,pos,9.95
PLT-A-PBM-C5a-ctrl,pos,11.35
PLT-A-PBM-TLR-ctrl,neg,101.31
PLT-A-PBM-TLR-ctrl,neg,98.33
PLT-A-PBM-TLR-ctrl,neg,101.57
PLT-A-PBM-TLR-ctrl,neg,98.99
PLT-A-PBM-TLR-ctrl,neg,98.84
PLT-A-PBM-TLR-ctrl,neg,101.41
PLT-A-PBM-TLR-ctrl,neg,98.23
PLT-A-PBM-TLR-ctrl,pos,10.83
PLT-A-PBM-TLR-ctrl,pos,10.09
PLT-A-PBM-TLR-ctrl,pos,8.84
PLT-A-PBM-TLR-ctrl,pos,10.68
PLT-A-PBM-TLR-ctrl,pos,9.67
PLT-A-PBM-TLR-ctrl,pos,8.88
PLT-A-PBM-TLR-ctrl,pos,7.99
PLT-A-PBM-TLR-ctrl,pos,10.72
PLT-B-PHH-Cel-ctrl,neg,100.12
PLT-B-PHH-Cel-ctrl,neg,95.38
PLT-B-PHH-Cel-ctrl,neg,96.97
PLT-B-PHH-Cel-ctrl,neg,99.23
PLT-B-PHH-Cel-ctrl,neg,98.31
PLT-B-PHH-Cel-ctrl,neg,99.54
PLT-B-PHH-Cel-ctrl,neg,102.81
PLT-B-PHH-Cel-ctrl,neg,99.85
PLT-B-PHH-Cel-ctrl,pos,8.94
PLT-B-PHH-Cel-ctrl,pos,11.37
PLT-B-PHH-Cel-ctrl,pos,11.23
PLT-B-PHH-Cel-ctrl,pos,10.48
PLT-B-PHH-Cel-ctrl,pos,8.75
PLT-B-PHH-Cel-ctrl,pos,10.25
PLT-B-PHH-Cel-ctrl,pos,10.31
PLT-B-PHH-LDH-ctrl,neg,96.91
PLT-B-PHH-LDH-ctrl,neg,103.04
PLT-B-PHH-LDH-ctrl,neg,100.45
PLT-B-PHH-LDH-ctrl,neg,102.7
PLT-B-PHH-LDH-ctrl,neg,99.78
PLT-B-PHH-LDH-ctrl,neg,96.29
PLT-B-PHH-LDH-ctrl,neg,105.27
PLT-B-PHH-LDH-ctrl,neg,100.26
PLT-B-PHH-LDH-ctrl,pos,9.2
PLT-B-PHH-LDH-ctrl,pos,10.92
PLT-B-PHH-LDH-ctrl,pos,11.63
PLT-B-PHH-LDH-ctrl,pos,9.84
PLT-B-PHH-LDH-ctrl,pos,9.92
PLT-B-PHH-LDH-ctrl,pos,10.19
PLT-B-PHH-LDH-ctrl,pos,9.45
PLT-B-PHH-ALT-ctrl,neg,102.86
PLT-B-PHH-ALT-ctrl,neg,99.83
PLT-B-PHH-ALT-ctrl,neg,99.29
PLT-B-PHH-ALT-ctrl,neg,99.46
PLT-B-PHH-ALT-ctrl,neg,98.99
PLT-B-PHH-ALT-ctrl,neg,98.66
PLT-B-PHH-ALT-ctrl,neg,99.0
PLT-B-PHH-ALT-ctrl,neg,103.33
PLT-B-PHH-ALT-ctrl,pos,10.57
PLT-B-PHH-ALT-ctrl,pos,9.72
PLT-B-PHH-ALT-ctrl,pos,10.79
PLT-B-PHH-ALT-ctrl,pos,8.73
PLT-B-PHH-ALT-ctrl,pos,11.1
PLT-B-PHH-ALT-ctrl,pos,11.04
PLT-B-PHH-ALT-ctrl,pos,11.79
PLT-B-PHH-ALT-ctrl,pos,10.81
PLT-B-PHH-Cas-ctrl,neg,103.92
PLT-B-PHH-Cas-ctrl,neg,100.86
PLT-B-PHH-Cas-ctrl,neg,99.57
PLT-B-PHH-Cas-ctrl,neg,96.75
PLT-B-PHH-Cas-ctrl,neg,101.51
PLT-B-PHH-Cas-ctrl,neg,101.2
PLT-B-PHH-Cas-ctrl,pos,9.77
PLT-B-PHH-Cas-ctrl,pos,8.83
PLT-B-PHH-Cas-ctrl,pos,10.34
PLT-B-PHH-Cas-ctrl,pos,10.67
PLT-B-PHH-Cas-ctrl,pos,9.78
PLT-B-PHH-Cas-ctrl,pos,8.65
PLT-B-PHH-Cas-ctrl,pos,10.43
PLT-B-PBM-IFN-ctrl,neg,98.28
PLT-B-PBM-IFN-ctrl,neg,100.58
PLT-B-PBM-IFN-ctrl,neg,101.55
PLT-B-PBM-IFN-ctrl,neg,101.14
PLT-B-PBM-IFN-ctrl,neg,101.21
PLT-B-PBM-IFN-ctrl,neg,101.52
PLT-B-PBM-IFN-ctrl,neg,98.89
PLT-B-PBM-IFN-ctrl,neg,103.38
PLT-B-PBM-IFN-ctrl,pos,9.91
PLT-B-PBM-IFN-ctrl,pos,9.8
PLT-B-PBM-IFN-ctrl,pos,11.08
PLT-B-PBM-IFN-ctrl,pos,12.02
PLT-B-PBM-IFN-ctrl,pos,11.85
PLT-B-PBM-IL6-ctrl,neg,101.48
PLT-B-PBM-IL6-ctrl,neg,97.88
PLT-B-PBM-IL6-ctrl,neg,97.55
PLT-B-PBM-IL6-ctrl,neg,101.59
PLT-B-PBM-IL6-ctrl,neg,99.44
PLT-B-PBM-IL6-ctrl,neg,100.29
PLT-B-PBM-IL6-ctrl,neg,107.11
PLT-B-PBM-IL6-ctrl,pos,10.31
PLT-B-PBM-IL6-ctrl,pos,9.36
PLT-B-PBM-IL6-ctrl,pos,10.91
PLT-B-PBM-IL6-ctrl,pos,10.43
PLT-B-PBM-IL6-ctrl,pos,9.31
PLT-B-PBM-IL6-ctrl,pos,9.83
PLT-B-PBM-IL6-ctrl,pos,11.18
PLT-B-PBM-TNF-ctrl,neg,98.87
PLT-B-PBM-TNF-ctrl,neg,99.59
PLT-B-PBM-TNF-ctrl,neg,100.86
PLT-B-PBM-TNF-ctrl,neg,99.98
PLT-B-PBM-TNF-ctrl,neg,100.69
PLT-B-PBM-TNF-ctrl,neg,103.55
PLT-B-PBM-TNF-ctrl,neg,97.74
PLT-B-PBM-TNF-ctrl,neg,101.29
PLT-B-PBM-TNF-ctrl,pos,9.94
PLT-B-PBM-TNF-ctrl,pos,9.6
PLT-B-PBM-TNF-ctrl,pos,10.86
PLT-B-PBM-TNF-ctrl,pos,8.83
PLT-B-PBM-TNF-ctrl,pos,8.11
PLT-B-PBM-TNF-ctrl,pos,10.18
PLT-B-PBM-TNF-ctrl,pos,8.92
PLT-B-PBM-C3a-ctrl,neg,100.95
PLT-B-PBM-C3a-ctrl,neg,102.52
PLT-B-PBM-C3a-ctrl,neg,100.52
PLT-B-PBM-C3a-ctrl,neg,99.53
PLT-B-PBM-C3a-ctrl,neg,101.75
PLT-B-PBM-C3a-ctrl,neg,101.81
PLT-B-PBM-C3a-ctrl,neg,98.95
PLT-B-PBM-C3a-ctrl,neg,100.76
PLT-B-PBM-C3a-ctrl,pos,9.76
PLT-B-PBM-C3a-ctrl,pos,8.39
PLT-B-PBM-C3a-ctrl,pos,10.35
PLT-B-PBM-C3a-ctrl,pos,10.26
PLT-B-PBM-C3a-ctrl,pos,8.77
PLT-B-PBM-C3a-ctrl,pos,9.42
PLT-B-PBM-C5a-ctrl,neg,100.73
PLT-B-PBM-C5a-ctrl,neg,96.46
PLT-B-PBM-C5a-ctrl,neg,98.5
PLT-B-PBM-C5a-ctrl,neg,101.07
PLT-B-PBM-C5a-ctrl,neg,99.46
PLT-B-PBM-C5a-ctrl,neg,99.84
PLT-B-PBM-C5a-ctrl,neg,98.51
PLT-B-PBM-C5a-ctrl,pos,11.38
PLT-B-PBM-C5a-ctrl,pos,8.97
PLT-B-PBM-C5a-ctrl,pos,9.68
PLT-B-PBM-C5a-ctrl,pos,10.09
PLT-B-PBM-C5a-ctrl,pos,9.39
PLT-B-PBM-C5a-ctrl,pos,8.55
PLT-B-PBM-C5a-ctrl,pos,9.45
PLT-B-PBM-TLR-ctrl,neg,99.41
PLT-B-PBM-TLR-ctrl,neg,102.61
PLT-B-PBM-TLR-ctrl,neg,104.2
PLT-B-PBM-TLR-ctrl,neg,97.61
PLT-B-PBM-TLR-ctrl,neg,95.94
PLT-B-PBM-TLR-ctrl,neg,101.14
PLT-B-PBM-TLR-ctrl,neg,102.14
PLT-B-PBM-TLR-ctrl,neg,103.91
PLT-B-PBM-TLR-ctrl,pos,10.59
PLT-B-PBM-TLR-ctrl,pos,11.12
PLT-B-PBM-TLR-ctrl,pos,11.33
PLT-B-PBM-TLR-ctrl,pos,11.17
PLT-B-PBM-TLR-ctrl,pos,10.7
PLT-B-PBM-TLR-ctrl,pos,8.97
PLT-B-PBM-TLR-ctrl,pos,9.99
PLT-B-PBM-TLR-ctrl,pos,10.24
PLT-C-PHH-Cel-ctrl,neg,97.3
PLT-C-PHH-Cel-ctrl,neg,104.17
PLT-C-PHH-Cel-ctrl,neg,102.2
PLT-C-PHH-Cel-ctrl,neg,100.76
PLT-C-PHH-Cel-ctrl,neg,101.29
PLT-C-PHH-Cel-ctrl,neg,97.62
PLT-C-PHH-Cel-ctrl,neg,96.39
PLT-C-PHH-Cel-ctrl,neg,99.92
PLT-C-PHH-Cel-ctrl,pos,11.1
PLT-C-PHH-Cel-ctrl,pos,10.32
PLT-C-PHH-Cel-ctrl,pos,11.37
PLT-C-PHH-Cel-ctrl,pos,11.06
PLT-C-PHH-Cel-ctrl,pos,10.02
PLT-C-PHH-Cel-ctrl,pos,11.22
PLT-C-PHH-Cel-ctrl,pos,9.94
PLT-C-PHH-LDH-ctrl,neg,97.19
PLT-C-PHH-LDH-ctrl,neg,96.66
PLT-C-PHH-LDH-ctrl,neg,98.6
PLT-C-PHH-LDH-ctrl,neg,97.83
PLT-C-PHH-LDH-ctrl,neg,100.54
PLT-C-PHH-LDH-ctrl,neg,96.4
PLT-C-PHH-LDH-ctrl,neg,99.11
PLT-C-PHH-LDH-ctrl,neg,99.65
PLT-C-PHH-LDH-ctrl,pos,9.97
PLT-C-PHH-LDH-ctrl,pos,9.74
PLT-C-PHH-LDH-ctrl,pos,9.47
PLT-C-PHH-LDH-ctrl,pos,11.0
PLT-C-PHH-LDH-ctrl,pos,11.14
PLT-C-PHH-ALT-ctrl,neg,101.08
PLT-C-PHH-ALT-ctrl,neg,99.95
PLT-C-PHH-ALT-ctrl,neg,99.2
PLT-C-PHH-ALT-ctrl,neg,97.87
PLT-C-PHH-ALT-ctrl,neg,97.74
PLT-C-PHH-ALT-ctrl,neg,100.69
PLT-C-PHH-ALT-ctrl,neg,99.89
PLT-C-PHH-ALT-ctrl,neg,99.17
PLT-C-PHH-ALT-ctrl,pos,10.53
PLT-C-PHH-ALT-ctrl,pos,9.84
PLT-C-PHH-ALT-ctrl,pos,9.27
PLT-C-PHH-ALT-ctrl,pos,10.66
PLT-C-PHH-ALT-ctrl,pos,9.18
PLT-C-PHH-ALT-ctrl,pos,10.17
PLT-C-PHH-ALT-ctrl,pos,9.96
PLT-C-PHH-Cas-ctrl,neg,98.83
PLT-C-PHH-Cas-ctrl,neg,100.09
PLT-C-PHH-Cas-ctrl,neg,103.38
PLT-C-PHH-Cas-ctrl,neg,97.84
PLT-C-PHH-Cas-ctrl,neg,104.48
PLT-C-PHH-Cas-ctrl,neg,99.24
PLT-C-PHH-Cas-ctrl,neg,98.47
PLT-C-PHH-Cas-ctrl,neg,101.69
PLT-C-PHH-Cas-ctrl,pos,10.74
PLT-C-PHH-Cas-ctrl,pos,10.52
PLT-C-PHH-Cas-ctrl,pos,9.38
PLT-C-PHH-Cas-ctrl,pos,10.4
PLT-C-PHH-Cas-ctrl,pos,9.17
PLT-C-PHH-Cas-ctrl,pos,9.36
PLT-C-PHH-Cas-ctrl,pos,9.92
PLT-C-PBM-IFN-ctrl,neg,101.61
PLT-C-PBM-IFN-ctrl,neg,101.18
PLT-C-PBM-IFN-ctrl,neg,99.35
PLT-C-PBM-IFN-ctrl,neg,99.78
PLT-C-PBM-IFN-ctrl,neg,101.93
PLT-C-PBM-IFN-ctrl,neg,98.05
PLT-C-PBM-IFN-ctrl,neg,97.88
PLT-C-PBM-IFN-ctrl,neg,99.21
PLT-C-PBM-IFN-ctrl,pos,10.53
PLT-C-PBM-IFN-ctrl,pos,9.31
PLT-C-PBM-IFN-ctrl,pos,9.91
PLT-C-PBM-IFN-ctrl,pos,9.19
PLT-C-PBM-IFN-ctrl,pos,8.05
PLT-C-PBM-IFN-ctrl,pos,9.18
PLT-C-PBM-IFN-ctrl,pos,10.21
PLT-C-PBM-IL6-ctrl,neg,99.37
PLT-C-PBM-IL6-ctrl,neg,97.36
PLT-C-PBM-IL6-ctrl,neg,99.53
PLT-C-PBM-IL6-ctrl,neg,99.89
PLT-C-PBM-IL6-ctrl,neg,101.22
PLT-C-PBM-IL6-ctrl,neg,104.42
PLT-C-PBM-IL6-ctrl,neg,96.57
PLT-C-PBM-IL6-ctrl,pos,9.59
PLT-C-PBM-IL6-ctrl,pos,11.23
PLT-C-PBM-IL6-ctrl,pos,9.58
PLT-C-PBM-IL6-ctrl,pos,10.63
PLT-C-PBM-IL6-ctrl,pos,10.5
PLT-C-PBM-IL6-ctrl,pos,10.99
PLT-C-PBM-IL6-ctrl,pos,11.53
PLT-C-PBM-IL6-ctrl,pos,10.27
PLT-C-PBM-TNF-ctrl,neg,96.79
PLT-C-PBM-TNF-ctrl,neg,100.48
PLT-C-PBM-TNF-ctrl,neg,99.49
PLT-C-PBM-TNF-ctrl,neg,96.36
PLT-C-PBM-TNF-ctrl,neg,97.89
PLT-C-PBM-TNF-ctrl,neg,98.53
PLT-C-PBM-TNF-ctrl,neg,103.11
PLT-C-PBM-TNF-ctrl,neg,101.41
PLT-C-PBM-TNF-ctrl,pos,9.72
PLT-C-PBM-TNF-ctrl,pos,10.38
PLT-C-PBM-TNF-ctrl,pos,8.37
PLT-C-PBM-TNF-ctrl,pos,9.55
PLT-C-PBM-TNF-ctrl,pos,10.32
PLT-C-PBM-TNF-ctrl,pos,10.13
PLT-C-PBM-TNF-ctrl,pos,9.57
PLT-C-PBM-C3a-ctrl,neg,96.74
PLT-C-PBM-C3a-ctrl,neg,97.88
PLT-C-PBM-C3a-ctrl,neg,101.92
PLT-C-PBM-C3a-ctrl,neg,98.37
PLT-C-PBM-C3a-ctrl,neg,100.28
PLT-C-PBM-C3a-ctrl,neg,100.49
PLT-C-PBM-C3a-ctrl,neg,99.5
PLT-C-PBM-C3a-ctrl,pos,10.21
PLT-C-PBM-C3a-ctrl,pos,8.92
PLT-C-PBM-C3a-ctrl,pos,9.48
PLT-C-PBM-C3a-ctrl,pos,11.15
PLT-C-PBM-C3a-ctrl,pos,11.2
PLT-C-PBM-C3a-ctrl,pos,10.67
PLT-C-PBM-C3a-ctrl,pos,10.88
PLT-C-PBM-C3a-ctrl,pos,8.54
PLT-C-PBM-C5a-ctrl,neg,101.12
PLT-C-PBM-C5a-ctrl,neg,101.45
PLT-C-PBM-C5a-ctrl,neg,99.45
PLT-C-PBM-C5a-ctrl,neg,98.54
PLT-C-PBM-C5a-ctrl,neg,101.19
PLT-C-PBM-C5a-ctrl,neg,99.73
PLT-C-PBM-C5a-ctrl,neg,102.85
PLT-C-PBM-C5a-ctrl,neg,103.55
PLT-C-PBM-C5a-ctrl,pos,10.8
PLT-C-PBM-C5a-ctrl,pos,10.19
PLT-C-PBM-C5a-ctrl,pos,11.46
PLT-C-PBM-C5a-ctrl,pos,9.62
PLT-C-PBM-C5a-ctrl,pos,9.46
PLT-C-PBM-C5a-ctrl,pos,9.44
PLT-C-PBM-C5a-ctrl,pos,9.99
PLT-C-PBM-TLR-ctrl,neg,95.0
PLT-C-PBM-TLR-ctrl,neg,99.31
PLT-C-PBM-TLR-ctrl,neg,97.81
PLT-C-PBM-TLR-ctrl,neg,100.84
PLT-C-PBM-TLR-ctrl,neg,99.33
PLT-C-PBM-TLR-ctrl,neg,99.55
PLT-C-PBM-TLR-ctrl,neg,101.62
PLT-C-PBM-TLR-ctrl,neg,100.79
PLT-C-PBM-TLR-ctrl,pos,9.91
PLT-C-PBM-TLR-ctrl,pos,11.35
PLT-C-PBM-TLR-ctrl,pos,10.59
PLT-C-PBM-TLR-ctrl,pos,9.67
PLT-C-PBM-TLR-ctrl,pos,9.7
PLT-C-PBM-TLR-ctrl,pos,10.63
PLT-C-PBM-TLR-ctrl,pos,10.16
PLT-C-PBM-TLR-ctrl,pos,9.1
PLT-D-PHH-Cel-ctrl,neg,102.98
PLT-D-PHH-Cel-ctrl,neg,99.79
PLT-D-PHH-Cel-ctrl,neg,98.44
PLT-D-PHH-Cel-ctrl,neg,96.51
PLT-D-PHH-Cel-ctrl,neg,100.66
PLT-D-PHH-Cel-ctrl,neg,100.49
PLT-D-PHH-Cel-ctrl,neg,97.88
PLT-D-PHH-Cel-ctrl,pos,9.88
PLT-D-PHH-Cel-ctrl,pos,9.5
PLT-D-PHH-Cel-ctrl,pos,10.32
PLT-D-PHH-Cel-ctrl,pos,9.31
PLT-D-PHH-LDH-ctrl,neg,101.75
PLT-D-PHH-LDH-ctrl,neg,97.84
PLT-D-PHH-LDH-ctrl,neg,98.14
PLT-D-PHH-LDH-ctrl,neg,103.49
PLT-D-PHH-LDH-ctrl,neg,99.86
PLT-D-PHH-LDH-ctrl,neg,98.68
PLT-D-PHH-LDH-ctrl,pos,9.89
PLT-D-PHH-LDH-ctrl,pos,11.21
PLT-D-PHH-LDH-ctrl,pos,10.55
PLT-D-PHH-LDH-ctrl,pos,10.15
PLT-D-PHH-LDH-ctrl,pos,11.27
PLT-D-PHH-LDH-ctrl,pos,11.12
PLT-D-PHH-LDH-ctrl,pos,10.27
PLT-D-PHH-LDH-ctrl,pos,12.22
PLT-D-PHH-ALT-ctrl,neg,98.82
PLT-D-PHH-ALT-ctrl,neg,101.79
PLT-D-PHH-ALT-ctrl,neg,95.09
PLT-D-PHH-ALT-ctrl,neg,101.47
PLT-D-PHH-ALT-ctrl,neg,98.57
PLT-D-PHH-ALT-ctrl,neg,103.92
PLT-D-PHH-ALT-ctrl,neg,98.94
PLT-D-PHH-ALT-ctrl,pos,10.22
PLT-D-PHH-ALT-ctrl,pos,10.31
PLT-D-PHH-ALT-ctrl,pos,9.8
PLT-D-PHH-ALT-ctrl,pos,9.76
PLT-D-PHH-ALT-ctrl,pos,11.22
PLT-D-PHH-ALT-ctrl,pos,10.74
PLT-D-PHH-ALT-ctrl,pos,9.6
PLT-D-PHH-Cas-ctrl,neg,98.65
PLT-D-PHH-Cas-ctrl,neg,100.88
PLT-D-PHH-Cas-ctrl,neg,97.89
PLT-D-PHH-Cas-ctrl,neg,100.31
PLT-D-PHH-Cas-ctrl,neg,97.33
PLT-D-PHH-Cas-ctrl,neg,100.01
PLT-D-PHH-Cas-ctrl,neg,100.74
PLT-D-PHH-Cas-ctrl,neg,102.92
PLT-D-PHH-Cas-ctrl,pos,10.2
PLT-D-PHH-Cas-ctrl,pos,9.35
PLT-D-PHH-Cas-ctrl,pos,11.19
PLT-D-PHH-Cas-ctrl,pos,9.85
PLT-D-PHH-Cas-ctrl,pos,10.62
PLT-D-PHH-Cas-ctrl,pos,9.51
PLT-D-PHH-Cas-ctrl,pos,10.07
PLT-D-PHH-Cas-ctrl,pos,9.36
PLT-D-PBM-IFN-ctrl,neg,100.23
PLT-D-PBM-IFN-ctrl,neg,102.17
PLT-D-PBM-IFN-ctrl,neg,101.85
PLT-D-PBM-IFN-ctrl,neg,100.02
PLT-D-PBM-IFN-ctrl,neg,102.18
PLT-D-PBM-IFN-ctrl,neg,100.68
PLT-D-PBM-IFN-ctrl,neg,101.72
PLT-D-PBM-IFN-ctrl,neg,97.94
PLT-D-PBM-IFN-ctrl,pos,11.39
PLT-D-PBM-IFN-ctrl,pos,10.18
PLT-D-PBM-IFN-ctrl,pos,7.8
PLT-D-PBM-IFN-ctrl,pos,11.33
PLT-D-PBM-IFN-ctrl,pos,10.0
PLT-D-PBM-IFN-ctrl,pos,9.68
PLT-D-PBM-IFN-ctrl,pos,9.52
PLT-D-PBM-IFN-ctrl,pos,10.35
PLT-D-PBM-IL6-ctrl,neg,101.65
PLT-D-PBM-IL6-ctrl,neg,97.25
PLT-D-PBM-IL6-ctrl,neg,96.94
PLT-D-PBM-IL6-ctrl,neg,99.22
PLT-D-PBM-IL6-ctrl,neg,99.82
PLT-D-PBM-IL6-ctrl,neg,98.68
PLT-D-PBM-IL6-ctrl,neg,101.83
PLT-D-PBM-IL6-ctrl,pos,10.24
PLT-D-PBM-IL6-ctrl,pos,10.19
PLT-D-PBM-IL6-ctrl,pos,9.06
PLT-D-PBM-IL6-ctrl,pos,10.4
PLT-D-PBM-IL6-ctrl,pos,9.21
PLT-D-PBM-IL6-ctrl,pos,9.47
PLT-D-PBM-IL6-ctrl,pos,8.91
PLT-D-PBM-IL6-ctrl,pos,9.87
PLT-D-PBM-TNF-ctrl,neg,103.1
PLT-D-PBM-TNF-ctrl,neg,99.55
PLT-D-PBM-TNF-ctrl,neg,103.69
PLT-D-PBM-TNF-ctrl,neg,100.33
PLT-D-PBM-TNF-ctrl,neg,99.89
PLT-D-PBM-TNF-ctrl,neg,100.23
PLT-D-PBM-TNF-ctrl,neg,96.04
PLT-D-PBM-TNF-ctrl,pos,10.7
PLT-D-PBM-TNF-ctrl,pos,11.75
PLT-D-PBM-TNF-ctrl,pos,10.38
PLT-D-PBM-TNF-ctrl,pos,10.43
PLT-D-PBM-TNF-ctrl,pos,10.93
PLT-D-PBM-TNF-ctrl,pos,9.97
PLT-D-PBM-TNF-ctrl,pos,10.21
PLT-D-PBM-C3a-ctrl,neg,97.81
PLT-D-PBM-C3a-ctrl,neg,103.9
PLT-D-PBM-C3a-ctrl,neg,99.98
PLT-D-PBM-C3a-ctrl,neg,100.18
PLT-D-PBM-C3a-ctrl,neg,98.52
PLT-D-PBM-C3a-ctrl,neg,100.43
PLT-D-PBM-C3a-ctrl,neg,103.43
PLT-D-PBM-C3a-ctrl,neg,100.51
PLT-D-PBM-C3a-ctrl,pos,10.85
PLT-D-PBM-C3a-ctrl,pos,9.18
PLT-D-PBM-C3a-ctrl,pos,9.11
PLT-D-PBM-C3a-ctrl,pos,10.17
PLT-D-PBM-C3a-ctrl,pos,10.98
PLT-D-PBM-C3a-ctrl,pos,10.13
PLT-D-PBM-C5a-ctrl,neg,97.84
PLT-D-PBM-C5a-ctrl,neg,99.68
PLT-D-PBM-C5a-ctrl,neg,100.89
PLT-D-PBM-C5a-ctrl,neg,95.19
PLT-D-PBM-C5a-ctrl,neg,98.93
PLT-D-PBM-C5a-ctrl,neg,100.86
PLT-D-PBM-C5a-ctrl,neg,100.45
PLT-D-PBM-C5a-ctrl,neg,98.96
PLT-D-PBM-C5a-ctrl,pos,9.12
PLT-D-PBM-C5a-ctrl,pos,10.5
PLT-D-PBM-C5a-ctrl,pos,9.74
PLT-D-PBM-C5a-ctrl,pos,10.44
PLT-D-PBM-C5a-ctrl,pos,10.3
PLT-D-PBM-C5a-ctrl,pos,9.64
PLT-D-PBM-C5a-ctrl,pos,10.86
PLT-D-PBM-C5a-ctrl,pos,9.52
PLT-D-PBM-TLR-ctrl,neg,101.01
PLT-D-PBM-TLR-ctrl,neg,99.01
PLT-D-PBM-TLR-ctrl,neg,101.81
PLT-D-PBM-TLR-ctrl,neg,98.98
PLT-D-PBM-TLR-ctrl,neg,95.78
PLT-D-PBM-TLR-ctrl,neg,100.63
PLT-D-PBM-TLR-ctrl,neg,101.53
PLT-D-PBM-TLR-ctrl,neg,98.88
PLT-D-PBM-TLR-ctrl,pos,10.96
PLT-D-PBM-TLR-ctrl,pos,9.32
PLT-D-PBM-TLR-ctrl,pos,10.54
PLT-D-PBM-TLR-ctrl,pos,11.4
PLT-D-PBM-TLR-ctrl,pos,9.82
PLT-D-PBM-TLR-ctrl,pos,11.3
PLT-E-PHH-Cel-ctrl,neg,97.85
PLT-E-PHH-Cel-ctrl,neg,99.8
PLT-E-PHH-Cel-ctrl,neg,101.77
PLT-E-PHH-Cel-ctrl,neg,100.12
PLT-E-PHH-Cel-ctrl,neg,101.94
PLT-E-PHH-Cel-ctrl,neg,101.46
PLT-E-PHH-Cel-ctrl,pos,8.87
PLT-E-PHH-Cel-ctrl,pos,10.2
PLT-E-PHH-Cel-ctrl,pos,9.43
PLT-E-PHH-Cel-ctrl,pos,9.41
PLT-E-PHH-Cel-ctrl,pos,11.5
PLT-E-PHH-Cel-ctrl,pos,10.1
PLT-E-PHH-Cel-ctrl,pos,9.83
PLT-E-PHH-Cel-ctrl,pos,10.07
PLT-E-PHH-LDH-ctrl,neg,103.66
PLT-E-PHH-LDH-ctrl,neg,98.51
PLT-E-PHH-LDH-ctrl,neg,97.18
PLT-E-PHH-LDH-ctrl,neg,101.71
PLT-E-PHH-LDH-ctrl,neg,95.7
PLT-E-PHH-LDH-ctrl,neg,102.98
PLT-E-PHH-LDH-ctrl,neg,100.2
PLT-E-PHH-LDH-ctrl,neg,97.15
PLT-E-PHH-LDH-ctrl,pos,9.24
PLT-E-PHH-LDH-ctrl,pos,8.69
PLT-E-PHH-LDH-ctrl,pos,10.31
PLT-E-PHH-LDH-ctrl,pos,8.94
PLT-E-PHH-LDH-ctrl,pos,10.4
PLT-E-PHH-LDH-ctrl,pos,9.62
PLT-E-PHH-LDH-ctrl,pos,10.41
PLT-E-PHH-ALT-ctrl,neg,98.19
PLT-E-PHH-ALT-ctrl,neg,105.1
PLT-E-PHH-ALT-ctrl,neg,98.1
PLT-E-PHH-ALT-ctrl,neg,102.11
PLT-E-PHH-ALT-ctrl,neg,99.28
PLT-E-PHH-ALT-ctrl,neg,101.43
PLT-E-PHH-ALT-ctrl,neg,99.92
PLT-E-PHH-ALT-ctrl,neg,97.82
PLT-E-PHH-ALT-ctrl,pos,7.76
PLT-E-PHH-ALT-ctrl,pos,12.01
PLT-E-PHH-ALT-ctrl,pos,7.65
PLT-E-PHH-ALT-ctrl,pos,10.24
PLT-E-PHH-ALT-ctrl,pos,10.55
PLT-E-PHH-ALT-ctrl,pos,9.43
PLT-E-PHH-Cas-ctrl,neg,99.38
PLT-E-PHH-Cas-ctrl,neg,100.03
PLT-E-PHH-Cas-ctrl,neg,101.44
PLT-E-PHH-Cas-ctrl,neg,99.39
PLT-E-PHH-Cas-ctrl,neg,101.61
PLT-E-PHH-Cas-ctrl,neg,94.11
PLT-E-PHH-Cas-ctrl,neg,99.85
PLT-E-PHH-Cas-ctrl,neg,99.79
PLT-E-PHH-Cas-ctrl,pos,9.89
PLT-E-PHH-Cas-ctrl,pos,9.3
PLT-E-PHH-Cas-ctrl,pos,10.72
PLT-E-PHH-Cas-ctrl,pos,9.6
PLT-E-PHH-Cas-ctrl,pos,10.16
PLT-E-PHH-Cas-ctrl,pos,9.97
PLT-E-PHH-Cas-ctrl,pos,10.4
PLT-E-PHH-Cas-ctrl,pos,11.14
PLT-E-PBM-IFN-ctrl,neg,99.35
PLT-E-PBM-IFN-ctrl,neg,102.46
PLT-E-PBM-IFN-ctrl,neg,100.59
PLT-E-PBM-IFN-ctrl,neg,100.15
PLT-E-PBM-IFN-ctrl,neg,100.52
PLT-E-PBM-IFN-ctrl,neg,101.47
PLT-E-PBM-IFN-ctrl,neg,100.48
PLT-E-PBM-IFN-ctrl,neg,96.38
PLT-E-PBM-IFN-ctrl,pos,10.87
PLT-E-PBM-IFN-ctrl,pos,10.1
PLT-E-PBM-IFN-ctrl,pos,10.55
PLT-E-PBM-IFN-ctrl,pos,9.68
PLT-E-PBM-IFN-ctrl,pos,8.54
PLT-E-PBM-IFN-ctrl,pos,8.18
PLT-E-PBM-IFN-ctrl,pos,9.24
PLT-E-PBM-IFN-ctrl,pos,10.41
PLT-E-PBM-IL6-ctrl,neg,99.27
PLT-E-PBM-IL6-ctrl,neg,100.02
PLT-E-PBM-IL6-ctrl,neg,98.89
PLT-E-PBM-IL6-ctrl,neg,98.81
PLT-E-PBM-IL6-ctrl,neg,99.21
PLT-E-PBM-IL6-ctrl,neg,102.49
PLT-E-PBM-IL6-ctrl,pos,8.22
PLT-E-PBM-IL6-ctrl,pos,10.5
PLT-E-PBM-IL6-ctrl,pos,10.42
PLT-E-PBM-IL6-ctrl,pos,10.95
PLT-E-PBM-IL6-ctrl,pos,10.76
PLT-E-PBM-IL6-ctrl,pos,9.0
PLT-E-PBM-TNF-ctrl,neg,100.34
PLT-E-PBM-TNF-ctrl,neg,100.96
PLT-E-PBM-TNF-ctrl,neg,99.97
PLT-E-PBM-TNF-ctrl,neg,97.49
PLT-E-PBM-TNF-ctrl,neg,98.0
PLT-E-PBM-TNF-ctrl,neg,101.05
PLT-E-PBM-TNF-ctrl,neg,98.44
PLT-E-PBM-TNF-ctrl,neg,95.86
PLT-E-PBM-TNF-ctrl,pos,10.31
PLT-E-PBM-TNF-ctrl,pos,9.3
PLT-E-PBM-TNF-ctrl,pos,10.5
PLT-E-PBM-TNF-ctrl,pos,9.84
PLT-E-PBM-TNF-ctrl,pos,10.04
PLT-E-PBM-TNF-ctrl,pos,9.09
PLT-E-PBM-TNF-ctrl,pos,9.34
PLT-E-PBM-C3a-ctrl,neg,102.88
PLT-E-PBM-C3a-ctrl,neg,100.3
PLT-E-PBM-C3a-ctrl,neg,97.84
PLT-E-PBM-C3a-ctrl,neg,104.36
PLT-E-PBM-C3a-ctrl,neg,103.52
PLT-E-PBM-C3a-ctrl,neg,101.0
PLT-E-PBM-C3a-ctrl,neg,102.55
PLT-E-PBM-C3a-ctrl,neg,99.47
PLT-E-PBM-C3a-ctrl,pos,10.58
PLT-E-PBM-C3a-ctrl,pos,9.66
PLT-E-PBM-C3a-ctrl,pos,8.92
PLT-E-PBM-C3a-ctrl,pos,12.07
PLT-E-PBM-C3a-ctrl,pos,8.87
PLT-E-PBM-C3a-ctrl,pos,10.24
PLT-E-PBM-C3a-ctrl,pos,10.23
PLT-E-PBM-C3a-ctrl,pos,10.41
PLT-E-PBM-C5a-ctrl,neg,102.56
PLT-E-PBM-C5a-ctrl,neg,103.22
PLT-E-PBM-C5a-ctrl,neg,99.8
PLT-E-PBM-C5a-ctrl,neg,98.58
PLT-E-PBM-C5a-ctrl,neg,102.13
PLT-E-PBM-C5a-ctrl,neg,96.66
PLT-E-PBM-C5a-ctrl,neg,100.5
PLT-E-PBM-C5a-ctrl,neg,99.91
PLT-E-PBM-C5a-ctrl,pos,11.04
PLT-E-PBM-C5a-ctrl,pos,11.12
PLT-E-PBM-C5a-ctrl,pos,9.25
PLT-E-PBM-C5a-ctrl,pos,10.13
PLT-E-PBM-C5a-ctrl,pos,9.54
PLT-E-PBM-C5a-ctrl,pos,9.77
PLT-E-PBM-C5a-ctrl,pos,9.73
PLT-E-PBM-TLR-ctrl,neg,98.95
PLT-E-PBM-TLR-ctrl,neg,101.31
PLT-E-PBM-TLR-ctrl,neg,98.4
PLT-E-PBM-TLR-ctrl,neg,100.6
PLT-E-PBM-TLR-ctrl,neg,101.13
PLT-E-PBM-TLR-ctrl,neg,97.58
PLT-E-PBM-TLR-ctrl,neg,98.87
PLT-E-PBM-TLR-ctrl,neg,100.7
PLT-E-PBM-TLR-ctrl,pos,10.56
PLT-E-PBM-TLR-ctrl,pos,9.57
PLT-E-PBM-TLR-ctrl,pos,9.77
PLT-E-PBM-TLR-ctrl,pos,10.58
PLT-E-PBM-TLR-ctrl,pos,10.42
PLT-E-PBM-TLR-ctrl,pos,9.7
PLT-E-PBM-TLR-ctrl,pos,10.38
PLT-A-PHH-Cel-ctrl,neg,100.88
PLT-A-PHH-Cel-ctrl,neg,97.63
PLT-A-PHH-Cel-ctrl,neg,100.54
PLT-A-PHH-Cel-ctrl,neg,102.14
PLT-A-PHH-Cel-ctrl,neg,99.48
PLT-A-PHH-Cel-ctrl,neg,101.95
PLT-A-PHH-Cel-ctrl,neg,101.09
PLT-A-PHH-Cel-ctrl,neg,101.66
PLT-A-PHH-Cel-ctrl,pos,10.04
PLT-A-PHH-Cel-ctrl,pos,10.71
PLT-A-PHH-Cel-ctrl,pos,8.83
PLT-A-PHH-Cel-ctrl,pos,10.03
PLT-A-PHH-Cel-ctrl,pos,10.57
PLT-A-PHH-Cel-ctrl,pos,10.24
PLT-A-PHH-Cel-ctrl,pos,10.88
PLT-A-PHH-Cel-ctrl,pos,9.87
PLT-A-PHH-LDH-ctrl,neg,100.89
PLT-A-PHH-LDH-ctrl,neg,102.19
PLT-A-PHH-LDH-ctrl,neg,99.82
PLT-A-PHH-LDH-ctrl,neg,101.3
PLT-A-PHH-LDH-ctrl,neg,100.21
PLT-A-PHH-LDH-ctrl,neg,98.43
PLT-A-PHH-LDH-ctrl,neg,98.38
PLT-A-PHH-LDH-ctrl,neg,101.42
PLT-A-PHH-LDH-ctrl,pos,9.49
PLT-A-PHH-LDH-ctrl,pos,8.78
PLT-A-PHH-LDH-ctrl,pos,10.1
PLT-A-PHH-LDH-ctrl,pos,9.04
PLT-A-PHH-LDH-ctrl,pos,10.06
PLT-A-PHH-LDH-ctrl,pos,10.61
PLT-A-PHH-LDH-ctrl,pos,10.02
PLT-A-PHH-ALT-ctrl,neg,97.93
PLT-A-PHH-ALT-ctrl,neg,98.93
PLT-A-PHH-ALT-ctrl,neg,99.25
PLT-A-PHH-ALT-ctrl,neg,105.96
PLT-A-PHH-ALT-ctrl,neg,99.97
PLT-A-PHH-ALT-ctrl,neg,98.36
PLT-A-PHH-ALT-ctrl,neg,96.99
PLT-A-PHH-ALT-ctrl,pos,9.87
PLT-A-PHH-ALT-ctrl,pos,11.48
PLT-A-PHH-ALT-ctrl,pos,10.27
PLT-A-PHH-ALT-ctrl,pos,10.72
PLT-A-PHH-ALT-ctrl,pos,9.27
PLT-A-PHH-ALT-ctrl,pos,9.84
PLT-A-PHH-ALT-ctrl,pos,10.16
PLT-A-PHH-ALT-ctrl,pos,9.42
PLT-A-PHH-Cas-ctrl,neg,100.33
PLT-A-PHH-Cas-ctrl,neg,95.4
PLT-A-PHH-Cas-ctrl,neg,99.36
PLT-A-PHH-Cas-ctrl,neg,101.39
PLT-A-PHH-Cas-ctrl,neg,98.56
PLT-A-PHH-Cas-ctrl,neg,97.83
PLT-A-PHH-Cas-ctrl,neg,99.86
PLT-A-PHH-Cas-ctrl,neg,98.34
PLT-A-PHH-Cas-ctrl,pos,10.15
PLT-A-PHH-Cas-ctrl,pos,9.17
PLT-A-PHH-Cas-ctrl,pos,9.92
PLT-A-PHH-Cas-ctrl,pos,9.72
PLT-A-PHH-Cas-ctrl,pos,9.99
PLT-A-PHH-Cas-ctrl,pos,11.31
PLT-A-PHH-Cas-ctrl,pos,10.16
PLT-A-PHH-Cas-ctrl,pos,10.4
PLT-A-PBM-IFN-ctrl,neg,99.93
PLT-A-PBM-IFN-ctrl,neg,100.82
PLT-A-PBM-IFN-ctrl,neg,104.07
PLT-A-PBM-IFN-ctrl,neg,99.51
PLT-A-PBM-IFN-ctrl,neg,99.27
PLT-A-PBM-IFN-ctrl,neg,99.12
PLT-A-PBM-IFN-ctrl,neg,95.76
PLT-A-PBM-IFN-ctrl,pos,9.89
PLT-A-PBM-IFN-ctrl,pos,10.7
PLT-A-PBM-IFN-ctrl,pos,9.58
PLT-A-PBM-IFN-ctrl,pos,10.15
PLT-A-PBM-IFN-ctrl,pos,11.69
PLT-A-PBM-IFN-ctrl,pos,10.27
PLT-A-PBM-IFN-ctrl,pos,8.21
PLT-A-PBM-IFN-ctrl,pos,8.87
PLT-A-PBM-IL6-ctrl,neg,103.84
PLT-A-PBM-IL6-ctrl,neg,104.52
PLT-A-PBM-IL6-ctrl,neg,100.85
PLT-A-PBM-IL6-ctrl,neg,101.8
PLT-A-PBM-IL6-ctrl,neg,97.44
PLT-A-PBM-IL6-ctrl,neg,101.4
PLT-A-PBM-IL6-ctrl,neg,97.96
PLT-A-PBM-IL6-ctrl,pos,9.86
PLT-A-PBM-IL6-ctrl,pos,10.91
PLT-A-PBM-IL6-ctrl,pos,10.06
PLT-A-PBM-IL6-ctrl,pos,10.88
PLT-A-PBM-IL6-ctrl,pos,11.04
PLT-A-PBM-IL6-ctrl,pos,8.59
PLT-A-PBM-IL6-ctrl,pos,8.26
PLT-A-PBM-IL6-ctrl,pos,10.93
PLT-A-PBM-TNF-ctrl,neg,100.48
PLT-A-PBM-TNF-ctrl,neg,94.67
PLT-A-PBM-TNF-ctrl,neg,100.54
PLT-A-PBM-TNF-ctrl,neg,100.63
PLT-A-PBM-TNF-ctrl,neg,99.56
PLT-A-PBM-TNF-ctrl,neg,99.82
PLT-A-PBM-TNF-ctrl,neg,97.5
PLT-A-PBM-TNF-ctrl,neg,102.77
PLT-A-PBM-TNF-ctrl,pos,9.73
PLT-A-PBM-TNF-ctrl,pos,9.22
PLT-A-PBM-TNF-ctrl,pos,10.44
PLT-A-PBM-TNF-ctrl,pos,10.09
PLT-A-PBM-TNF-ctrl,pos,9.71
PLT-A-PBM-TNF-ctrl,pos,9.63
PLT-A-PBM-TNF-ctrl,pos,10.0
PLT-A-PBM-TNF-ctrl,pos,11.08
PLT-A-PBM-C3a-ctrl,neg,97.06
PLT-A-PBM-C3a-ctrl,neg,99.58
PLT-A-PBM-C3a-ctrl,neg,101.36
PLT-A-PBM-C3a-ctrl,neg,98.86
PLT-A-PBM-C3a-ctrl,neg,100.43
PLT-A-PBM-C3a-ctrl,neg,97.38
PLT-A-PBM-C3a-ctrl,pos,11.03
PLT-A-PBM-C3a-ctrl,pos,10.13
PLT-A-PBM-C3a-ctrl,pos,9.44
PLT-A-PBM-C3a-ctrl,pos,9.16
PLT-A-PBM-C3a-ctrl,pos,9.49
PLT-A-PBM-C3a-ctrl,pos,8.75
PLT-A-PBM-C3a-ctrl,pos,10.4
PLT-A-PBM-C3a-ctrl,pos,9.36
PLT-A-PBM-C5a-ctrl,neg,96.75
PLT-A-PBM-C5a-ctrl,neg,102.19
PLT-A-PBM-C5a-ctrl,neg,100.85
PLT-A-PBM-C5a-ctrl,neg,99.6
PLT-A-PBM-C5a-ctrl,neg,100.69
PLT-A-PBM-C5a-ctrl,neg,100.64
PLT-A-PBM-C5a-ctrl,neg,99.2
PLT-A-PBM-C5a-ctrl,neg,100.6
PLT-A-PBM-C5a-ctrl,pos,10.58
PLT-A-PBM-C5a-ctrl,pos,9.24
PLT-A-PBM-C5a-ctrl,pos,10.28
PLT-A-PBM-C5a-ctrl,pos,7.9
PLT-A-PBM-C5a-ctrl,pos,8.46
PLT-A-PBM-C5a-ctrl,pos,10.45
PLT-A-PBM-C5a-ctrl,pos,9.67
PLT-A-PBM-C5a-ctrl,pos,9.32
PLT-A-PBM-TLR-ctrl,neg,101.65
PLT-A-PBM-TLR-ctrl,neg,98.25
PLT-A-PBM-TLR-ctrl,neg,98.53
PLT-A-PBM-TLR-ctrl,neg,100.82
PLT-A-PBM-TLR-ctrl,neg,99.44
PLT-A-PBM-TLR-ctrl,neg,99.97
PLT-A-PBM-TLR-ctrl,neg,99.67
PLT-A-PBM-TLR-ctrl,neg,102.51
PLT-A-PBM-TLR-ctrl,pos,11.04
PLT-A-PBM-TLR-ctrl,pos,8.59
PLT-A-PBM-TLR-ctrl,pos,9.43
PLT-A-PBM-TLR-ctrl,pos,9.28
PLT-A-PBM-TLR-ctrl,pos,10.67
PLT-A-PBM-TLR-ctrl,pos,10.74
PLT-A-PBM-TLR-ctrl,pos,9.18
PLT-B-PHH-Cel-ctrl,neg,99.96
PLT-B-PHH-Cel-ctrl,neg,101.07
PLT-B-PHH-Cel-ctrl,neg,101.39
PLT-B-PHH-Cel-ctrl,neg,97.45
PLT-B-PHH-Cel-ctrl,neg,98.27
PLT-B-PHH-Cel-ctrl,neg,101.22
PLT-B-PHH-Cel-ctrl,neg,99.26
PLT-B-PHH-Cel-ctrl,neg,97.21
PLT-B-PHH-Cel-ctrl,pos,9.94
PLT-B-PHH-Cel-ctrl,pos,10.14
PLT-B-PHH-Cel-ctrl,pos,10.37
PLT-B-PHH-Cel-ctrl,pos,9.39
PLT-B-PHH-Cel-ctrl,pos,9.67
PLT-B-PHH-Cel-ctrl,pos,10.74
PLT-B-PHH-LDH-ctrl,neg,100.09
PLT-B-PHH-LDH-ctrl,neg,99.9
PLT-B-PHH-LDH-ctrl,neg,98.71
PLT-B-PHH-LDH-ctrl,neg,98.91
PLT-B-PHH-LDH-ctrl,neg,102.64
PLT-B-PHH-LDH-ctrl,neg,100.87
PLT-B-PHH-LDH-ctrl,neg,98.89
PLT-B-PHH-LDH-ctrl,neg,98.15
PLT-B-PHH-LDH-ctrl,pos,9.39
PLT-B-PHH-LDH-ctrl,pos,9.87
PLT-B-PHH-LDH-ctrl,pos,10.73
PLT-B-PHH-LDH-ctrl,pos,9.31
PLT-B-PHH-LDH-ctrl,pos,10.72
PLT-B-PHH-LDH-ctrl,pos,10.11
PLT-B-PHH-ALT-ctrl,neg,98.17
PLT-B-PHH-ALT-ctrl,neg,98.52
PLT-B-PHH-ALT-ctrl,neg,99.74
PLT-B-PHH-ALT-ctrl,neg,97.66
PLT-B-PHH-ALT-ctrl,neg,101.78
PLT-B-PHH-ALT-ctrl,neg,99.89
PLT-B-PHH-ALT-ctrl,neg,99.13
PLT-B-PHH-ALT-ctrl,pos,10.88
PLT-B-PHH-ALT-ctrl,pos,9.36
PLT-B-PHH-ALT-ctrl,pos,11.83
PLT-B-PHH-ALT-ctrl,pos,9.86
PLT-B-PHH-ALT-ctrl,pos,10.12
PLT-B-PHH-ALT-ctrl,pos,11.23
PLT-B-PHH-Cas-ctrl,neg,97.97
PLT-B-PHH-Cas-ctrl,neg,99.74
PLT-B-PHH-Cas-ctrl,neg,104.05
PLT-B-PHH-Cas-ctrl,neg,101.13
PLT-B-PHH-Cas-ctrl,neg,97.33
PLT-B-PHH-Cas-ctrl,neg,98.48
PLT-B-PHH-Cas-ctrl,neg,99.99
PLT-B-PHH-Cas-ctrl,pos,9.53
PLT-B-PHH-Cas-ctrl,pos,11.62
PLT-B-PHH-Cas-ctrl,pos,9.09
PLT-B-PHH-Cas-ctrl,pos,10.25
PLT-B-PHH-Cas-ctrl,pos,9.45
PLT-B-PHH-Cas-ctrl,pos,10.59
PLT-B-PHH-Cas-ctrl,pos,11.0
PLT-B-PBM-IFN-ctrl,neg,102.68
PLT-B-PBM-IFN-ctrl,neg,97.66
PLT-B-PBM-IFN-ctrl,neg,96.4
PLT-B-PBM-IFN-ctrl,neg,100.72
PLT-B-PBM-IFN-ctrl,neg,101.67
PLT-B-PBM-IFN-ctrl,neg,100.57
PLT-B-PBM-IFN-ctrl,neg,101.34
PLT-B-PBM-IFN-ctrl,neg,101.05
PLT-B-PBM-IFN-ctrl,pos,8.82
PLT-B-PBM-IFN-ctrl,pos,11.05
PLT-B-PBM-IFN-ctrl,pos,8.95
PLT-B-PBM-IFN-ctrl,pos,9.73
PLT-B-PBM-IFN-ctrl,pos,10.45
PLT-B-PBM-IFN-ctrl,pos,11.44
PLT-B-PBM-IL6-ctrl,neg,101.32
PLT-B-PBM-IL6-ctrl,neg,100.77
PLT-B-PBM-IL6-ctrl,neg,101.0
PLT-B-PBM-IL6-ctrl,neg,96.34
PLT-B-PBM-IL6-ctrl,neg,100.48
PLT-B-PBM-IL6-ctrl,neg,103.28
PLT-B-PBM-IL6-ctrl,neg,100.44
PLT-B-PBM-IL6-ctrl,pos,10.07
PLT-B-PBM-IL6-ctrl,pos,9.52
PLT-B-PBM-IL6-ctrl,pos,10.39
PLT-B-PBM-IL6-ctrl,pos,9.84
PLT-B-PBM-IL6-ctrl,pos,11.05
PLT-B-PBM-TNF-ctrl,neg,98.93
PLT-B-PBM-TNF-ctrl,neg,100.97
PLT-B-PBM-TNF-ctrl,neg,100.27
PLT-B-PBM-TNF-ctrl,neg,99.43
PLT-B-PBM-TNF-ctrl,neg,101.35
PLT-B-PBM-TNF-ctrl,neg,101.4
PLT-B-PBM-TNF-ctrl,neg,102.83
PLT-B-PBM-TNF-ctrl,pos,11.07
PLT-B-PBM-TNF-ctrl,pos,9.95
PLT-B-PBM-TNF-ctrl,pos,9.24
PLT-B-PBM-TNF-ctrl,pos,9.34
PLT-B-PBM-TNF-ctrl,pos,10.24
PLT-B-PBM-TNF-ctrl,pos,10.13
PLT-B-PBM-TNF-ctrl,pos,10.21
PLT-B-PBM-C3a-ctrl,neg,98.73
PLT-B-PBM-C3a-ctrl,neg,95.46
PLT-B-PBM-C3a-ctrl,neg,96.28
PLT-B-PBM-C3a-ctrl,neg,96.77
PLT-B-PBM-C3a-ctrl,neg,101.19
PLT-B-PBM-C3a-ctrl,neg,104.43
PLT-B-PBM-C3a-ctrl,neg,95.92
PLT-B-PBM-C3a-ctrl,neg,98.43
PLT-B-PBM-C3a-ctrl,pos,10.07
PLT-B-PBM-C3a-ctrl,pos,11.24
PLT-B-PBM-C3a-ctrl,pos,9.37
PLT-B-PBM-C3a-ctrl,pos,10.47
PLT-B-PBM-C3a-ctrl,pos,9.8
PLT-B-PBM-C3a-ctrl,pos,12.09
PLT-B-PBM-C3a-ctrl,pos,10.12
PLT-B-PBM-C3a-ctrl,pos,10.28
PLT-B-PBM-C5a-ctrl,neg,95.43
PLT-B-PBM-C5a-ctrl,neg,99.55
PLT-B-PBM-C5a-ctrl,neg,100.39
PLT-B-PBM-C5a-ctrl,neg,100.3
PLT-B-PBM-C5a-ctrl,neg,98.99
PLT-B-PBM-C5a-ctrl,neg,99.35
PLT-B-PBM-C5a-ctrl,pos,9.1
PLT-B-PBM-C5a-ctrl,pos,8.4
PLT-B-PBM-C5a-ctrl,pos,9.91
PLT-B-PBM-C5a-ctrl,pos,9.4
PLT-B-PBM-C5a-ctrl,pos,10.86
PLT-B-PBM-C5a-ctrl,pos,8.25
PLT-B-PBM-C5a-ctrl,pos,11.7
PLT-B-PBM-TLR-ctrl,neg,100.04
PLT-B-PBM-TLR-ctrl,neg,98.89
PLT-B-PBM-TLR-ctrl,neg,102.04
PLT-B-PBM-TLR-ctrl,neg,100.16
PLT-B-PBM-TLR-ctrl,neg,98.47
PLT-B-PBM-TLR-ctrl,neg,100.01
PLT-B-PBM-TLR-ctrl,neg,99.52
PLT-B-PBM-TLR-ctrl,pos,11.11
PLT-B-PBM-TLR-ctrl,pos,9.96
PLT-B-PBM-TLR-ctrl,pos,8.89
PLT-B-PBM-TLR-ctrl,pos,10.4
PLT-B-PBM-TLR-ctrl,pos,11.43
PLT-B-PBM-TLR-ctrl,pos,10.96
PLT-B-PBM-TLR-ctrl,pos,9.12
PLT-B-PBM-TLR-ctrl,pos,9.79
PLT-C-PHH-Cel-ctrl,neg,101.53
PLT-C-PHH-Cel-ctrl,neg,101.05
PLT-C-PHH-Cel-ctrl,neg,98.55
PLT-C-PHH-Cel-ctrl,neg,97.71
PLT-C-PHH-Cel-ctrl,neg,98.7
PLT-C-PHH-Cel-ctrl,neg,97.06
PLT-C-PHH-Cel-ctrl,neg,100.42
PLT-C-PHH-Cel-ctrl,neg,102.37
PLT-C-PHH-Cel-ctrl,pos,11.14
PLT-C-PHH-Cel-ctrl,pos,9.13
PLT-C-PHH-Cel-ctrl,pos,10.63
PLT-C-PHH-Cel-ctrl,pos,10.07
PLT-C-PHH-Cel-ctrl,pos,8.08
PLT-C-PHH-Cel-ctrl,pos,9.73
PLT-C-PHH-Cel-ctrl,pos,10.97
PLT-C-PHH-LDH-ctrl,neg,100.97
PLT-C-PHH-LDH-ctrl,neg,100.36
PLT-C-PHH-LDH-ctrl,neg,98.62
PLT-C-PHH-LDH-ctrl,neg,99.49
PLT-C-PHH-LDH-ctrl,neg,99.84
PLT-C-PHH-LDH-ctrl,neg,100.85
PLT-C-PHH-LDH-ctrl,neg,98.14
PLT-C-PHH-LDH-ctrl,pos,10.63
PLT-C-PHH-LDH-ctrl,pos,8.66
PLT-C-PHH-LDH-ctrl,pos,9.09
PLT-C-PHH-LDH-ctrl,pos,9.31
PLT-C-PHH-LDH-ctrl,pos,11.54
PLT-C-PHH-LDH-ctrl,pos,8.82
PLT-C-PHH-LDH-ctrl,pos,9.34
PLT-C-PHH-ALT-ctrl,neg,100.07
PLT-C-PHH-ALT-ctrl,neg,100.54
PLT-C-PHH-ALT-ctrl,neg,100.05
PLT-C-PHH-ALT-ctrl,neg,99.05
PLT-C-PHH-ALT-ctrl,neg,99.02
PLT-C-PHH-ALT-ctrl,neg,99.68
PLT-C-PHH-ALT-ctrl,neg,97.7
PLT-C-PHH-ALT-ctrl,pos,8.48
PLT-C-PHH-ALT-ctrl,pos,9.52
PLT-C-PHH-ALT-ctrl,pos,8.89
PLT-C-PHH-ALT-ctrl,pos,9.33
PLT-C-PHH-ALT-ctrl,pos,9.66
PLT-C-PHH-ALT-ctrl,pos,9.88
PLT-C-PHH-ALT-ctrl,pos,9.47
PLT-C-PHH-ALT-ctrl,pos,11.75
PLT-C-PHH-Cas-ctrl,neg,99.13
PLT-C-PHH-Cas-ctrl,neg,102.66
PLT-C-PHH-Cas-ctrl,neg,101.64
PLT-C-PHH-Cas-ctrl,neg,99.94
PLT-C-PHH-Cas-ctrl,neg,100.4
PLT-C-PHH-Cas-ctrl,neg,101.52
PLT-C-PHH-Cas-ctrl,neg,101.45
PLT-C-PHH-Cas-ctrl,pos,10.6
PLT-C-PHH-Cas-ctrl,pos,10.27
PLT-C-PHH-Cas-ctrl,pos,9.47
PLT-C-PHH-Cas-ctrl,pos,10.37
PLT-C-PHH-Cas-ctrl,pos,10.67
PLT-C-PHH-Cas-ctrl,pos,10.56
PLT-C-PHH-Cas-ctrl,pos,9.46
PLT-C-PBM-IFN-ctrl,neg,101.26
PLT-C-PBM-IFN-ctrl,neg,99.19
PLT-C-PBM-IFN-ctrl,neg,100.56
PLT-C-PBM-IFN-ctrl,neg,102.79
PLT-C-PBM-IFN-ctrl,neg,100.96
PLT-C-PBM-IFN-ctrl,neg,97.04
PLT-C-PBM-IFN-ctrl,neg,98.74
PLT-C-PBM-IFN-ctrl,neg,98.65
PLT-C-PBM-IFN-ctrl,pos,9.4
PLT-C-PBM-IFN-ctrl,pos,8.31
PLT-C-PBM-IFN-ctrl,pos,11.51
PLT-C-PBM-IFN-ctrl,pos,9.3
PLT-C-PBM-IFN-ctrl,pos,9.36
PLT-C-PBM-IFN-ctrl,pos,8.45
PLT-C-PBM-IFN-ctrl,pos,10.69
PLT-C-PBM-IFN-ctrl,pos,9.93
PLT-C-PBM-IL6-ctrl,neg,101.14
PLT-C-PBM-IL6-ctrl,neg,98.33
PLT-C-PBM-IL6-ctrl,neg,97.34
PLT-C-PBM-IL6-ctrl,neg,100.15
PLT-C-PBM-IL6-ctrl,neg,101.86
PLT-C-PBM-IL6-ctrl,neg,102.08
PLT-C-PBM-IL6-ctrl,neg,101.17
PLT-C-PBM-IL6-ctrl,neg,99.1
PLT-C-PBM-IL6-ctrl,pos,9.36
PLT-C-PBM-IL6-ctrl,pos,9.99
PLT-C-PBM-IL6-ctrl,pos,9.62
PLT-C-PBM-IL6-ctrl,pos,11.64
PLT-C-PBM-IL6-ctrl,pos,11.24
PLT-C-PBM-TNF-ctrl,neg,101.77
PLT-C-PBM-TNF-ctrl,neg,101.27
PLT-C-PBM-TNF-ctrl,neg,102.13
PLT-C-PBM-TNF-ctrl,neg,101.09
PLT-C-PBM-TNF-ctrl,neg,97.06
PLT-C-PBM-TNF-ctrl,neg,101.22
PLT-C-PBM-TNF-ctrl,neg,100.23
PLT-C-PBM-TNF-ctrl,pos,11.09
PLT-C-PBM-TNF-ctrl,pos,9.88
PLT-C-PBM-TNF-ctrl,pos,9.58
PLT-C-PBM-TNF-ctrl,pos,10.9
PLT-C-PBM-C3a-ctrl,neg,96.31
PLT-C-PBM-C3a-ctrl,neg,102.66
PLT-C-PBM-C3a-ctrl,neg,98.73
PLT-C-PBM-C3a-ctrl,neg,102.65
PLT-C-PBM-C3a-ctrl,neg,98.55
PLT-C-PBM-C3a-ctrl,neg,100.98
PLT-C-PBM-C3a-ctrl,neg,98.72
PLT-C-PBM-C3a-ctrl,pos,10.5
PLT-C-PBM-C3a-ctrl,pos,8.94
PLT-C-PBM-C3a-ctrl,pos,11.9
PLT-C-PBM-C3a-ctrl,pos,9.18
PLT-C-PBM-C3a-ctrl,pos,9.13
PLT-C-PBM-C3a-ctrl,pos,11.03
PLT-C-PBM-C3a-ctrl,pos,9.74
PLT-C-PBM-C5a-ctrl,neg,101.14
PLT-C-PBM-C5a-ctrl,neg,99.9
PLT-C-PBM-C5a-ctrl,neg,102.0
PLT-C-PBM-C5a-ctrl,neg,99.57
PLT-C-PBM-C5a-ctrl,neg,98.69
PLT-C-PBM-C5a-ctrl,neg,100.51
PLT-C-PBM-C5a-ctrl,neg,99.24
PLT-C-PBM-C5a-ctrl,neg,96.14
PLT-C-PBM-C5a-ctrl,pos,9.52
PLT-C-PBM-C5a-ctrl,pos,12.3
PLT-C-PBM-C5a-ctrl,pos,8.54
PLT-C-PBM-C5a-ctrl,pos,9.81
PLT-C-PBM-C5a-ctrl,pos,11.47
PLT-C-PBM-C5a-ctrl,pos,9.11
PLT-C-PBM-C5a-ctrl,pos,10.08
PLT-C-PBM-TLR-ctrl,neg,99.08
PLT-C-PBM-TLR-ctrl,neg,99.2
PLT-C-PBM-TLR-ctrl,neg,96.38
PLT-C-PBM-TLR-ctrl,neg,97.57
PLT-C-PBM-TLR-ctrl,neg,99.67
PLT-C-PBM-TLR-ctrl,neg,95.52
PLT-C-PBM-TLR-ctrl,neg,95.98
PLT-C-PBM-TLR-ctrl,pos,9.9
PLT-C-PBM-TLR-ctrl,pos,9.75
PLT-C-PBM-TLR-ctrl,pos,8.1
PLT-C-PBM-TLR-ctrl,pos,11.24
PLT-C-PBM-TLR-ctrl,pos,8.85
PLT-C-PBM-TLR-ctrl,pos,9.35
PLT-C-PBM-TLR-ctrl,pos,11.04
PLT-D-PHH-Cel-ctrl,neg,100.74
PLT-D-PHH-Cel-ctrl,neg,99.17
PLT-D-PHH-Cel-ctrl,neg,98.75
PLT-D-PHH-Cel-ctrl,neg,100.09
PLT-D-PHH-Cel-ctrl,neg,99.51
PLT-D-PHH-Cel-ctrl,neg,97.06
PLT-D-PHH-Cel-ctrl,neg,98.52
PLT-D-PHH-Cel-ctrl,pos,10.01
PLT-D-PHH-Cel-ctrl,pos,10.59
PLT-D-PHH-Cel-ctrl,pos,8.81
PLT-D-PHH-Cel-ctrl,pos,10.21
PLT-D-PHH-Cel-ctrl,pos,10.18
PLT-D-PHH-Cel-ctrl,pos,9.64
PLT-D-PHH-Cel-ctrl,pos,9.41
PLT-D-PHH-LDH-ctrl,neg,99.85
PLT-D-PHH-LDH-ctrl,neg,99.64
PLT-D-PHH-LDH-ctrl,neg,104.56
PLT-D-PHH-LDH-ctrl,neg,97.63
PLT-D-PHH-LDH-ctrl,neg,99.25
PLT-D-PHH-LDH-ctrl,neg,98.93
PLT-D-PHH-LDH-ctrl,neg,102.52
PLT-D-PHH-LDH-ctrl,pos,8.92
PLT-D-PHH-LDH-ctrl,pos,9.55
PLT-D-PHH-LDH-ctrl,pos,11.01
PLT-D-PHH-LDH-ctrl,pos,10.57
PLT-D-PHH-LDH-ctrl,pos,11.3
PLT-D-PHH-LDH-ctrl,pos,10.28
PLT-D-PHH-ALT-ctrl,neg,100.82
PLT-D-PHH-ALT-ctrl,neg,98.68
PLT-D-PHH-ALT-ctrl,neg,97.61
PLT-D-PHH-ALT-ctrl,neg,98.19
PLT-D-PHH-ALT-ctrl,neg,98.45
PLT-D-PHH-ALT-ctrl,neg,94.2
PLT-D-PHH-ALT-ctrl,neg,98.65
PLT-D-PHH-ALT-ctrl,neg,101.43
PLT-D-PHH-ALT-ctrl,pos,10.06
PLT-D-PHH-ALT-ctrl,pos,8.7
PLT-D-PHH-ALT-ctrl,pos,10.84
PLT-D-PHH-ALT-ctrl,pos,10.41
PLT-D-PHH-ALT-ctrl,pos,9.99
PLT-D-PHH-ALT-ctrl,pos,8.24
PLT-D-PHH-ALT-ctrl,pos,9.61
PLT-D-PHH-Cas-ctrl,neg,99.7
PLT-D-PHH-Cas-ctrl,neg,97.57
PLT-D-PHH-Cas-ctrl,neg,100.45
PLT-D-PHH-Cas-ctrl,neg,99.61
PLT-D-PHH-Cas-ctrl,neg,102.14
PLT-D-PHH-Cas-ctrl,neg,99.99
PLT-D-PHH-Cas-ctrl,neg,99.11
PLT-D-PHH-Cas-ctrl,neg,99.51
PLT-D-PHH-Cas-ctrl,pos,11.38
PLT-D-PHH-Cas-ctrl,pos,8.74
PLT-D-PHH-Cas-ctrl,pos,9.5
PLT-D-PHH-Cas-ctrl,pos,10.03
PLT-D-PHH-Cas-ctrl,pos,9.49
PLT-D-PHH-Cas-ctrl,pos,10.39
PLT-D-PHH-Cas-ctrl,pos,9.95
PLT-D-PBM-IFN-ctrl,neg,99.06
PLT-D-PBM-IFN-ctrl,neg,95.14
PLT-D-PBM-IFN-ctrl,neg,101.67
PLT-D-PBM-IFN-ctrl,neg,102.31
PLT-D-PBM-IFN-ctrl,neg,100.16
PLT-D-PBM-IFN-ctrl,neg,103.66
PLT-D-PBM-IFN-ctrl,neg,102.69
PLT-D-PBM-IFN-ctrl,neg,100.96
PLT-D-PBM-IFN-ctrl,pos,9.91
PLT-D-PBM-IFN-ctrl,pos,10.45
PLT-D-PBM-IFN-ctrl,pos,9.89
PLT-D-PBM-IFN-ctrl,pos,10.44
PLT-D-PBM-IFN-ctrl,pos,10.5
PLT-D-PBM-IFN-ctrl,pos,9.82
PLT-D-PBM-IFN-ctrl,pos,10.88
PLT-D-PBM-IL6-ctrl,neg,100.92
PLT-D-PBM-IL6-ctrl,neg,101.72
PLT-D-PBM-IL6-ctrl,neg,102.92
PLT-D-PBM-IL6-ctrl,neg,100.58
PLT-D-PBM-IL6-ctrl,neg,101.51
PLT-D-PBM-IL6-ctrl,neg,102.74
PLT-D-PBM-IL6-ctrl,neg,98.44
PLT-D-PBM-IL6-ctrl,neg,99.58
PLT-D-PBM-IL6-ctrl,pos,12.22
PLT-D-PBM-IL6-ctrl,pos,10.69
PLT-D-PBM-IL6-ctrl,pos,10.41
PLT-D-PBM-IL6-ctrl,pos,10.71
PLT-D-PBM-IL6-ctrl,pos,8.93
PLT-D-PBM-IL6-ctrl,pos,9.19
PLT-D-PBM-IL6-ctrl,pos,10.33
PLT-D-PBM-TNF-ctrl,neg,97.61
PLT-D-PBM-TNF-ctrl,neg,99.74
PLT-D-PBM-TNF-ctrl,neg,102.24
PLT-D-PBM-TNF-ctrl,neg,99.9
PLT-D-PBM-TNF-ctrl,neg,96.74
PLT-D-PBM-TNF-ctrl,neg,102.48
PLT-D-PBM-TNF-ctrl,neg,97.41
PLT-D-PBM-TNF-ctrl,neg,100.16
PLT-D-PBM-TNF-ctrl,pos,10.47
PLT-D-PBM-TNF-ctrl,pos,10.1
PLT-D-PBM-TNF-ctrl,pos,12.03
PLT-D-PBM-TNF-ctrl,pos,10.59
PLT-D-PBM-TNF-ctrl,pos,9.84
PLT-D-PBM-TNF-ctrl,pos,10.48
PLT-D-PBM-TNF-ctrl,pos,10.17
PLT-D-PBM-TNF-ctrl,pos,10.04
PLT-D-PBM-C3a-ctrl,neg,102.34
PLT-D-PBM-C3a-ctrl,neg,98.39
PLT-D-PBM-C3a-ctrl,neg,100.1
PLT-D-PBM-C3a-ctrl,neg,101.38
PLT-D-PBM-C3a-ctrl,neg,100.42
PLT-D-PBM-C3a-ctrl,neg,96.42
PLT-D-PBM-C3a-ctrl,neg,105.65
PLT-D-PBM-C3a-ctrl,pos,8.93
PLT-D-PBM-C3a-ctrl,pos,10.25
PLT-D-PBM-C3a-ctrl,pos,10.34
PLT-D-PBM-C3a-ctrl,pos,10.8
PLT-D-PBM-C3a-ctrl,pos,10.74
PLT-D-PBM-C3a-ctrl,pos,9.83
PLT-D-PBM-C3a-ctrl,pos,8.62
PLT-D-PBM-C3a-ctrl,pos,10.37
PLT-D-PBM-C5a-ctrl,neg,103.78
PLT-D-PBM-C5a-ctrl,neg,100.65
PLT-D-PBM-C5a-ctrl,neg,97.91
PLT-D-PBM-C5a-ctrl,neg,97.69
PLT-D-PBM-C5a-ctrl,neg,100.05
PLT-D-PBM-C5a-ctrl,neg,99.35
PLT-D-PBM-C5a-ctrl,neg,99.5
PLT-D-PBM-C5a-ctrl,pos,8.82
PLT-D-PBM-C5a-ctrl,pos,9.94
PLT-D-PBM-C5a-ctrl,pos,11.24
PLT-D-PBM-C5a-ctrl,pos,9.32
PLT-D-PBM-C5a-ctrl,pos,10.72
PLT-D-PBM-C5a-ctrl,pos,7.23
PLT-D-PBM-C5a-ctrl,pos,9.36
PLT-D-PBM-C5a-ctrl,pos,8.47
PLT-D-PBM-TLR-ctrl,neg,98.04
PLT-D-PBM-TLR-ctrl,neg,100.13
PLT-D-PBM-TLR-ctrl,neg,102.46
PLT-D-PBM-TLR-ctrl,neg,101.3
PLT-D-PBM-TLR-ctrl,neg,101.59
PLT-D-PBM-TLR-ctrl,neg,101.48
PLT-D-PBM-TLR-ctrl,neg,100.05
PLT-D-PBM-TLR-ctrl,neg,98.42
PLT-D-PBM-TLR-ctrl,pos,10.35
PLT-D-PBM-TLR-ctrl,pos,9.68
PLT-D-PBM-TLR-ctrl,pos,9.61
PLT-D-PBM-TLR-ctrl,pos,11.19
PLT-D-PBM-TLR-ctrl,pos,9.7
PLT-D-PBM-TLR-ctrl,pos,11.36
PLT-D-PBM-TLR-ctrl,pos,9.87
PLT-E-PHH-Cel-ctrl,neg,99.95
PLT-E-PHH-Cel-ctrl,neg,101.04
PLT-E-PHH-Cel-ctrl,neg,102.72
PLT-E-PHH-Cel-ctrl,neg,101.34
PLT-E-PHH-Cel-ctrl,neg,100.32
PLT-E-PHH-Cel-ctrl,neg,103.83
PLT-E-PHH-Cel-ctrl,pos,8.52
PLT-E-PHH-Cel-ctrl,pos,9.12
PLT-E-PHH-Cel-ctrl,pos,9.18
PLT-E-PHH-Cel-ctrl,pos,9.29
PLT-E-PHH-Cel-ctrl,pos,9.32
PLT-E-PHH-Cel-ctrl,pos,9.98
PLT-E-PHH-Cel-ctrl,pos,10.19
PLT-E-PHH-LDH-ctrl,neg,104.08
PLT-E-PHH-LDH-ctrl,neg,102.11
PLT-E-PHH-LDH-ctrl,neg,95.99
PLT-E-PHH-LDH-ctrl,neg,97.94
PLT-E-PHH-LDH-ctrl,neg,99.02
PLT-E-PHH-LDH-ctrl,neg,101.68
PLT-E-PHH-LDH-ctrl,neg,95.24
PLT-E-PHH-LDH-ctrl,neg,99.76
PLT-E-PHH-LDH-ctrl,pos,10.62
PLT-E-PHH-LDH-ctrl,pos,7.73
PLT-E-PHH-LDH-ctrl,pos,10.6
PLT-E-PHH-LDH-ctrl,pos,10.69
PLT-E-PHH-LDH-ctrl,pos,9.32
PLT-E-PHH-LDH-ctrl,pos,9.08
PLT-E-PHH-LDH-ctrl,pos,7.86
PLT-E-PHH-ALT-ctrl,neg,98.85
PLT-E-PHH-ALT-ctrl,neg,98.06
PLT-E-PHH-ALT-ctrl,neg,97.48
PLT-E-PHH-ALT-ctrl,neg,101.45
PLT-E-PHH-ALT-ctrl,neg,102.3
PLT-E-PHH-ALT-ctrl,neg,98.81
PLT-E-PHH-ALT-ctrl,neg,97.87
PLT-E-PHH-ALT-ctrl,neg,103.06
PLT-E-PHH-ALT-ctrl,pos,8.84
PLT-E-PHH-ALT-ctrl,pos,10.81
PLT-E-PHH-ALT-ctrl,pos,9.54
PLT-E-PHH-ALT-ctrl,pos,10.32
PLT-E-PHH-ALT-ctrl,pos,10.38
PLT-E-PHH-ALT-ctrl,pos,9.76
PLT-E-PHH-Cas-ctrl,neg,99.84
PLT-E-PHH-Cas-ctrl,neg,99.92
PLT-E-PHH-Cas-ctrl,neg,97.37
PLT-E-PHH-Cas-ctrl,neg,100.3
PLT-E-PHH-Cas-ctrl,neg,101.19
PLT-E-PHH-Cas-ctrl,neg,95.91
PLT-E-PHH-Cas-ctrl,neg,97.4
PLT-E-PHH-Cas-ctrl,neg,101.79
PLT-E-PHH-Cas-ctrl,pos,10.57
PLT-E-PHH-Cas-ctrl,pos,9.45
PLT-E-PHH-Cas-ctrl,pos,9.04
PLT-E-PHH-Cas-ctrl,pos,8.95
PLT-E-PHH-Cas-ctrl,pos,9.87
PLT-E-PBM-IFN-ctrl,neg,100.16
PLT-E-PBM-IFN-ctrl,neg,100.47
PLT-E-PBM-IFN-ctrl,neg,98.92
PLT-E-PBM-IFN-ctrl,neg,98.98
PLT-E-PBM-IFN-ctrl,neg,96.93
PLT-E-PBM-IFN-ctrl,neg,100.5
PLT-E-PBM-IFN-ctrl,neg,101.36
PLT-E-PBM-IFN-ctrl,neg,99.86
PLT-E-PBM-IFN-ctrl,pos,9.3
PLT-E-PBM-IFN-ctrl,pos,10.05
PLT-E-PBM-IFN-ctrl,pos,11.07
PLT-E-PBM-IFN-ctrl,pos,11.64
PLT-E-PBM-IFN-ctrl,pos,12.16
PLT-E-PBM-IL6-ctrl,neg,99.37
PLT-E-PBM-IL6-ctrl,neg,101.0
PLT-E-PBM-IL6-ctrl,neg,104.68
PLT-E-PBM-IL6-ctrl,neg,98.04
PLT-E-PBM-IL6-ctrl,neg,103.06
PLT-E-PBM-IL6-ctrl,neg,99.02
PLT-E-PBM-IL6-ctrl,neg,102.68
PLT-E-PBM-IL6-ctrl,neg,101.37
PLT-E-PBM-IL6-ctrl,pos,10.48
PLT-E-PBM-IL6-ctrl,pos,9.88
PLT-E-PBM-IL6-ctrl,pos,9.8
PLT-E-PBM-IL6-ctrl,pos,9.42
PLT-E-PBM-IL6-ctrl,pos,10.01
PLT-E-PBM-IL6-ctrl,pos,9.85
PLT-E-PBM-IL6-ctrl,pos,10.15
PLT-E-PBM-IL6-ctrl,pos,8.87
PLT-E-PBM-TNF-ctrl,neg,101.11
PLT-E-PBM-TNF-ctrl,neg,102.31
PLT-E-PBM-TNF-ctrl,neg,99.61
PLT-E-PBM-TNF-ctrl,neg,102.15
PLT-E-PBM-TNF-ctrl,neg,97.57
PLT-E-PBM-TNF-ctrl,neg,101.31
PLT-E-PBM-TNF-ctrl,neg,102.07
PLT-E-PBM-TNF-ctrl,neg,101.86
PLT-E-PBM-TNF-ctrl,pos,9.05
PLT-E-PBM-TNF-ctrl,pos,10.24
PLT-E-PBM-TNF-ctrl,pos,10.35
PLT-E-PBM-TNF-ctrl,pos,10.09
PLT-E-PBM-TNF-ctrl,pos,11.14
PLT-E-PBM-TNF-ctrl,pos,9.81
PLT-E-PBM-C3a-ctrl,neg,99.92
PLT-E-PBM-C3a-ctrl,neg,100.64
PLT-E-PBM-C3a-ctrl,neg,100.12
PLT-E-PBM-C3a-ctrl,neg,98.76
PLT-E-PBM-C3a-ctrl,neg,97.64
PLT-E-PBM-C3a-ctrl,neg,99.82
PLT-E-PBM-C3a-ctrl,neg,102.61
PLT-E-PBM-C3a-ctrl,neg,102.05
PLT-E-PBM-C3a-ctrl,pos,9.72
PLT-E-PBM-C3a-ctrl,pos,9.65
PLT-E-PBM-C3a-ctrl,pos,11.81
PLT-E-PBM-C3a-ctrl,pos,9.34
PLT-E-PBM-C5a-ctrl,neg,99.64
PLT-E-PBM-C5a-ctrl,neg,99.18
PLT-E-PBM-C5a-ctrl,neg,97.79
PLT-E-PBM-C5a-ctrl,neg,98.61
PLT-E-PBM-C5a-ctrl,neg,100.64
PLT-E-PBM-C5a-ctrl,neg,100.68
PLT-E-PBM-C5a-ctrl,neg,101.58
PLT-E-PBM-C5a-ctrl,neg,97.19
PLT-E-PBM-C5a-ctrl,pos,8.67
PLT-E-PBM-C5a-ctrl,pos,9.7
PLT-E-PBM-C5a-ctrl,pos,9.18
PLT-E-PBM-C5a-ctrl,pos,10.15
PLT-E-PBM-C5a-ctrl,pos,8.95
PLT-E-PBM-C5a-ctrl,pos,10.94
PLT-E-PBM-C5a-ctrl,pos,9.34
PLT-E-PBM-C5a-ctrl,pos,11.27
PLT-E-PBM-TLR-ctrl,neg,103.28
PLT-E-PBM-TLR-ctrl,neg,102.32
PLT-E-PBM-TLR-ctrl,neg,99.46
PLT-E-PBM-TLR-ctrl,neg,99.34
PLT-E-PBM-TLR-ctrl,neg,102.97
PLT-E-PBM-TLR-ctrl,neg,103.43
PLT-E-PBM-TLR-ctrl,neg,98.13
PLT-E-PBM-TLR-ctrl,pos,9.76
PLT-E-PBM-TLR-ctrl,pos,10.34
PLT-E-PBM-TLR-ctrl,pos,9.59
PLT-E-PBM-TLR-ctrl,pos,10.36
PLT-E-PBM-TLR-ctrl,pos,11.56
PLT-E-PBM-TLR-ctrl,pos,8.88
PLT-E-PBM-TLR-ctrl,pos,9.64
PLT-A-PHH-Cel-ctrl,neg,96.74
PLT-A-PHH-Cel-ctrl,neg,96.28
PLT-A-PHH-Cel-ctrl,neg,98.81
PLT-A-PHH-Cel-ctrl,neg,105.59
PLT-A-PHH-Cel-ctrl,neg,102.78
PLT-A-PHH-Cel-ctrl,pos,10.49
PLT-A-PHH-Cel-ctrl,pos,10.16
PLT-A-PHH-Cel-ctrl,pos,10.72
PLT-A-PHH-Cel-ctrl,pos,9.49
PLT-A-PHH-Cel-ctrl,pos,10.94
PLT-A-PHH-Cel-ctrl,pos,10.56
PLT-A-PHH-Cel-ctrl,pos,10.99
PLT-A-PHH-LDH-ctrl,neg,99.16
PLT-A-PHH-LDH-ctrl,neg,99.68
PLT-A-PHH-LDH-ctrl,neg,99.0
PLT-A-PHH-LDH-ctrl,neg,102.14
PLT-A-PHH-LDH-ctrl,neg,97.48
PLT-A-PHH-LDH-ctrl,neg,100.18
PLT-A-PHH-LDH-ctrl,neg,99.75
PLT-A-PHH-LDH-ctrl,pos,10.77
PLT-A-PHH-LDH-ctrl,pos,8.8
PLT-A-PHH-LDH-ctrl,pos,10.45
PLT-A-PHH-LDH-ctrl,pos,9.0
PLT-A-PHH-LDH-ctrl,pos,8.92
PLT-A-PHH-LDH-ctrl,pos,9.54
PLT-A-PHH-ALT-ctrl,neg,99.12
PLT-A-PHH-ALT-ctrl,neg,100.75
PLT-A-PHH-ALT-ctrl,neg,97.39
PLT-A-PHH-ALT-ctrl,neg,101.42
PLT-A-PHH-ALT-ctrl,neg,98.88
PLT-A-PHH-ALT-ctrl,neg,98.18
PLT-A-PHH-ALT-ctrl,neg,97.72
PLT-A-PHH-ALT-ctrl,pos,9.03
PLT-A-PHH-ALT-ctrl,pos,9.61
PLT-A-PHH-ALT-ctrl,pos,11.2
PLT-A-PHH-ALT-ctrl,pos,9.49
PLT-A-PHH-ALT-ctrl,pos,8.23
PLT-A-PHH-ALT-ctrl,pos,10.29
PLT-A-PHH-ALT-ctrl,pos,9.11
PLT-A-PHH-ALT-ctrl,pos,10.65
PLT-A-PHH-Cas-ctrl,neg,100.1
PLT-A-PHH-Cas-ctrl,neg,98.38
PLT-A-PHH-Cas-ctrl,neg,100.38
PLT-A-PHH-Cas-ctrl,neg,96.99
PLT-A-PHH-Cas-ctrl,neg,98.45
PLT-A-PHH-Cas-ctrl,neg,97.6
PLT-A-PHH-Cas-ctrl,neg,102.59
PLT-A-PHH-Cas-ctrl,neg,96.7
PLT-A-PHH-Cas-ctrl,pos,9.06
PLT-A-PHH-Cas-ctrl,pos,8.36
PLT-A-PHH-Cas-ctrl,pos,9.29
PLT-A-PHH-Cas-ctrl,pos,9.63
PLT-A-PHH-Cas-ctrl,pos,10.78
PLT-A-PHH-Cas-ctrl,pos,9.82
PLT-A-PHH-Cas-ctrl,pos,9.67
PLT-A-PBM-IFN-ctrl,neg,100.51
PLT-A-PBM-IFN-ctrl,neg,99.17
PLT-A-PBM-IFN-ctrl,neg,100.21
PLT-A-PBM-IFN-ctrl,neg,101.8
PLT-A-PBM-IFN-ctrl,neg,101.51
PLT-A-PBM-IFN-ctrl,neg,101.42
PLT-A-PBM-IFN-ctrl,neg,101.16
PLT-A-PBM-IFN-ctrl,neg,97.45
PLT-A-PBM-IFN-ctrl,pos,10.91
PLT-A-PBM-IFN-ctrl,pos,9.15
PLT-A-PBM-IFN-ctrl,pos,9.92
PLT-A-PBM-IFN-ctrl,pos,9.72
PLT-A-PBM-IFN-ctrl,pos,10.28
PLT-A-PBM-IFN-ctrl,pos,9.61
PLT-A-PBM-IFN-ctrl,pos,9.87
PLT-A-PBM-IFN-ctrl,pos,11.3
PLT-A-PBM-IL6-ctrl,neg,98.48
PLT-A-PBM-IL6-ctrl,neg,97.47
PLT-A-PBM-IL6-ctrl,neg,100.02
PLT-A-PBM-IL6-ctrl,neg,102.18
PLT-A-PBM-IL6-ctrl,neg,100.95
PLT-A-PBM-IL6-ctrl,neg,98.98
PLT-A-PBM-IL6-ctrl,neg,98.59
PLT-A-PBM-IL6-ctrl,pos,11.6
PLT-A-PBM-IL6-ctrl,pos,10.05
PLT-A-PBM-IL6-ctrl,pos,10.16
PLT-A-PBM-IL6-ctrl,pos,8.31
PLT-A-PBM-IL6-ctrl,pos,9.06
PLT-A-PBM-IL6-ctrl,pos,9.96
PLT-A-PBM-IL6-ctrl,pos,9.6
PLT-A-PBM-IL6-ctrl,pos,10.11
PLT-A-PBM-TNF-ctrl,neg,96.7
PLT-A-PBM-TNF-ctrl,neg,101.33
PLT-A-PBM-TNF-ctrl,neg,102.97
PLT-A-PBM-TNF-ctrl,neg,101.36
PLT-A-PBM-TNF-ctrl,neg,102.84
PLT-A-PBM-TNF-ctrl,neg,98.79
PLT-A-PBM-TNF-ctrl,neg,100.79
PLT-A-PBM-TNF-ctrl,pos,8.22
PLT-A-PBM-TNF-ctrl,pos,9.91
PLT-A-PBM-TNF-ctrl,pos,10.31
PLT-A-PBM-TNF-ctrl,pos,10.38
PLT-A-PBM-TNF-ctrl,pos,8.74
PLT-A-PBM-TNF-ctrl,pos,9.69
PLT-A-PBM-TNF-ctrl,pos,9.8
PLT-A-PBM-TNF-ctrl,pos,9.66
PLT-A-PBM-C3a-ctrl,neg,97.48
PLT-A-PBM-C3a-ctrl,neg,99.86
PLT-A-PBM-C3a-ctrl,neg,97.33
PLT-A-PBM-C3a-ctrl,neg,101.9
PLT-A-PBM-C3a-ctrl,neg,102.14
PLT-A-PBM-C3a-ctrl,neg,97.99
PLT-A-PBM-C3a-ctrl,neg,98.57
PLT-A-PBM-C3a-ctrl,neg,99.15
PLT-A-PBM-C3a-ctrl,pos,9.97
PLT-A-PBM-C3a-ctrl,pos,10.21
PLT-A-PBM-C3a-ctrl,pos,10.37
PLT-A-PBM-C3a-ctrl,pos,10.35
PLT-A-PBM-C3a-ctrl,pos,11.24
PLT-A-PBM-C3a-ctrl,pos,10.05
PLT-A-PBM-C3a-ctrl,pos,8.96
PLT-A-PBM-C3a-ctrl,pos,8.71
PLT-A-PBM-C5a-ctrl,neg,97.91
PLT-A-PBM-C5a-ctrl,neg,100.4
PLT-A-PBM-C5a-ctrl,neg,102.03
PLT-A-PBM-C5a-ctrl,neg,101.05
PLT-A-PBM-C5a-ctrl,neg,102.94
PLT-A-PBM-C5a-ctrl,neg,98.35
PLT-A-PBM-C5a-ctrl,neg,101.32
PLT-A-PBM-C5a-ctrl,neg,99.39
PLT-A-PBM-C5a-ctrl,pos,10.18
PLT-A-PBM-C5a-ctrl,pos,10.89
PLT-A-PBM-C5a-ctrl,pos,8.65
PLT-A-PBM-C5a-ctrl,pos,11.59
PLT-A-PBM-C5a-ctrl,pos,9.88
PLT-A-PBM-C5a-ctrl,pos,8.71
PLT-A-PBM-C5a-ctrl,pos,9.45
PLT-A-PBM-C5a-ctrl,pos,10.08
PLT-A-PBM-TLR-ctrl,neg,98.5
PLT-A-PBM-TLR-ctrl,neg,102.3
PLT-A-PBM-TLR-ctrl,neg,98.28
PLT-A-PBM-TLR-ctrl,neg,97.18
PLT-A-PBM-TLR-ctrl,neg,97.11
PLT-A-PBM-TLR-ctrl,neg,101.39
PLT-A-PBM-TLR-ctrl,neg,102.5
PLT-A-PBM-TLR-ctrl,pos,8.99
PLT-A-PBM-TLR-ctrl,pos,9.82
PLT-A-PBM-TLR-ctrl,pos,11.94
PLT-A-PBM-TLR-ctrl,pos,9.76
PLT-A-PBM-TLR-ctrl,pos,9.98
PLT-A-PBM-TLR-ctrl,pos,10.42
PLT-A-PBM-TLR-ctrl,pos,10.41
PLT-B-PHH-Cel-ctrl,neg,98.9
PLT-B-PHH-Cel-ctrl,neg,101.51
PLT-B-PHH-Cel-ctrl,neg,99.43
PLT-B-PHH-Cel-ctrl,neg,100.61
PLT-B-PHH-Cel-ctrl,neg,98.3
PLT-B-PHH-Cel-ctrl,neg,99.95
PLT-B-PHH-Cel-ctrl,neg,102.63
PLT-B-PHH-Cel-ctrl,neg,99.7
PLT-B-PHH-Cel-ctrl,pos,9.56
PLT-B-PHH-Cel-ctrl,pos,9.31
PLT-B-PHH-Cel-ctrl,pos,9.98
PLT-B-PHH-Cel-ctrl,pos,11.13
PLT-B-PHH-Cel-ctrl,pos,8.91
PLT-B-PHH-Cel-ctrl,pos,9.96
PLT-B-PHH-Cel-ctrl,pos,8.63
PLT-B-PHH-LDH-ctrl,neg,100.33
PLT-B-PHH-LDH-ctrl,neg,100.15
PLT-B-PHH-LDH-ctrl,neg,98.54
PLT-B-PHH-LDH-ctrl,neg,98.97
PLT-B-PHH-LDH-ctrl,neg,100.44
PLT-B-PHH-LDH-ctrl,neg,102.37
PLT-B-PHH-LDH-ctrl,neg,99.09
PLT-B-PHH-LDH-ctrl,pos,9.68
PLT-B-PHH-LDH-ctrl,pos,8.67
PLT-B-PHH-LDH-ctrl,pos,10.51
PLT-B-PHH-LDH-ctrl,pos,10.44
PLT-B-PHH-LDH-ctrl,pos,10.78
PLT-B-PHH-LDH-ctrl,pos,10.83
PLT-B-PHH-LDH-ctrl,pos,10.66
PLT-B-PHH-ALT-ctrl,neg,101.2
PLT-B-PHH-ALT-ctrl,neg,99.96
PLT-B-PHH-ALT-ctrl,neg,102.88
PLT-B-PHH-ALT-ctrl,neg,101.98
PLT-B-PHH-ALT-ctrl,neg,98.41
PLT-B-PHH-ALT-ctrl,neg,102.73
PLT-B-PHH-ALT-ctrl,neg,100.64
PLT-B-PHH-ALT-ctrl,neg,100.34
PLT-B-PHH-ALT-ctrl,pos,10.68
PLT-B-PHH-ALT-ctrl,pos,9.17
PLT-B-PHH-ALT-ctrl,pos,8.9
PLT-B-PHH-ALT-ctrl,pos,10.02
PLT-B-PHH-ALT-ctrl,pos,9.51
PLT-B-PHH-ALT-ctrl,pos,11.66
PLT-B-PHH-ALT-ctrl,pos,10.03
PLT-B-PHH-Cas-ctrl,neg,98.13
PLT-B-PHH-Cas-ctrl,neg,97.95
PLT-B-PHH-Cas-ctrl,neg,98.62
PLT-B-PHH-Cas-ctrl,neg,98.14
PLT-B-PHH-Cas-ctrl,neg,98.41
PLT-B-PHH-Cas-ctrl,neg,103.4
PLT-B-PHH-Cas-ctrl,neg,100.74
PLT-B-PHH-Cas-ctrl,neg,104.07
PLT-B-PHH-Cas-ctrl,pos,10.18
PLT-B-PHH-Cas-ctrl,pos,10.46
PLT-B-PHH-Cas-ctrl,pos,9.3
PLT-B-PHH-Cas-ctrl,pos,9.93
PLT-B-PHH-Cas-ctrl,pos,9.96
PLT-B-PHH-Cas-ctrl,pos,10.28
PLT-B-PBM-IFN-ctrl,neg,101.74
PLT-B-PBM-IFN-ctrl,neg,97.32
PLT-B-PBM-IFN-ctrl,neg,100.89
PLT-B-PBM-IFN-ctrl,neg,101.77
PLT-B-PBM-IFN-ctrl,neg,96.72
PLT-B-PBM-IFN-ctrl,neg,99.11
PLT-B-PBM-IFN-ctrl,neg,101.43
PLT-B-PBM-IFN-ctrl,pos,10.55
PLT-B-PBM-IFN-ctrl,pos,8.24
PLT-B-PBM-IFN-ctrl,pos,10.96
PLT-B-PBM-IFN-ctrl,pos,11.1
PLT-B-PBM-IFN-ctrl,pos,10.13
PLT-B-PBM-IFN-ctrl,pos,10.18
PLT-B-PBM-IFN-ctrl,pos,10.4
PLT-B-PBM-IL6-ctrl,neg,96.83
PLT-B-PBM-IL6-ctrl,neg,102.7
PLT-B-PBM-IL6-ctrl,neg,100.16
PLT-B-PBM-IL6-ctrl,neg,101.43
PLT-B-PBM-IL6-ctrl,neg,99.49
PLT-B-PBM-IL6-ctrl,neg,101.05
PLT-B-PBM-IL6-ctrl,neg,100.63
PLT-B-PBM-IL6-ctrl,neg,99.92
PLT-B-PBM-IL6-ctrl,pos,9.15
PLT-B-PBM-IL6-ctrl,pos,10.29
PLT-B-PBM-IL6-ctrl,pos,8.55
PLT-B-PBM-IL6-ctrl,pos,10.75
PLT-B-PBM-IL6-ctrl,pos,10.16
PLT-B-PBM-IL6-ctrl,pos,10.37
PLT-B-PBM-IL6-ctrl,pos,7.91
PLT-B-PBM-IL6-ctrl,pos,9.1
PLT-B-PBM-TNF-ctrl,neg,102.88
PLT-B-PBM-TNF-ctrl,neg,101.52
PLT-B-PBM-TNF-ctrl,neg,102.79
PLT-B-PBM-TNF-ctrl,neg,99.91
PLT-B-PBM-TNF-ctrl,neg,101.9
PLT-B-PBM-TNF-ctrl,neg,98.46
PLT-B-PBM-TNF-ctrl,neg,98.26
PLT-B-PBM-TNF-ctrl,neg,104.36
PLT-B-PBM-TNF-ctrl,pos,9.13
PLT-B-PBM-TNF-ctrl,pos,9.65
PLT-B-PBM-TNF-ctrl,pos,8.48
PLT-B-PBM-TNF-ctrl,pos,9.32
PLT-B-PBM-TNF-ctrl,pos,9.2
PLT-B-PBM-TNF-ctrl,pos,9.46
PLT-B-PBM-TNF-ctrl,pos,10.43
PLT-B-PBM-C3a-ctrl,neg,101.17
PLT-B-PBM-C3a-ctrl,neg,99.77
PLT-B-PBM-C3a-ctrl,neg,100.12
PLT-B-PBM-C3a-ctrl,neg,98.5
PLT-B-PBM-C3a-ctrl,neg,102.18
PLT-B-PBM-C3a-ctrl,neg,101.13
PLT-B-PBM-C3a-ctrl,neg,100.0
PLT-B-PBM-C3a-ctrl,pos,11.22
PLT-B-PBM-C3a-ctrl,pos,9.63
PLT-B-PBM-C3a-ctrl,pos,9.45
PLT-B-PBM-C3a-ctrl,pos,10.29
PLT-B-PBM-C3a-ctrl,pos,10.95
PLT-B-PBM-C3a-ctrl,pos,9.21
PLT-B-PBM-C3a-ctrl,pos,12.64
PLT-B-PBM-C5a-ctrl,neg,98.85
PLT-B-PBM-C5a-ctrl,neg,103.2
PLT-B-PBM-C5a-ctrl,neg,96.28
PLT-B-PBM-C5a-ctrl,neg,100.55
PLT-B-PBM-C5a-ctrl,neg,102.33
PLT-B-PBM-C5a-ctrl,neg,99.3
PLT-B-PBM-C5a-ctrl,neg,102.77
PLT-B-PBM-C5a-ctrl,pos,10.51
PLT-B-PBM-C5a-ctrl,pos,11.42
PLT-B-PBM-C5a-ctrl,pos,10.47
PLT-B-PBM-C5a-ctrl,pos,11.48
PLT-B-PBM-C5a-ctrl,pos,10.24
PLT-B-PBM-C5a-ctrl,pos,8.91
PLT-B-PBM-C5a-ctrl,pos,9.5
PLT-B-PBM-C5a-ctrl,pos,10.81
PLT-B-PBM-TLR-ctrl,neg,98.84
PLT-B-PBM-TLR-ctrl,neg,103.06
PLT-B-PBM-TLR-ctrl,neg,99.82
PLT-B-PBM-TLR-ctrl,neg,99.18
PLT-B-PBM-TLR-ctrl,neg,98.83
PLT-B-PBM-TLR-ctrl,neg,100.65
PLT-B-PBM-TLR-ctrl,pos,9.37
PLT-B-PBM-TLR-ctrl,pos,7.93
PLT-B-PBM-TLR-ctrl,pos,10.53
PLT-B-PBM-TLR-ctrl,pos,10.46
PLT-B-PBM-TLR-ctrl,pos,10.16
PLT-B-PBM-TLR-ctrl,pos,9.65
PLT-C-PHH-Cel-ctrl,neg,100.2
PLT-C-PHH-Cel-ctrl,neg,100.16
PLT-C-PHH-Cel-ctrl,neg,98.37
PLT-C-PHH-Cel-ctrl,neg,96.33
PLT-C-PHH-Cel-ctrl,neg,100.67
PLT-C-PHH-Cel-ctrl,neg,98.02
PLT-C-PHH-Cel-ctrl,pos,9.86
PLT-C-PHH-Cel-ctrl,pos,10.69
PLT-C-PHH-Cel-ctrl,pos,9.22
PLT-C-PHH-Cel-ctrl,pos,10.92
PLT-C-PHH-Cel-ctrl,pos,11.21
PLT-C-PHH-Cel-ctrl,pos,10.09
PLT-C-PHH-LDH-ctrl,neg,99.27
PLT-C-PHH-LDH-ctrl,neg,100.89
PLT-C-PHH-LDH-ctrl,neg,96.05
PLT-C-PHH-LDH-ctrl,neg,95.89
PLT-C-PHH-LDH-ctrl,neg,102.09
PLT-C-PHH-LDH-ctrl,neg,99.52
PLT-C-PHH-LDH-ctrl,neg,104.29
PLT-C-PHH-LDH-ctrl,pos,8.85
PLT-C-PHH-LDH-ctrl,pos,9.46
PLT-C-PHH-LDH-ctrl,pos,10.11
PLT-C-PHH-LDH-ctrl,pos,10.37
PLT-C-PHH-LDH-ctrl,pos,9.53
PLT-C-PHH-LDH-ctrl,pos,9.15
PLT-C-PHH-LDH-ctrl,pos,10.5
PLT-C-PHH-ALT-ctrl,neg,103.4
PLT-C-PHH-ALT-ctrl,neg,99.63
PLT-C-PHH-ALT-ctrl,neg,103.03
PLT-C-PHH-ALT-ctrl,neg,98.41
PLT-C-PHH-ALT-ctrl,neg,95.0
PLT-C-PHH-ALT-ctrl,neg,99.08
PLT-C-PHH-ALT-ctrl,neg,99.93
PLT-C-PHH-ALT-ctrl,pos,9.11
PLT-C-PHH-ALT-ctrl,pos,10.14
PLT-C-PHH-ALT-ctrl,pos,10.79
PLT-C-PHH-ALT-ctrl,pos,9.75
PLT-C-PHH-ALT-ctrl,pos,10.35
PLT-C-PHH-Cas-ctrl,neg,100.05
PLT-C-PHH-Cas-ctrl,neg,98.5
PLT-C-PHH-Cas-ctrl,neg,103.93
PLT-C-PHH-Cas-ctrl,neg,98.13
PLT-C-PHH-Cas-ctrl,neg,96.53
PLT-C-PHH-Cas-ctrl,neg,101.99
PLT-C-PHH-Cas-ctrl,neg,98.54
PLT-C-PHH-Cas-ctrl,neg,100.87
PLT-C-PHH-Cas-ctrl,pos,11.45
PLT-C-PHH-Cas-ctrl,pos,8.9
PLT-C-PHH-Cas-ctrl,pos,9.97
PLT-C-PHH-Cas-ctrl,pos,10.55
PLT-C-PHH-Cas-ctrl,pos,9.86
PLT-C-PHH-Cas-ctrl,pos,11.91
PLT-C-PBM-IFN-ctrl,neg,102.67
PLT-C-PBM-IFN-ctrl,neg,100.88
PLT-C-PBM-IFN-ctrl,neg,100.06
PLT-C-PBM-IFN-ctrl,neg,101.73
PLT-C-PBM-IFN-ctrl,neg,102.54
PLT-C-PBM-IFN-ctrl,neg,101.05
PLT-C-PBM-IFN-ctrl,neg,101.2
PLT-C-PBM-IFN-ctrl,neg,103.31
PLT-C-PBM-IFN-ctrl,pos,10.61
PLT-C-PBM-IFN-ctrl,pos,11.01
PLT-C-PBM-IFN-ctrl,pos,9.9
PLT-C-PBM-IFN-ctrl,pos,10.03
PLT-C-PBM-IFN-ctrl,pos,10.09
PLT-C-PBM-IFN-ctrl,pos,10.78
PLT-C-PBM-IFN-ctrl,pos,11.4
PLT-C-PBM-IL6-ctrl,neg,100.88
PLT-C-PBM-IL6-ctrl,neg,102.14
PLT-C-PBM-IL6-ctrl,neg,101.7
PLT-C-PBM-IL6-ctrl,neg,101.78
PLT-C-PBM-IL6-ctrl,neg,100.23
PLT-C-PBM-IL6-ctrl,neg,99.81
PLT-C-PBM-IL6-ctrl,neg,100.54
PLT-C-PBM-IL6-ctrl,neg,98.47
PLT-C-PBM-IL6-ctrl,pos,8.78
PLT-C-PBM-IL6-ctrl,pos,9.6
PLT-C-PBM-IL6-ctrl,pos,9.97
PLT-C-PBM-IL6-ctrl,pos,10.38
PLT-C-PBM-IL6-ctrl,pos,10.53
PLT-C-PBM-IL6-ctrl,pos,11.19
PLT-C-PBM-IL6-ctrl,pos,10.06
PLT-C-PBM-TNF-ctrl,neg,105.23
PLT-C-PBM-TNF-ctrl,neg,101.46
PLT-C-PBM-TNF-ctrl,neg,99.08
PLT-C-PBM-TNF-ctrl,neg,100.12
PLT-C-PBM-TNF-ctrl,neg,103.15
PLT-C-PBM-TNF-ctrl,neg,98.21
PLT-C-PBM-TNF-ctrl,neg,102.9
PLT-C-PBM-TNF-ctrl,pos,9.86
PLT-C-PBM-TNF-ctrl,pos,10.18
PLT-C-PBM-TNF-ctrl,pos,9.35
PLT-C-PBM-TNF-ctrl,pos,8.94
PLT-C-PBM-TNF-ctrl,pos,9.78
PLT-C-PBM-TNF-ctrl,pos,11.04
PLT-C-PBM-TNF-ctrl,pos,9.44
PLT-C-PBM-TNF-ctrl,pos,11.29
PLT-C-PBM-C3a-ctrl,neg,99.2
PLT-C-PBM-C3a-ctrl,neg,100.0
PLT-C-PBM-C3a-ctrl,neg,101.8
PLT-C-PBM-C3a-ctrl,neg,99.6
PLT-C-PBM-C3a-ctrl,neg,106.22
PLT-C-PBM-C3a-ctrl,neg,99.09
PLT-C-PBM-C3a-ctrl,neg,102.76
PLT-C-PBM-C3a-ctrl,neg,101.09
PLT-C-PBM-C3a-ctrl,pos,10.09
PLT-C-PBM-C3a-ctrl,pos,11.18
PLT-C-PBM-C3a-ctrl,pos,8.72
PLT-C-PBM-C3a-ctrl,pos,10.34
PLT-C-PBM-C3a-ctrl,pos,9.43
PLT-C-PBM-C3a-ctrl,pos,9.61
PLT-C-PBM-C3a-ctrl,pos,9.23
PLT-C-PBM-C5a-ctrl,neg,99.41
PLT-C-PBM-C5a-ctrl,neg,101.97
PLT-C-PBM-C5a-ctrl,neg,103.46
PLT-C-PBM-C5a-ctrl,neg,95.93
PLT-C-PBM-C5a-ctrl,neg,102.46
PLT-C-PBM-C5a-ctrl,neg,100.04
PLT-C-PBM-C5a-ctrl,neg,100.47
PLT-C-PBM-C5a-ctrl,neg,102.7
PLT-C-PBM-C5a-ctrl,pos,7.88
PLT-C-PBM-C5a-ctrl,pos,10.65
PLT-C-PBM-C5a-ctrl,pos,11.03
PLT-C-PBM-C5a-ctrl,pos,9.45
PLT-C-PBM-C5a-ctrl,pos,11.31
PLT-C-PBM-C5a-ctrl,pos,8.59
PLT-C-PBM-C5a-ctrl,pos,10.33
PLT-C-PBM-TLR-ctrl,neg,98.92
PLT-C-PBM-TLR-ctrl,neg,100.91
PLT-C-PBM-TLR-ctrl,neg,97.07
PLT-C-PBM-TLR-ctrl,neg,98.4
PLT-C-PBM-TLR-ctrl,neg,100.03
PLT-C-PBM-TLR-ctrl,neg,99.88
PLT-C-PBM-TLR-ctrl,neg,102.41
PLT-C-PBM-TLR-ctrl,pos,9.92
PLT-C-PBM-TLR-ctrl,pos,9.2
PLT-C-PBM-TLR-ctrl,pos,11.25
PLT-C-PBM-TLR-ctrl,pos,7.64
PLT-C-PBM-TLR-ctrl,pos,10.03
PLT-C-PBM-TLR-ctrl,pos,9.99
PLT-C-PBM-TLR-ctrl,pos,10.4
PLT-D-PHH-Cel-ctrl,neg,99.99
PLT-D-PHH-Cel-ctrl,neg,101.79
PLT-D-PHH-Cel-ctrl,neg,100.76
PLT-D-PHH-Cel-ctrl,neg,100.41
PLT-D-PHH-Cel-ctrl,neg,100.28
PLT-D-PHH-Cel-ctrl,neg,102.41
PLT-D-PHH-Cel-ctrl,neg,100.32
PLT-D-PHH-Cel-ctrl,pos,10.07
PLT-D-PHH-Cel-ctrl,pos,10.71
PLT-D-PHH-Cel-ctrl,pos,9.68
PLT-D-PHH-Cel-ctrl,pos,9.12
PLT-D-PHH-Cel-ctrl,pos,10.0
PLT-D-PHH-Cel-ctrl,pos,10.74
PLT-D-PHH-LDH-ctrl,neg,98.82
PLT-D-PHH-LDH-ctrl,neg,98.62
PLT-D-PHH-LDH-ctrl,neg,100.88
PLT-D-PHH-LDH-ctrl,neg,94.85
PLT-D-PHH-LDH-ctrl,neg,100.0
PLT-D-PHH-LDH-ctrl,neg,103.27
PLT-D-PHH-LDH-ctrl,neg,94.81
PLT-D-PHH-LDH-ctrl,neg,101.65
PLT-D-PHH-LDH-ctrl,pos,10.44
PLT-D-PHH-LDH-ctrl,pos,8.85
PLT-D-PHH-LDH-ctrl,pos,10.42
PLT-D-PHH-LDH-ctrl,pos,10.8
PLT-D-PHH-LDH-ctrl,pos,9.06
PLT-D-PHH-LDH-ctrl,pos,9.43
PLT-D-PHH-LDH-ctrl,pos,10.78
PLT-D-PHH-ALT-ctrl,neg,97.93
PLT-D-PHH-ALT-ctrl,neg,101.48
PLT-D-PHH-ALT-ctrl,neg,102.78
PLT-D-PHH-ALT-ctrl,neg,101.64
PLT-D-PHH-ALT-ctrl,neg,100.87
PLT-D-PHH-ALT-ctrl,neg,99.68
PLT-D-PHH-ALT-ctrl,neg,103.7
PLT-D-PHH-ALT-ctrl,neg,99.51
PLT-D-PHH-ALT-ctrl,pos,9.87
PLT-D-PHH-ALT-ctrl,pos,8.53
PLT-D-PHH-ALT-ctrl,pos,9.78
PLT-D-PHH-ALT-ctrl,pos,9.89
PLT-D-PHH-ALT-ctrl,pos,9.47
PLT-D-PHH-ALT-ctrl,pos,10.5
PLT-D-PHH-Cas-ctrl,neg,102.56
PLT-D-PHH-Cas-ctrl,neg,97.29
PLT-D-PHH-Cas-ctrl,neg,98.39
PLT-D-PHH-Cas-ctrl,neg,100.55
PLT-D-PHH-Cas-ctrl,neg,100.99
PLT-D-PHH-Cas-ctrl,neg,104.8
PLT-D-PHH-Cas-ctrl,neg,96.38
PLT-D-PHH-Cas-ctrl,neg,99.93
PLT-D-PHH-Cas-ctrl,pos,9.94
PLT-D-PHH-Cas-ctrl,pos,10.19
PLT-D-PHH-Cas-ctrl,pos,11.39
PLT-D-PHH-Cas-ctrl,pos,8.72
PLT-D-PHH-Cas-ctrl,pos,11.23
PLT-D-PHH-Cas-ctrl,pos,11.2
PLT-D-PHH-Cas-ctrl,pos,10.21
PLT-D-PBM-IFN-ctrl,neg,102.19
PLT-D-PBM-IFN-ctrl,neg,100.89
PLT-D-PBM-IFN-ctrl,neg,97.28
PLT-D-PBM-IFN-ctrl,neg,93.52
PLT-D-PBM-IFN-ctrl,neg,97.35
PLT-D-PBM-IFN-ctrl,neg,101.78
PLT-D-PBM-IFN-ctrl,neg,96.68
PLT-D-PBM-IFN-ctrl,pos,10.53
PLT-D-PBM-IFN-ctrl,pos,11.12
PLT-D-PBM-IFN-ctrl,pos,10.76
PLT-D-PBM-IFN-ctrl,pos,11.08
PLT-D-PBM-IFN-ctrl,pos,10.39
PLT-D-PBM-IFN-ctrl,pos,10.36
PLT-D-PBM-IFN-ctrl,pos,9.73
PLT-D-PBM-IL6-ctrl,neg,99.37
PLT-D-PBM-IL6-ctrl,neg,102.95
PLT-D-PBM-IL6-ctrl,neg,102.47
PLT-D-PBM-IL6-ctrl,neg,99.65
PLT-D-PBM-IL6-ctrl,neg,102.38
PLT-D-PBM-IL6-ctrl,neg,100.81
PLT-D-PBM-IL6-ctrl,neg,101.11
PLT-D-PBM-IL6-ctrl,pos,8.85
PLT-D-PBM-IL6-ctrl,pos,8.73
PLT-D-PBM-IL6-ctrl,pos,10.86
PLT-D-PBM-IL6-ctrl,pos,10.85
PLT-D-PBM-IL6-ctrl,pos,11.94
PLT-D-PBM-IL6-ctrl,pos,8.81
PLT-D-PBM-IL6-ctrl,pos,10.39
PLT-D-PBM-IL6-ctrl,pos,9.18
PLT-D-PBM-TNF-ctrl,neg,102.84
PLT-D-PBM-TNF-ctrl,neg,100.69
PLT-D-PBM-TNF-ctrl,neg,100.09
PLT-D-PBM-TNF-ctrl,neg,97.92
PLT-D-PBM-TNF-ctrl,neg,100.36
PLT-D-PBM-TNF-ctrl,neg,99.48
PLT-D-PBM-TNF-ctrl,neg,100.48
PLT-D-PBM-TNF-ctrl,neg,101.45
PLT-D-PBM-TNF-ctrl,pos,10.72
PLT-D-PBM-TNF-ctrl,pos,10.41
PLT-D-PBM-TNF-ctrl,pos,9.59
PLT-D-PBM-TNF-ctrl,pos,10.91
PLT-D-PBM-TNF-ctrl,pos,9.29
PLT-D-PBM-TNF-ctrl,pos,10.99
PLT-D-PBM-C3a-ctrl,neg,102.1
PLT-D-PBM-C3a-ctrl,neg,98.96
PLT-D-PBM-C3a-ctrl,neg,100.88
PLT-D-PBM-C3a-ctrl,neg,100.94
PLT-D-PBM-C3a-ctrl,neg,103.45
PLT-D-PBM-C3a-ctrl,neg,100.83
PLT-D-PBM-C3a-ctrl,neg,99.28
PLT-D-PBM-C3a-ctrl,pos,9.15
PLT-D-PBM-C3a-ctrl,pos,10.43
PLT-D-PBM-C3a-ctrl,pos,8.51
PLT-D-PBM-C3a-ctrl,pos,10.61
PLT-D-PBM-C5a-ctrl,neg,100.27
PLT-D-PBM-C5a-ctrl,neg,102.44
PLT-D-PBM-C5a-ctrl,neg,100.5
PLT-D-PBM-C5a-ctrl,neg,98.65
PLT-D-PBM-C5a-ctrl,neg,100.38
PLT-D-PBM-C5a-ctrl,neg,96.98
PLT-D-PBM-C5a-ctrl,neg,95.38
PLT-D-PBM-C5a-ctrl,neg,101.29
PLT-D-PBM-C5a-ctrl,pos,10.81
PLT-D-PBM-C5a-ctrl,pos,9.69
PLT-D-PBM-C5a-ctrl,pos,8.93
PLT-D-PBM-C5a-ctrl,pos,10.93
PLT-D-PBM-C5a-ctrl,pos,10.23
PLT-D-PBM-C5a-ctrl,pos,10.0
PLT-D-PBM-TLR-ctrl,neg,100.39
PLT-D-PBM-TLR-ctrl,neg,99.59
PLT-D-PBM-TLR-ctrl,neg,102.68
PLT-D-PBM-TLR-ctrl,neg,103.52
PLT-D-PBM-TLR-ctrl,neg,102.04
PLT-D-PBM-TLR-ctrl,neg,101.74
PLT-D-PBM-TLR-ctrl,neg,103.53
PLT-D-PBM-TLR-ctrl,pos,9.16
PLT-D-PBM-TLR-ctrl,pos,9.15
PLT-D-PBM-TLR-ctrl,pos,9.67
PLT-D-PBM-TLR-ctrl,pos,9.18
PLT-D-PBM-TLR-ctrl,pos,10.0
PLT-E-PHH-Cel-ctrl,neg,101.71
PLT-E-PHH-Cel-ctrl,neg,103.86
PLT-E-PHH-Cel-ctrl,neg,98.52
PLT-E-PHH-Cel-ctrl,neg,100.11
PLT-E-PHH-Cel-ctrl,neg,97.03
PLT-E-PHH-Cel-ctrl,neg,102.96
PLT-E-PHH-Cel-ctrl,neg,100.09
PLT-E-PHH-Cel-ctrl,pos,9.76
PLT-E-PHH-Cel-ctrl,pos,10.04
PLT-E-PHH-Cel-ctrl,pos,10.08
PLT-E-PHH-Cel-ctrl,pos,10.95
PLT-E-PHH-Cel-ctrl,pos,10.52
PLT-E-PHH-Cel-ctrl,pos,10.63
PLT-E-PHH-Cel-ctrl,pos,9.46
PLT-E-PHH-LDH-ctrl,neg,98.34
PLT-E-PHH-LDH-ctrl,neg,99.3
PLT-E-PHH-LDH-ctrl,neg,100.77
PLT-E-PHH-LDH-ctrl,neg,99.05
PLT-E-PHH-LDH-ctrl,neg,99.42
PLT-E-PHH-LDH-ctrl,neg,101.64
PLT-E-PHH-LDH-ctrl,neg,98.22
PLT-E-PHH-LDH-ctrl,neg,98.7
PLT-E-PHH-LDH-ctrl,pos,9.0
PLT-E-PHH-LDH-ctrl,pos,10.1
PLT-E-PHH-LDH-ctrl,pos,10.51
PLT-E-PHH-LDH-ctrl,pos,9.36
PLT-E-PHH-LDH-ctrl,pos,10.49
PLT-E-PHH-LDH-ctrl,pos,10.08
PLT-E-PHH-LDH-ctrl,pos,8.89
PLT-E-PHH-ALT-ctrl,neg,96.83
PLT-E-PHH-ALT-ctrl,neg,100.81
PLT-E-PHH-ALT-ctrl,neg,99.98
PLT-E-PHH-ALT-ctrl,neg,99.48
PLT-E-PHH-ALT-ctrl,neg,102.44
PLT-E-PHH-ALT-ctrl,neg,100.9
PLT-E-PHH-ALT-ctrl,neg,100.25
PLT-E-PHH-ALT-ctrl,neg,100.33
PLT-E-PHH-ALT-ctrl,pos,10.68
PLT-E-PHH-ALT-ctrl,pos,9.45
PLT-E-PHH-ALT-ctrl,pos,9.3
PLT-E-PHH-ALT-ctrl,pos,9.06
PLT-E-PHH-ALT-ctrl,pos,10.08
PLT-E-PHH-ALT-ctrl,pos,9.94
PLT-E-PHH-Cas-ctrl,neg,99.48
PLT-E-PHH-Cas-ctrl,neg,101.84
PLT-E-PHH-Cas-ctrl,neg,95.28
PLT-E-PHH-Cas-ctrl,neg,101.48
PLT-E-PHH-Cas-ctrl,neg,98.34
PLT-E-PHH-Cas-ctrl,neg,100.15
PLT-E-PHH-Cas-ctrl,neg,102.49
PLT-E-PHH-Cas-ctrl,neg,98.39
PLT-E-PHH-Cas-ctrl,pos,9.23
PLT-E-PHH-Cas-ctrl,pos,9.7
PLT-E-PHH-Cas-ctrl,pos,9.65
PLT-E-PHH-Cas-ctrl,pos,9.16
PLT-E-PHH-Cas-ctrl,pos,10.09
PLT-E-PHH-Cas-ctrl,pos,10.13
PLT-E-PHH-Cas-ctrl,pos,10.37
PLT-E-PBM-IFN-ctrl,neg,96.29
PLT-E-PBM-IFN-ctrl,neg,100.98
PLT-E-PBM-IFN-ctrl,neg,99.79
PLT-E-PBM-IFN-ctrl,neg,99.68
PLT-E-PBM-IFN-ctrl,neg,95.81
PLT-E-PBM-IFN-ctrl,neg,100.42
PLT-E-PBM-IFN-ctrl,neg,98.94
PLT-E-PBM-IFN-ctrl,pos,10.04
PLT-E-PBM-IFN-ctrl,pos,10.02
PLT-E-PBM-IFN-ctrl,pos,7.3
PLT-E-PBM-IFN-ctrl,pos,10.39
PLT-E-PBM-IFN-ctrl,pos,10.15
PLT-E-PBM-IL6-ctrl,neg,97.59
PLT-E-PBM-IL6-ctrl,neg,102.06
PLT-E-PBM-IL6-ctrl,neg,97.42
PLT-E-PBM-IL6-ctrl,neg,101.5
PLT-E-PBM-IL6-ctrl,neg,97.14
PLT-E-PBM-IL6-ctrl,neg,99.96
PLT-E-PBM-IL6-ctrl,neg,103.61
PLT-E-PBM-IL6-ctrl,neg,104.72
PLT-E-PBM-IL6-ctrl,pos,8.71
PLT-E-PBM-IL6-ctrl,pos,9.58
PLT-E-PBM-IL6-ctrl,pos,11.8
PLT-E-PBM-IL6-ctrl,pos,9.95
PLT-E-PBM-IL6-ctrl,pos,10.86
PLT-E-PBM-IL6-ctrl,pos,10.24
PLT-E-PBM-IL6-ctrl,pos,9.04
PLT-E-PBM-TNF-ctrl,neg,102.75
PLT-E-PBM-TNF-ctrl,neg,96.78
PLT-E-PBM-TNF-ctrl,neg,102.17
PLT-E-PBM-TNF-ctrl,neg,102.3
PLT-E-PBM-TNF-ctrl,neg,102.56
PLT-E-PBM-TNF-ctrl,neg,105.12
PLT-E-PBM-TNF-ctrl,neg,98.98
PLT-E-PBM-TNF-ctrl,pos,10.3
PLT-E-PBM-TNF-ctrl,pos,9.72
PLT-E-PBM-TNF-ctrl,pos,8.42
PLT-E-PBM-TNF-ctrl,pos,9.93
PLT-E-PBM-TNF-ctrl,pos,8.4
PLT-E-PBM-TNF-ctrl,pos,9.58
PLT-E-PBM-TNF-ctrl,pos,8.83
PLT-E-PBM-C3a-ctrl,neg,100.27
PLT-E-PBM-C3a-ctrl,neg,105.14
PLT-E-PBM-C3a-ctrl,neg,103.19
PLT-E-PBM-C3a-ctrl,neg,98.47
PLT-E-PBM-C3a-ctrl,neg,102.59
PLT-E-PBM-C3a-ctrl,neg,97.99
PLT-E-PBM-C3a-ctrl,neg,101.98
PLT-E-PBM-C3a-ctrl,pos,12.19
PLT-E-PBM-C3a-ctrl,pos,10.95
PLT-E-PBM-C3a-ctrl,pos,9.55
PLT-E-PBM-C3a-ctrl,pos,11.03
PLT-E-PBM-C5a-ctrl,neg,100.85
PLT-E-PBM-C5a-ctrl,neg,96.19
PLT-E-PBM-C5a-ctrl,neg,104.07
PLT-E-PBM-C5a-ctrl,neg,101.03
PLT-E-PBM-C5a-ctrl,neg,95.28
PLT-E-PBM-C5a-ctrl,neg,101.07
PLT-E-PBM-C5a-ctrl,neg,103.43
PLT-E-PBM-C5a-ctrl,pos,9.67
PLT-E-PBM-C5a-ctrl,pos,7.88
PLT-E-PBM-C5a-ctrl,pos,11.17
PLT-E-PBM-C5a-ctrl,pos,10.4
PLT-E-PBM-C5a-ctrl,pos,8.21
PLT-E-PBM-C5a-ctrl,pos,10.27
PLT-E-PBM-C5a-ctrl,pos,10.36
PLT-E-PBM-C5a-ctrl,pos,9.74
PLT-E-PBM-TLR-ctrl,neg,98.84
PLT-E-PBM-TLR-ctrl,neg,101.95
PLT-E-PBM-TLR-ctrl,neg,99.82
PLT-E-PBM-TLR-ctrl,neg,99.57
PLT-E-PBM-TLR-ctrl,neg,97.9
PLT-E-PBM-TLR-ctrl,neg,102.42
PLT-E-PBM-TLR-ctrl,pos,9.03
PLT-E-PBM-TLR-ctrl,pos,9.46
PLT-E-PBM-TLR-ctrl,pos,9.4
PLT-E-PBM-TLR-ctrl,pos,10.45
PLT-E-PBM-TLR-ctrl,pos,9.94
PLT-E-PBM-TLR-ctrl,pos,9.72
PLT-A-PHH-Cel-ctrl,neg,98.26
PLT-A-PHH-Cel-ctrl,neg,103.4
PLT-A-PHH-Cel-ctrl,neg,99.24
PLT-A-PHH-Cel-ctrl,neg,100.11
PLT-A-PHH-Cel-ctrl,neg,96.33
PLT-A-PHH-Cel-ctrl,neg,102.23
PLT-A-PHH-Cel-ctrl,neg,102.67
PLT-A-PHH-Cel-ctrl,pos,9.05
PLT-A-PHH-Cel-ctrl,pos,8.93
PLT-A-PHH-Cel-ctrl,pos,10.51
PLT-A-PHH-Cel-ctrl,pos,9.77
PLT-A-PHH-Cel-ctrl,pos,11.07
PLT-A-PHH-Cel-ctrl,pos,10.2
PLT-A-PHH-Cel-ctrl,pos,10.75
PLT-A-PHH-LDH-ctrl,neg,97.47
PLT-A-PHH-LDH-ctrl,neg,97.63
PLT-A-PHH-LDH-ctrl,neg,100.01
PLT-A-PHH-LDH-ctrl,neg,96.85
PLT-A-PHH-LDH-ctrl,neg,99.33
PLT-A-PHH-LDH-ctrl,neg,98.7
PLT-A-PHH-LDH-ctrl,neg,99.4
PLT-A-PHH-LDH-ctrl,neg,102.26
PLT-A-PHH-LDH-ctrl,pos,9.14
PLT-A-PHH-LDH-ctrl,pos,10.7
PLT-A-PHH-LDH-ctrl,pos,9.78
PLT-A-PHH-LDH-ctrl,pos,9.29
PLT-A-PHH-LDH-ctrl,pos,9.7
PLT-A-PHH-ALT-ctrl,neg,98.37
PLT-A-PHH-ALT-ctrl,neg,101.82
PLT-A-PHH-ALT-ctrl,neg,103.72
PLT-A-PHH-ALT-ctrl,neg,94.78
PLT-A-PHH-ALT-ctrl,neg,98.69
PLT-A-PHH-ALT-ctrl,neg,100.53
PLT-A-PHH-ALT-ctrl,neg,99.99
PLT-A-PHH-ALT-ctrl,neg,101.88
PLT-A-PHH-ALT-ctrl,pos,10.06
PLT-A-PHH-ALT-ctrl,pos,9.58
PLT-A-PHH-ALT-ctrl,pos,9.18
PLT-A-PHH-ALT-ctrl,pos,9.05
PLT-A-PHH-ALT-ctrl,pos,9.41
PLT-A-PHH-ALT-ctrl,pos,9.55
PLT-A-PHH-ALT-ctrl,pos,10.31
PLT-A-PHH-Cas-ctrl,neg,99.22
PLT-A-PHH-Cas-ctrl,neg,103.69
PLT-A-PHH-Cas-ctrl,neg,101.25
PLT-A-PHH-Cas-ctrl,neg,98.36
PLT-A-PHH-Cas-ctrl,neg,102.32
PLT-A-PHH-Cas-ctrl,neg,98.57
PLT-A-PHH-Cas-ctrl,neg,103.95
PLT-A-PHH-Cas-ctrl,pos,10.43
PLT-A-PHH-Cas-ctrl,pos,10.02
PLT-A-PHH-Cas-ctrl,pos,10.21
PLT-A-PHH-Cas-ctrl,pos,9.26
PLT-A-PHH-Cas-ctrl,pos,10.82
PLT-A-PHH-Cas-ctrl,pos,9.05
PLT-A-PBM-IFN-ctrl,neg,100.48
PLT-A-PBM-IFN-ctrl,neg,99.5
PLT-A-PBM-IFN-ctrl,neg,98.93
PLT-A-PBM-IFN-ctrl,neg,97.08
PLT-A-PBM-IFN-ctrl,neg,97.41
PLT-A-PBM-IFN-ctrl,neg,101.99
PLT-A-PBM-IFN-ctrl,neg,103.03
PLT-A-PBM-IFN-ctrl,pos,10.05
PLT-A-PBM-IFN-ctrl,pos,8.74
PLT-A-PBM-IFN-ctrl,pos,9.22
PLT-A-PBM-IFN-ctrl,pos,10.21
PLT-A-PBM-IFN-ctrl,pos,9.59
PLT-A-PBM-IFN-ctrl,pos,8.47
PLT-A-PBM-IFN-ctrl,pos,11.38
PLT-A-PBM-IL6-ctrl,neg,103.15
PLT-A-PBM-IL6-ctrl,neg,102.72
PLT-A-PBM-IL6-ctrl,neg,100.52
PLT-A-PBM-IL6-ctrl,neg,100.81
PLT-A-PBM-IL6-ctrl,neg,99.64
PLT-A-PBM-IL6-ctrl,neg,98.36
PLT-A-PBM-IL6-ctrl,neg,101.19
PLT-A-PBM-IL6-ctrl,neg,101.09
PLT-A-PBM-IL6-ctrl,pos,8.71
PLT-A-PBM-IL6-ctrl,pos,9.93
PLT-A-PBM-IL6-ctrl,pos,10.69
PLT-A-PBM-IL6-ctrl,pos,11.17
PLT-A-PBM-IL6-ctrl,pos,10.58
PLT-A-PBM-IL6-ctrl,pos,8.79
PLT-A-PBM-IL6-ctrl,pos,9.16
PLT-A-PBM-IL6-ctrl,pos,9.72
PLT-A-PBM-TNF-ctrl,neg,100.13
PLT-A-PBM-TNF-ctrl,neg,97.36
PLT-A-PBM-TNF-ctrl,neg,105.17
PLT-A-PBM-TNF-ctrl,neg,101.3
PLT-A-PBM-TNF-ctrl,neg,100.1
PLT-A-PBM-TNF-ctrl,neg,103.68
PLT-A-PBM-TNF-ctrl,neg,97.86
PLT-A-PBM-TNF-ctrl,neg,101.74
PLT-A-PBM-TNF-ctrl,pos,10.32
PLT-A-PBM-TNF-ctrl,pos,10.34
PLT-A-PBM-TNF-ctrl,pos,8.13
PLT-A-PBM-TNF-ctrl,pos,8.85
PLT-A-PBM-TNF-ctrl,pos,11.27
PLT-A-PBM-TNF-ctrl,pos,11.6
PLT-A-PBM-C3a-ctrl,neg,103.99
PLT-A-PBM-C3a-ctrl,neg,99.12
PLT-A-PBM-C3a-ctrl,neg,100.41
PLT-A-PBM-C3a-ctrl,neg,101.18
PLT-A-PBM-C3a-ctrl,neg,97.17
PLT-A-PBM-C3a-ctrl,neg,95.65
PLT-A-PBM-C3a-ctrl,neg,98.01
PLT-A-PBM-C3a-ctrl,pos,10.77
PLT-A-PBM-C3a-ctrl,pos,11.37
PLT-A-PBM-C3a-ctrl,pos,9.26
PLT-A-PBM-C3a-ctrl,pos,9.03
PLT-A-PBM-C3a-ctrl,pos,11.23
PLT-A-PBM-C3a-ctrl,pos,9.55
PLT-A-PBM-C3a-ctrl,pos,9.7
PLT-A-PBM-C3a-ctrl,pos,11.17
PLT-A-PBM-C5a-ctrl,neg,98.67
PLT-A-PBM-C5a-ctrl,neg,102.66
PLT-A-PBM-C5a-ctrl,neg,100.7
PLT-A-PBM-C5a-ctrl,neg,100.54
PLT-A-PBM-C5a-ctrl,neg,101.22
PLT-A-PBM-C5a-ctrl,neg,99.47
PLT-A-PBM-C5a-ctrl,neg,101.87
PLT-A-PBM-C5a-ctrl,pos,9.47
PLT-A-PBM-C5a-ctrl,pos,9.92
PLT-A-PBM-C5a-ctrl,pos,10.44
PLT-A-PBM-C5a-ctrl,pos,9.74
PLT-A-PBM-C5a-ctrl,pos,8.57
PLT-A-PBM-TLR-ctrl,neg,97.66
PLT-A-PBM-TLR-ctrl,neg,101.51
PLT-A-PBM-TLR-ctrl,neg,97.41
PLT-A-PBM-TLR-ctrl,neg,97.75
PLT-A-PBM-TLR-ctrl,neg,102.27
PLT-A-PBM-TLR-ctrl,neg,99.56
PLT-A-PBM-TLR-ctrl,neg,99.4
PLT-A-PBM-TLR-ctrl,neg,102.74
PLT-A-PBM-TLR-ctrl,pos,9.15
PLT-A-PBM-TLR-ctrl,pos,11.3
PLT-A-PBM-TLR-ctrl,pos,10.19
PLT-A-PBM-TLR-ctrl,pos,9.75
PLT-A-PBM-TLR-ctrl,pos,9.91
PLT-A-PBM-TLR-ctrl,pos,9.44
PLT-B-PHH-Cel-ctrl,neg,99.94
PLT-B-PHH-Cel-ctrl,neg,100.05
PLT-B-PHH-Cel-ctrl,neg,99.92
PLT-B-PHH-Cel-ctrl,neg,102.14
PLT-B-PHH-Cel-ctrl,neg,104.38
PLT-B-PHH-Cel-ctrl,neg,99.78
PLT-B-PHH-Cel-ctrl,neg,100.94
PLT-B-PHH-Cel-ctrl,neg,98.4
PLT-B-PHH-Cel-ctrl,pos,10.83
PLT-B-PHH-Cel-ctrl,pos,9.59
PLT-B-PHH-Cel-ctrl,pos,12.52
PLT-B-PHH-Cel-ctrl,pos,8.66
PLT-B-PHH-Cel-ctrl,pos,11.72
PLT-B-PHH-Cel-ctrl,pos,10.79
PLT-B-PHH-Cel-ctrl,pos,9.1
PLT-B-PHH-Cel-ctrl,pos,11.86
PLT-B-PHH-LDH-ctrl,neg,100.88
PLT-B-PHH-LDH-ctrl,neg,98.87
PLT-B-PHH-LDH-ctrl,neg,97.92
PLT-B-PHH-LDH-ctrl,neg,101.14
PLT-B-PHH-LDH-ctrl,neg,98.56
PLT-B-PHH-LDH-ctrl,neg,100.42
PLT-B-PHH-LDH-ctrl,neg,101.25
PLT-B-PHH-LDH-ctrl,neg,103.81
PLT-B-PHH-LDH-ctrl,pos,8.99
PLT-B-PHH-LDH-ctrl,pos,9.88
PLT-B-PHH-LDH-ctrl,pos,9.91
PLT-B-PHH-LDH-ctrl,pos,12.06
PLT-B-PHH-LDH-ctrl,pos,7.98
PLT-B-PHH-ALT-ctrl,neg,103.67
PLT-B-PHH-ALT-ctrl,neg,99.12
PLT-B-PHH-ALT-ctrl,neg,97.73
PLT-B-PHH-ALT-ctrl,neg,102.72
PLT-B-PHH-ALT-ctrl,neg,101.0
PLT-B-PHH-ALT-ctrl,neg,101.75
PLT-B-PHH-ALT-ctrl,neg,98.71
PLT-B-PHH-ALT-ctrl,neg,100.54
PLT-B-PHH-ALT-ctrl,pos,9.16
PLT-B-PHH-ALT-ctrl,pos,10.0
PLT-B-PHH-ALT-ctrl,pos,11.87
PLT-B-PHH-ALT-ctrl,pos,10.44
PLT-B-PHH-ALT-ctrl,pos,8.28
PLT-B-PHH-Cas-ctrl,neg,99.55
PLT-B-PHH-Cas-ctrl,neg,101.76
PLT-B-PHH-Cas-ctrl,neg,103.61
PLT-B-PHH-Cas-ctrl,neg,102.05
PLT-B-PHH-Cas-ctrl,neg,100.02
PLT-B-PHH-Cas-ctrl,neg,98.2
PLT-B-PHH-Cas-ctrl,neg,101.34
PLT-B-PHH-Cas-ctrl,neg,103.33
PLT-B-PHH-Cas-ctrl,pos,10.8
PLT-B-PHH-Cas-ctrl,pos,10.17
PLT-B-PHH-Cas-ctrl,pos,9.61
PLT-B-PBM-IFN-ctrl,neg,98.04
PLT-B-PBM-IFN-ctrl,neg,97.15
PLT-B-PBM-IFN-ctrl,neg,100.78
PLT-B-PBM-IFN-ctrl,neg,101.86
PLT-B-PBM-IFN-ctrl,neg,99.89
PLT-B-PBM-IFN-ctrl,neg,99.07
PLT-B-PBM-IFN-ctrl,neg,96.14
PLT-B-PBM-IFN-ctrl,neg,100.25
PLT-B-PBM-IFN-ctrl,pos,9.45
PLT-B-PBM-IFN-ctrl,pos,9.49
PLT-B-PBM-IFN-ctrl,pos,11.29
PLT-B-PBM-IFN-ctrl,pos,8.56
PLT-B-PBM-IFN-ctrl,pos,8.67
PLT-B-PBM-IFN-ctrl,pos,10.19
PLT-B-PBM-IFN-ctrl,pos,9.69
PLT-B-PBM-IL6-ctrl,neg,102.98
PLT-B-PBM-IL6-ctrl,neg,97.92
PLT-B-PBM-IL6-ctrl,neg,100.56
PLT-B-PBM-IL6-ctrl,neg,96.86
PLT-B-PBM-IL6-ctrl,neg,102.45
PLT-B-PBM-IL6-ctrl,neg,99.78
PLT-B-PBM-IL6-ctrl,neg,97.01
PLT-B-PBM-IL6-ctrl,neg,97.45
PLT-B-PBM-IL6-ctrl,pos,10.65
PLT-B-PBM-IL6-ctrl,pos,8.67
PLT-B-PBM-IL6-ctrl,pos,10.22
PLT-B-PBM-IL6-ctrl,pos,9.66
PLT-B-PBM-IL6-ctrl,pos,9.46
PLT-B-PBM-IL6-ctrl,pos,9.24
PLT-B-PBM-IL6-ctrl,pos,9.61
PLT-B-PBM-TNF-ctrl,neg,97.37
PLT-B-PBM-TNF-ctrl,neg,99.86
PLT-B-PBM-TNF-ctrl,neg,99.54
PLT-B-PBM-TNF-ctrl,neg,99.21
PLT-B-PBM-TNF-ctrl,neg,96.92
PLT-B-PBM-TNF-ctrl,neg,97.87
PLT-B-PBM-TNF-ctrl,neg,100.54
PLT-B-PBM-TNF-ctrl,pos,11.14
PLT-B-PBM-TNF-ctrl,pos,11.9
PLT-B-PBM-TNF-ctrl,pos,8.8
PLT-B-PBM-TNF-ctrl,pos,10.32
PLT-B-PBM-TNF-ctrl,pos,8.33
PLT-B-PBM-C3a-ctrl,neg,99.04
PLT-B-PBM-C3a-ctrl,neg,99.11
PLT-B-PBM-C3a-ctrl,neg,100.27
PLT-B-PBM-C3a-ctrl,neg,98.04
PLT-B-PBM-C3a-ctrl,neg,100.87
PLT-B-PBM-C3a-ctrl,neg,95.69
PLT-B-PBM-C3a-ctrl,neg,99.86
PLT-B-PBM-C3a-ctrl,neg,100.72
PLT-B-PBM-C3a-ctrl,pos,9.87
PLT-B-PBM-C3a-ctrl,pos,9.47
PLT-B-PBM-C3a-ctrl,pos,9.85
PLT-B-PBM-C3a-ctrl,pos,10.99
PLT-B-PBM-C3a-ctrl,pos,9.52
PLT-B-PBM-C3a-ctrl,pos,10.78
PLT-B-PBM-C3a-ctrl,pos,10.91
PLT-B-PBM-C5a-ctrl,neg,99.24
PLT-B-PBM-C5a-ctrl,neg,100.71
PLT-B-PBM-C5a-ctrl,neg,100.54
PLT-B-PBM-C5a-ctrl,neg,96.16
PLT-B-PBM-C5a-ctrl,neg,100.74
PLT-B-PBM-C5a-ctrl,neg,99.39
PLT-B-PBM-C5a-ctrl,neg,99.17
PLT-B-PBM-C5a-ctrl,neg,97.75
PLT-B-PBM-C5a-ctrl,pos,9.58
PLT-B-PBM-C5a-ctrl,pos,11.02
PLT-B-PBM-C5a-ctrl,pos,8.6
PLT-B-PBM-C5a-ctrl,pos,9.23
PLT-B-PBM-C5a-ctrl,pos,9.17
PLT-B-PBM-C5a-ctrl,pos,10.21
PLT-B-PBM-C5a-ctrl,pos,10.94
PLT-B-PBM-TLR-ctrl,neg,101.32
PLT-B-PBM-TLR-ctrl,neg,98.65
PLT-B-PBM-TLR-ctrl,neg,103.09
PLT-B-PBM-TLR-ctrl,neg,98.66
PLT-B-PBM-TLR-ctrl,neg,97.98
PLT-B-PBM-TLR-ctrl,neg,97.79
PLT-B-PBM-TLR-ctrl,neg,98.45
PLT-B-PBM-TLR-ctrl,neg,97.66
PLT-B-PBM-TLR-ctrl,pos,10.6
PLT-B-PBM-TLR-ctrl,pos,9.2
PLT-B-PBM-TLR-ctrl,pos,9.89
PLT-B-PBM-TLR-ctrl,pos,9.18
PLT-B-PBM-TLR-ctrl,pos,9.06
PLT-B-PBM-TLR-ctrl,pos,10.89
PLT-B-PBM-TLR-ctrl,pos,11.28
PLT-B-PBM-TLR-ctrl,pos,11.02
PLT-C-PHH-Cel-ctrl,neg,98.21
PLT-C-PHH-Cel-ctrl,neg,99.9
PLT-C-PHH-Cel-ctrl,neg,98.4
PLT-C-PHH-Cel-ctrl,neg,101.62
PLT-C-PHH-Cel-ctrl,neg,99.84
PLT-C-PHH-Cel-ctrl,neg,96.55
PLT-C-PHH-Cel-ctrl,neg,100.35
PLT-C-PHH-Cel-ctrl,pos,10.33
PLT-C-PHH-Cel-ctrl,pos,11.29
PLT-C-PHH-Cel-ctrl,pos,10.74
PLT-C-PHH-Cel-ctrl,pos,9.28
PLT-C-PHH-Cel-ctrl,pos,8.89
PLT-C-PHH-Cel-ctrl,pos,10.6
PLT-C-PHH-LDH-ctrl,neg,101.33
PLT-C-PHH-LDH-ctrl,neg,98.75
PLT-C-PHH-LDH-ctrl,neg,97.5
PLT-C-PHH-LDH-ctrl,neg,100.27
PLT-C-PHH-LDH-ctrl,neg,99.35
PLT-C-PHH-LDH-ctrl,neg,97.92
PLT-C-PHH-LDH-ctrl,neg,101.25
PLT-C-PHH-LDH-ctrl,pos,8.42
PLT-C-PHH-LDH-ctrl,pos,9.05
PLT-C-PHH-LDH-ctrl,pos,9.6
PLT-C-PHH-LDH-ctrl,pos,11.04
PLT-C-PHH-LDH-ctrl,pos,10.6
PLT-C-PHH-LDH-ctrl,pos,10.08
PLT-C-PHH-LDH-ctrl,pos,10.05
PLT-C-PHH-ALT-ctrl,neg,101.17
PLT-C-PHH-ALT-ctrl,neg,96.1
PLT-C-PHH-ALT-ctrl,neg,95.32
PLT-C-PHH-ALT-ctrl,neg,101.39
PLT-C-PHH-ALT-ctrl,neg,98.93
PLT-C-PHH-ALT-ctrl,neg,103.15
PLT-C-PHH-ALT-ctrl,neg,97.97
PLT-C-PHH-ALT-ctrl,pos,8.66
PLT-C-PHH-ALT-ctrl,pos,9.78
PLT-C-PHH-ALT-ctrl,pos,9.45
PLT-C-PHH-ALT-ctrl,pos,9.98
PLT-C-PHH-ALT-ctrl,pos,10.43
PLT-C-PHH-ALT-ctrl,pos,10.26
PLT-C-PHH-ALT-ctrl,pos,10.04
PLT-C-PHH-ALT-ctrl,pos,10.85
PLT-C-PHH-Cas-ctrl,neg,100.43
PLT-C-PHH-Cas-ctrl,neg,98.18
PLT-C-PHH-Cas-ctrl,neg,96.71
PLT-C-PHH-Cas-ctrl,neg,99.16
PLT-C-PHH-Cas-ctrl,neg,100.56
PLT-C-PHH-Cas-ctrl,neg,100.83
PLT-C-PHH-Cas-ctrl,neg,99.88
PLT-C-PHH-Cas-ctrl,pos,9.57
PLT-C-PHH-Cas-ctrl,pos,10.51
PLT-C-PHH-Cas-ctrl,pos,9.94
PLT-C-PHH-Cas-ctrl,pos,10.83
PLT-C-PHH-Cas-ctrl,pos,10.63
PLT-C-PHH-Cas-ctrl,pos,9.74
PLT-C-PBM-IFN-ctrl,neg,96.9
PLT-C-PBM-IFN-ctrl,neg,103.8
PLT-C-PBM-IFN-ctrl,neg,98.81
PLT-C-PBM-IFN-ctrl,neg,98.57
PLT-C-PBM-IFN-ctrl,neg,95.52
PLT-C-PBM-IFN-ctrl,neg,100.2
PLT-C-PBM-IFN-ctrl,neg,101.16
PLT-C-PBM-IFN-ctrl,pos,10.46
PLT-C-PBM-IFN-ctrl,pos,9.17
PLT-C-PBM-IFN-ctrl,pos,9.99
PLT-C-PBM-IFN-ctrl,pos,10.04
PLT-C-PBM-IFN-ctrl,pos,9.12
PLT-C-PBM-IFN-ctrl,pos,9.35
PLT-C-PBM-IL6-ctrl,neg,103.88
PLT-C-PBM-IL6-ctrl,neg,95.42
PLT-C-PBM-IL6-ctrl,neg,100.94
PLT-C-PBM-IL6-ctrl,neg,96.93
PLT-C-PBM-IL6-ctrl,neg,99.95
PLT-C-PBM-IL6-ctrl,neg,100.16
PLT-C-PBM-IL6-ctrl,neg,101.49
PLT-C-PBM-IL6-ctrl,neg,100.42
PLT-C-PBM-IL6-ctrl,pos,11.1
PLT-C-PBM-IL6-ctrl,pos,10.93
PLT-C-PBM-IL6-ctrl,pos,9.84
PLT-C-PBM-IL6-ctrl,pos,10.88
PLT-C-PBM-IL6-ctrl,pos,9.61
PLT-C-PBM-IL6-ctrl,pos,9.04
PLT-C-PBM-IL6-ctrl,pos,11.05
PLT-C-PBM-TNF-ctrl,neg,101.16
PLT-C-PBM-TNF-ctrl,neg,97.27
PLT-C-PBM-TNF-ctrl,neg,97.02
PLT-C-PBM-TNF-ctrl,neg,99.47
PLT-C-PBM-TNF-ctrl,neg,100.25
PLT-C-PBM-TNF-ctrl,neg,101.98
PLT-C-PBM-TNF-ctrl,neg,103.46
PLT-C-PBM-TNF-ctrl,neg,103.57
PLT-C-PBM-TNF-ctrl,pos,9.65
PLT-C-PBM-TNF-ctrl,pos,10.75
PLT-C-PBM-TNF-ctrl,pos,9.13
PLT-C-PBM-TNF-ctrl,pos,8.49
PLT-C-PBM-TNF-ctrl,pos,10.12
PLT-C-PBM-TNF-ctrl,pos,8.8
PLT-C-PBM-TNF-ctrl,pos,9.32
PLT-C-PBM-C3a-ctrl,neg,102.27
PLT-C-PBM-C3a-ctrl,neg,100.7
PLT-C-PBM-C3a-ctrl,neg,98.58
PLT-C-PBM-C3a-ctrl,neg,98.9
PLT-C-PBM-C3a-ctrl,neg,96.39
PLT-C-PBM-C3a-ctrl,neg,99.26
PLT-C-PBM-C3a-ctrl,neg,101.32
PLT-C-PBM-C3a-ctrl,neg,101.27
PLT-C-PBM-C3a-ctrl,pos,10.49
PLT-C-PBM-C3a-ctrl,pos,9.59
PLT-C-PBM-C3a-ctrl,pos,10.44
PLT-C-PBM-C3a-ctrl,pos,10.66
PLT-C-PBM-C3a-ctrl,pos,8.22
PLT-C-PBM-C3a-ctrl,pos,10.24
PLT-C-PBM-C3a-ctrl,pos,11.66
PLT-C-PBM-C3a-ctrl,pos,9.77
PLT-C-PBM-C5a-ctrl,neg,99.92
PLT-C-PBM-C5a-ctrl,neg,98.04
PLT-C-PBM-C5a-ctrl,neg,103.04
PLT-C-PBM-C5a-ctrl,neg,99.89
PLT-C-PBM-C5a-ctrl,neg,99.42
PLT-C-PBM-C5a-ctrl,neg,101.11
PLT-C-PBM-C5a-ctrl,pos,9.4
PLT-C-PBM-C5a-ctrl,pos,9.47
PLT-C-PBM-C5a-ctrl,pos,9.1
PLT-C-PBM-C5a-ctrl,pos,10.78
PLT-C-PBM-C5a-ctrl,pos,10.54
PLT-C-PBM-C5a-ctrl,pos,9.34
PLT-C-PBM-TLR-ctrl,neg,97.45
PLT-C-PBM-TLR-ctrl,neg,101.67
PLT-C-PBM-TLR-ctrl,neg,105.51
PLT-C-PBM-TLR-ctrl,neg,97.59
PLT-C-PBM-TLR-ctrl,neg,102.48
PLT-C-PBM-TLR-ctrl,neg,97.74
PLT-C-PBM-TLR-ctrl,neg,99.27
PLT-C-PBM-TLR-ctrl,pos,7.89
PLT-C-PBM-TLR-ctrl,pos,9.76
PLT-C-PBM-TLR-ctrl,pos,8.98
PLT-C-PBM-TLR-ctrl,pos,11.01
PLT-C-PBM-TLR-ctrl,pos,9.22
PLT-C-PBM-TLR-ctrl,pos,10.62
PLT-C-PBM-TLR-ctrl,pos,10.1
PLT-D-PHH-Cel-ctrl,neg,96.53
PLT-D-PHH-Cel-ctrl,neg,96.97
PLT-D-PHH-Cel-ctrl,neg,98.26
PLT-D-PHH-Cel-ctrl,neg,98.4
PLT-D-PHH-Cel-ctrl,neg,102.03
PLT-D-PHH-Cel-ctrl,neg,98.89
PLT-D-PHH-Cel-ctrl,neg,99.13
PLT-D-PHH-Cel-ctrl,pos,9.8
PLT-D-PHH-Cel-ctrl,pos,10.55
PLT-D-PHH-Cel-ctrl,pos,9.03
PLT-D-PHH-Cel-ctrl,pos,10.93
PLT-D-PHH-Cel-ctrl,pos,11.71
PLT-D-PHH-Cel-ctrl,pos,8.91
PLT-D-PHH-LDH-ctrl,neg,100.75
PLT-D-PHH-LDH-ctrl,neg,100.79
PLT-D-PHH-LDH-ctrl,neg,99.93
PLT-D-PHH-LDH-ctrl,neg,99.55
PLT-D-PHH-LDH-ctrl,neg,97.1
PLT-D-PHH-LDH-ctrl,neg,97.48
PLT-D-PHH-LDH-ctrl,neg,100.36
PLT-D-PHH-LDH-ctrl,neg,100.11
PLT-D-PHH-LDH-ctrl,pos,10.75
PLT-D-PHH-LDH-ctrl,pos,10.07
PLT-D-PHH-LDH-ctrl,pos,9.72
PLT-D-PHH-LDH-ctrl,pos,9.83
PLT-D-PHH-LDH-ctrl,pos,10.2
PLT-D-PHH-LDH-ctrl,pos,9.7
PLT-D-PHH-LDH-ctrl,pos,10.85
PLT-D-PHH-ALT-ctrl,neg,101.52
PLT-D-PHH-ALT-ctrl,neg,101.44
PLT-D-PHH-ALT-ctrl,neg,98.62
PLT-D-PHH-ALT-ctrl,neg,97.48
PLT-D-PHH-ALT-ctrl,neg,97.99
PLT-D-PHH-ALT-ctrl,neg,101.38
PLT-D-PHH-ALT-ctrl,neg,102.84
PLT-D-PHH-ALT-ctrl,pos,10.59
PLT-D-PHH-ALT-ctrl,pos,11.34
PLT-D-PHH-ALT-ctrl,pos,9.65
PLT-D-PHH-ALT-ctrl,pos,9.08
PLT-D-PHH-ALT-ctrl,pos,11.03
PLT-D-PHH-ALT-ctrl,pos,9.32
PLT-D-PHH-Cas-ctrl,neg,101.61
PLT-D-PHH-Cas-ctrl,neg,100.59
PLT-D-PHH-Cas-ctrl,neg,101.14
PLT-D-PHH-Cas-ctrl,neg,95.77
PLT-D-PHH-Cas-ctrl,neg,100.63
PLT-D-PHH-Cas-ctrl,neg,99.92
PLT-D-PHH-Cas-ctrl,pos,9.43
PLT-D-PHH-Cas-ctrl,pos,9.14
PLT-D-PHH-Cas-ctrl,pos,9.4
PLT-D-PHH-Cas-ctrl,pos,8.84
PLT-D-PHH-Cas-ctrl,pos,9.08
PLT-D-PHH-Cas-ctrl,pos,9.19
PLT-D-PHH-Cas-ctrl,pos,8.85
PLT-D-PHH-Cas-ctrl,pos,10.42
PLT-D-PBM-IFN-ctrl,neg,97.77
PLT-D-PBM-IFN-ctrl,neg,103.09
PLT-D-PBM-IFN-ctrl,neg,105.78
PLT-D-PBM-IFN-ctrl,neg,99.78
PLT-D-PBM-IFN-ctrl,neg,102.49
PLT-D-PBM-IFN-ctrl,neg,96.66
PLT-D-PBM-IFN-ctrl,neg,96.57
PLT-D-PBM-IFN-ctrl,neg,98.41
PLT-D-PBM-IFN-ctrl,pos,9.85
PLT-D-PBM-IFN-ctrl,pos,8.97
PLT-D-PBM-IFN-ctrl,pos,9.9
PLT-D-PBM-IFN-ctrl,pos,9.49
PLT-D-PBM-IFN-ctrl,pos,9.26
PLT-D-PBM-IFN-ctrl,pos,9.19
PLT-D-PBM-IL6-ctrl,neg,99.4
PLT-D-PBM-IL6-ctrl,neg,101.52
PLT-D-PBM-IL6-ctrl,neg,99.49
PLT-D-PBM-IL6-ctrl,neg,99.34
PLT-D-PBM-IL6-ctrl,neg,100.79
PLT-D-PBM-IL6-ctrl,neg,100.06
PLT-D-PBM-IL6-ctrl,neg,99.12
PLT-D-PBM-IL6-ctrl,neg,98.0
PLT-D-PBM-IL6-ctrl,pos,10.76
PLT-D-PBM-IL6-ctrl,pos,10.84
PLT-D-PBM-IL6-ctrl,pos,9.15
PLT-D-PBM-IL6-ctrl,pos,9.68
PLT-D-PBM-IL6-ctrl,pos,10.53
PLT-D-PBM-IL6-ctrl,pos,9.09
PLT-D-PBM-IL6-ctrl,pos,10.29
PLT-D-PBM-TNF-ctrl,neg,101.21
PLT-D-PBM-TNF-ctrl,neg,102.68
PLT-D-PBM-TNF-ctrl,neg,100.44
PLT-D-PBM-TNF-ctrl,neg,101.61
PLT-D-PBM-TNF-ctrl,neg,99.08
PLT-D-PBM-TNF-ctrl,neg,100.66
PLT-D-PBM-TNF-ctrl,neg,102.45
PLT-D-PBM-TNF-ctrl,neg,99.37
PLT-D-PBM-TNF-ctrl,pos,10.95
PLT-D-PBM-TNF-ctrl,pos,8.69
PLT-D-PBM-TNF-ctrl,pos,9.51
PLT-D-PBM-TNF-ctrl,pos,11.52
PLT-D-PBM-TNF-ctrl,pos,10.01
PLT-D-PBM-TNF-ctrl,pos,9.17
PLT-D-PBM-TNF-ctrl,pos,11.5
PLT-D-PBM-C3a-ctrl,neg,98.58
PLT-D-PBM-C3a-ctrl,neg,96.83
PLT-D-PBM-C3a-ctrl,neg,101.37
PLT-D-PBM-C3a-ctrl,neg,101.5
PLT-D-PBM-C3a-ctrl,neg,100.23
PLT-D-PBM-C3a-ctrl,neg,97.25
PLT-D-PBM-C3a-ctrl,neg,99.27
PLT-D-PBM-C3a-ctrl,neg,102.76
PLT-D-PBM-C3a-ctrl,pos,10.49
PLT-D-PBM-C3a-ctrl,pos,10.63
PLT-D-PBM-C3a-ctrl,pos,12.65
PLT-D-PBM-C3a-ctrl,pos,8.27
PLT-D-PBM-C3a-ctrl,pos,9.12
PLT-D-PBM-C3a-ctrl,pos,10.24
PLT-D-PBM-C3a-ctrl,pos,10.01
PLT-D-PBM-C5a-ctrl,neg,104.66
PLT-D-PBM-C5a-ctrl,neg,100.42
PLT-D-PBM-C5a-ctrl,neg,99.37
PLT-D-PBM-C5a-ctrl,neg,99.25
PLT-D-PBM-C5a-ctrl,neg,98.07
PLT-D-PBM-C5a-ctrl,neg,100.9
PLT-D-PBM-C5a-ctrl,neg,99.01
PLT-D-PBM-C5a-ctrl,pos,9.25
PLT-D-PBM-C5a-ctrl,pos,10.35
PLT-D-PBM-C5a-ctrl,pos,9.9
PLT-D-PBM-C5a-ctrl,pos,8.46
PLT-D-PBM-C5a-ctrl,pos,9.99
PLT-D-PBM-C5a-ctrl,pos,10.95
PLT-D-PBM-TLR-ctrl,neg,98.18
PLT-D-PBM-TLR-ctrl,neg,97.85
PLT-D-PBM-TLR-ctrl,neg,101.09
PLT-D-PBM-TLR-ctrl,neg,99.26
PLT-D-PBM-TLR-ctrl,neg,100.91
PLT-D-PBM-TLR-ctrl,neg,103.1
PLT-D-PBM-TLR-ctrl,neg,99.09
PLT-D-PBM-TLR-ctrl,neg,98.8
PLT-D-PBM-TLR-ctrl,pos,9.74
PLT-D-PBM-TLR-ctrl,pos,10.49
PLT-D-PBM-TLR-ctrl,pos,9.98
PLT-D-PBM-TLR-ctrl,pos,11.66
PLT-D-PBM-TLR-ctrl,pos,10.34
PLT-D-PBM-TLR-ctrl,pos,10.62
PLT-D-PBM-TLR-ctrl,pos,9.97
PLT-E-PHH-Cel-ctrl,neg,99.44
PLT-E-PHH-Cel-ctrl,neg,97.28
PLT-E-PHH-Cel-ctrl,neg,95.8
PLT-E-PHH-Cel-ctrl,neg,99.57
PLT-E-PHH-Cel-ctrl,neg,98.6
PLT-E-PHH-Cel-ctrl,neg,100.47
PLT-E-PHH-Cel-ctrl,neg,99.1
PLT-E-PHH-Cel-ctrl,neg,101.91
PLT-E-PHH-Cel-ctrl,pos,9.89
PLT-E-PHH-Cel-ctrl,pos,9.66
PLT-E-PHH-Cel-ctrl,pos,10.78
PLT-E-PHH-Cel-ctrl,pos,10.18
PLT-E-PHH-Cel-ctrl,pos,10.62
PLT-E-PHH-Cel-ctrl,pos,10.92
PLT-E-PHH-LDH-ctrl,neg,101.93
PLT-E-PHH-LDH-ctrl,neg,99.85
PLT-E-PHH-LDH-ctrl,neg,100.97
PLT-E-PHH-LDH-ctrl,neg,103.57
PLT-E-PHH-LDH-ctrl,neg,101.78
PLT-E-PHH-LDH-ctrl,neg,100.63
PLT-E-PHH-LDH-ctrl,pos,10.16
PLT-E-PHH-LDH-ctrl,pos,11.06
PLT-E-PHH-LDH-ctrl,pos,10.18
PLT-E-PHH-LDH-ctrl,pos,8.79
PLT-E-PHH-LDH-ctrl,pos,10.99
PLT-E-PHH-LDH-ctrl,pos,10.66
PLT-E-PHH-ALT-ctrl,neg,101.26
PLT-E-PHH-ALT-ctrl,neg,101.19
PLT-E-PHH-ALT-ctrl,neg,101.12
PLT-E-PHH-ALT-ctrl,neg,100.57
PLT-E-PHH-ALT-ctrl,neg,101.94
PLT-E-PHH-ALT-ctrl,neg,98.55
PLT-E-PHH-ALT-ctrl,neg,99.52
PLT-E-PHH-ALT-ctrl,neg,102.94
PLT-E-PHH-ALT-ctrl,pos,10.14
PLT-E-PHH-ALT-ctrl,pos,9.74
PLT-E-PHH-ALT-ctrl,pos,10.83
PLT-E-PHH-ALT-ctrl,pos,10.67
PLT-E-PHH-ALT-ctrl,pos,8.96
PLT-E-PHH-ALT-ctrl,pos,10.58
PLT-E-PHH-ALT-ctrl,pos,10.11
PLT-E-PHH-ALT-ctrl,pos,10.57
PLT-E-PHH-Cas-ctrl,neg,100.32
PLT-E-PHH-Cas-ctrl,neg,100.38
PLT-E-PHH-Cas-ctrl,neg,99.44
PLT-E-PHH-Cas-ctrl,neg,99.45
PLT-E-PHH-Cas-ctrl,neg,103.92
PLT-E-PHH-Cas-ctrl,neg,99.05
PLT-E-PHH-Cas-ctrl,neg,101.02
PLT-E-PHH-Cas-ctrl,pos,10.12
PLT-E-PHH-Cas-ctrl,pos,9.02
PLT-E-PHH-Cas-ctrl,pos,8.99
PLT-E-PHH-Cas-ctrl,pos,9.94
PLT-E-PHH-Cas-ctrl,pos,8.44
PLT-E-PHH-Cas-ctrl,pos,11.46
PLT-E-PHH-Cas-ctrl,pos,9.71
PLT-E-PBM-IFN-ctrl,neg,101.07
PLT-E-PBM-IFN-ctrl,neg,99.56
PLT-E-PBM-IFN-ctrl,neg,100.2
PLT-E-PBM-IFN-ctrl,neg,103.84
PLT-E-PBM-IFN-ctrl,neg,97.34
PLT-E-PBM-IFN-ctrl,neg,101.39
PLT-E-PBM-IFN-ctrl,neg,101.75
PLT-E-PBM-IFN-ctrl,pos,10.12
PLT-E-PBM-IFN-ctrl,pos,11.03
PLT-E-PBM-IFN-ctrl,pos,10.18
PLT-E-PBM-IFN-ctrl,pos,9.75
PLT-E-PBM-IFN-ctrl,pos,10.95
PLT-E-PBM-IFN-ctrl,pos,8.38
PLT-E-PBM-IFN-ctrl,pos,10.09
PLT-E-PBM-IL6-ctrl,neg,100.33
PLT-E-PBM-IL6-ctrl,neg,99.17
PLT-E-PBM-IL6-ctrl,neg,99.67
PLT-E-PBM-IL6-ctrl,neg,99.0
PLT-E-PBM-IL6-ctrl,neg,97.49
PLT-E-PBM-IL6-ctrl,neg,103.39
PLT-E-PBM-IL6-ctrl,neg,100.31
PLT-E-PBM-IL6-ctrl,neg,97.12
PLT-E-PBM-IL6-ctrl,pos,11.22
PLT-E-PBM-IL6-ctrl,pos,10.77
PLT-E-PBM-IL6-ctrl,pos,9.23
PLT-E-PBM-IL6-ctrl,pos,9.41
PLT-E-PBM-IL6-ctrl,pos,9.47
PLT-E-PBM-TNF-ctrl,neg,97.28
PLT-E-PBM-TNF-ctrl,neg,98.19
PLT-E-PBM-TNF-ctrl,neg,97.04
PLT-E-PBM-TNF-ctrl,neg,98.56
PLT-E-PBM-TNF-ctrl,neg,98.2
PLT-E-PBM-TNF-ctrl,pos,8.87
PLT-E-PBM-TNF-ctrl,pos,9.82
PLT-E-PBM-TNF-ctrl,pos,10.59
PLT-E-PBM-TNF-ctrl,pos,9.43
PLT-E-PBM-TNF-ctrl,pos,10.49
PLT-E-PBM-TNF-ctrl,pos,9.37
PLT-E-PBM-C3a-ctrl,neg,100.04
PLT-E-PBM-C3a-ctrl,neg,98.52
PLT-E-PBM-C3a-ctrl,neg,102.1
PLT-E-PBM-C3a-ctrl,neg,102.36
PLT-E-PBM-C3a-ctrl,neg,100.9
PLT-E-PBM-C3a-ctrl,neg,99.22
PLT-E-PBM-C3a-ctrl,neg,102.23
PLT-E-PBM-C3a-ctrl,pos,9.48
PLT-E-PBM-C3a-ctrl,pos,9.74
PLT-E-PBM-C3a-ctrl,pos,10.42
PLT-E-PBM-C3a-ctrl,pos,10.18
PLT-E-PBM-C3a-ctrl,pos,9.46
PLT-E-PBM-C3a-ctrl,pos,8.77
PLT-E-PBM-C3a-ctrl,pos,9.42
PLT-E-PBM-C5a-ctrl,neg,101.62
PLT-E-PBM-C5a-ctrl,neg,97.8
PLT-E-PBM-C5a-ctrl,neg,101.6
PLT-E-PBM-C5a-ctrl,neg,99.55
PLT-E-PBM-C5a-ctrl,neg,96.47
PLT-E-PBM-C5a-ctrl,neg,102.98
PLT-E-PBM-C5a-ctrl,neg,93.25
PLT-E-PBM-C5a-ctrl,pos,9.93
PLT-E-PBM-C5a-ctrl,pos,10.19
PLT-E-PBM-C5a-ctrl,pos,8.16
PLT-E-PBM-C5a-ctrl,pos,10.35
PLT-E-PBM-C5a-ctrl,pos,9.46
PLT-E-PBM-C5a-ctrl,pos,9.8
PLT-E-PBM-C5a-ctrl,pos,11.07
PLT-E-PBM-C5a-ctrl,pos,10.11
PLT-E-PBM-TLR-ctrl,neg,96.69
PLT-E-PBM-TLR-ctrl,neg,101.12
PLT-E-PBM-TLR-ctrl,neg,98.62
PLT-E-PBM-TLR-ctrl,neg,98.92
PLT-E-PBM-TLR-ctrl,neg,98.74
PLT-E-PBM-TLR-ctrl,neg,96.77
PLT-E-PBM-TLR-ctrl,neg,100.78
PLT-E-PBM-TLR-ctrl,pos,10.39
PLT-E-PBM-TLR-ctrl,pos,10.75
PLT-E-PBM-TLR-ctrl,pos,10.52
PLT-E-PBM-TLR-ctrl,pos,10.32
PLT-E-PBM-TLR-ctrl,pos,10.48
PLT-E-PBM-TLR-ctrl,pos,10.73
PLT-E-PBM-TLR-ctrl,pos,8.78
PLT-A-PHH-Cel-ctrl,neg,98.39
PLT-A-PHH-Cel-ctrl,neg,98.91
PLT-A-PHH-Cel-ctrl,neg,100.51
PLT-A-PHH-Cel-ctrl,neg,100.35
PLT-A-PHH-Cel-ctrl,neg,101.0
PLT-A-PHH-Cel-ctrl,neg,99.01
PLT-A-PHH-Cel-ctrl,neg,100.08
PLT-A-PHH-Cel-ctrl,pos,11.18
PLT-A-PHH-Cel-ctrl,pos,8.95
PLT-A-PHH-Cel-ctrl,pos,9.66
PLT-A-PHH-Cel-ctrl,pos,11.91
PLT-A-PHH-Cel-ctrl,pos,10.61
PLT-A-PHH-Cel-ctrl,pos,9.32
PLT-A-PHH-Cel-ctrl,pos,10.66
PLT-A-PHH-LDH-ctrl,neg,98.34
PLT-A-PHH-LDH-ctrl,neg,97.88
PLT-A-PHH-LDH-ctrl,neg,95.72
PLT-A-PHH-LDH-ctrl,neg,102.97
PLT-A-PHH-LDH-ctrl,neg,98.2
PLT-A-PHH-LDH-ctrl,neg,99.52
PLT-A-PHH-LDH-ctrl,neg,103.12
PLT-A-PHH-LDH-ctrl,neg,99.72
PLT-A-PHH-LDH-ctrl,pos,10.41
PLT-A-PHH-LDH-ctrl,pos,8.86
PLT-A-PHH-LDH-ctrl,pos,11.12
PLT-A-PHH-LDH-ctrl,pos,9.9
PLT-A-PHH-LDH-ctrl,pos,9.19
PLT-A-PHH-LDH-ctrl,pos,9.18
PLT-A-PHH-LDH-ctrl,pos,11.35
PLT-A-PHH-ALT-ctrl,neg,101.24
PLT-A-PHH-ALT-ctrl,neg,100.97
PLT-A-PHH-ALT-ctrl,neg,102.18
PLT-A-PHH-ALT-ctrl,neg,99.3
PLT-A-PHH-ALT-ctrl,neg,97.78
PLT-A-PHH-ALT-ctrl,neg,98.91
PLT-A-PHH-ALT-ctrl,neg,100.68
PLT-A-PHH-ALT-ctrl,pos,9.35
PLT-A-PHH-ALT-ctrl,pos,10.25
PLT-A-PHH-ALT-ctrl,pos,11.17
PLT-A-PHH-ALT-ctrl,pos,9.64
PLT-A-PHH-ALT-ctrl,pos,9.67
PLT-A-PHH-ALT-ctrl,pos,8.86
PLT-A-PHH-ALT-ctrl,pos,11.07
PLT-A-PHH-Cas-ctrl,neg,98.11
PLT-A-PHH-Cas-ctrl,neg,99.13
PLT-A-PHH-Cas-ctrl,neg,97.71
PLT-A-PHH-Cas-ctrl,neg,96.22
PLT-A-PHH-Cas-ctrl,neg,97.68
PLT-A-PHH-Cas-ctrl,neg,100.24
PLT-A-PHH-Cas-ctrl,neg,102.55
PLT-A-PHH-Cas-ctrl,neg,101.99
PLT-A-PHH-Cas-ctrl,pos,9.08
PLT-A-PHH-Cas-ctrl,pos,9.36
PLT-A-PHH-Cas-ctrl,pos,9.25
PLT-A-PHH-Cas-ctrl,pos,7.93
PLT-A-PHH-Cas-ctrl,pos,9.87
PLT-A-PHH-Cas-ctrl,pos,10.64
PLT-A-PHH-Cas-ctrl,pos,8.99
PLT-A-PBM-IFN-ctrl,neg,97.0
PLT-A-PBM-IFN-ctrl,neg,99.41
PLT-A-PBM-IFN-ctrl,neg,100.24
PLT-A-PBM-IFN-ctrl,neg,104.94
PLT-A-PBM-IFN-ctrl,neg,100.09
PLT-A-PBM-IFN-ctrl,neg,99.19
PLT-A-PBM-IFN-ctrl,neg,101.24
PLT-A-PBM-IFN-ctrl,pos,10.22
PLT-A-PBM-IFN-ctrl,pos,9.49
PLT-A-PBM-IFN-ctrl,pos,9.19
PLT-A-PBM-IFN-ctrl,pos,9.68
PLT-A-PBM-IFN-ctrl,pos,9.33
PLT-A-PBM-IFN-ctrl,pos,9.82
PLT-A-PBM-IFN-ctrl,pos,10.11
PLT-A-PBM-IFN-ctrl,pos,9.6
PLT-A-PBM-IL6-ctrl,neg,101.75
PLT-A-PBM-IL6-ctrl,neg,100.8
PLT-A-PBM-IL6-ctrl,neg,98.69
PLT-A-PBM-IL6-ctrl,neg,97.79
PLT-A-PBM-IL6-ctrl,neg,100.48
PLT-A-PBM-IL6-ctrl,neg,99.88
PLT-A-PBM-IL6-ctrl,neg,97.51
PLT-A-PBM-IL6-ctrl,neg,99.82
PLT-A-PBM-IL6-ctrl,pos,9.88
PLT-A-PBM-IL6-ctrl,pos,9.95
PLT-A-PBM-IL6-ctrl,pos,10.39
PLT-A-PBM-IL6-ctrl,pos,9.11
PLT-A-PBM-IL6-ctrl,pos,9.61
PLT-A-PBM-IL6-ctrl,pos,11.06
PLT-A-PBM-IL6-ctrl,pos,11.89
PLT-A-PBM-TNF-ctrl,neg,98.74
PLT-A-PBM-TNF-ctrl,neg,99.23
PLT-A-PBM-TNF-ctrl,neg,102.08
PLT-A-PBM-TNF-ctrl,neg,99.5
PLT-A-PBM-TNF-ctrl,neg,101.81
PLT-A-PBM-TNF-ctrl,neg,99.2
PLT-A-PBM-TNF-ctrl,neg,104.49
PLT-A-PBM-TNF-ctrl,pos,8.25
PLT-A-PBM-TNF-ctrl,pos,10.3
PLT-A-PBM-TNF-ctrl,pos,9.96
PLT-A-PBM-TNF-ctrl,pos,10.23
PLT-A-PBM-TNF-ctrl,pos,10.33
PLT-A-PBM-C3a-ctrl,neg,98.85
PLT-A-PBM-C3a-ctrl,neg,100.05
PLT-A-PBM-C3a-ctrl,neg,101.09
PLT-A-PBM-C3a-ctrl,neg,98.68
PLT-A-PBM-C3a-ctrl,neg,102.89
PLT-A-PBM-C3a-ctrl,neg,99.96
PLT-A-PBM-C3a-ctrl,neg,103.2
PLT-A-PBM-C3a-ctrl,neg,97.22
PLT-A-PBM-C3a-ctrl,pos,10.52
PLT-A-PBM-C3a-ctrl,pos,9.29
PLT-A-PBM-C3a-ctrl,pos,10.72
PLT-A-PBM-C3a-ctrl,pos,9.82
PLT-A-PBM-C3a-ctrl,pos,12.08
PLT-A-PBM-C5a-ctrl,neg,100.19
PLT-A-PBM-C5a-ctrl,neg,98.03
PLT-A-PBM-C5a-ctrl,neg,95.97
PLT-A-PBM-C5a-ctrl,neg,98.43
PLT-A-PBM-C5a-ctrl,neg,98.86
PLT-A-PBM-C5a-ctrl,neg,98.98
PLT-A-PBM-C5a-ctrl,neg,99.4
PLT-A-PBM-C5a-ctrl,pos,9.04
PLT-A-PBM-C5a-ctrl,pos,10.97
PLT-A-PBM-C5a-ctrl,pos,11.06
PLT-A-PBM-C5a-ctrl,pos,9.79
PLT-A-PBM-C5a-ctrl,pos,9.73
PLT-A-PBM-TLR-ctrl,neg,101.26
PLT-A-PBM-TLR-ctrl,neg,95.7
PLT-A-PBM-TLR-ctrl,neg,102.89
PLT-A-PBM-TLR-ctrl,neg,100.3
PLT-A-PBM-TLR-ctrl,neg,100.74
PLT-A-PBM-TLR-ctrl,neg,100.61
PLT-A-PBM-TLR-ctrl,neg,101.83
PLT-A-PBM-TLR-ctrl,neg,99.84
PLT-A-PBM-TLR-ctrl,pos,8.81
PLT-A-PBM-TLR-ctrl,pos,10.26
PLT-A-PBM-TLR-ctrl,pos,8.89
PLT-A-PBM-TLR-ctrl,pos,11.45
PLT-A-PBM-TLR-ctrl,pos,9.96
PLT-A-PBM-TLR-ctrl,pos,9.46
PLT-B-PHH-Cel-ctrl,neg,102.51
PLT-B-PHH-Cel-ctrl,neg,102.05
PLT-B-PHH-Cel-ctrl,neg,103.47
PLT-B-PHH-Cel-ctrl,neg,104.51
PLT-B-PHH-Cel-ctrl,neg,97.69
PLT-B-PHH-Cel-ctrl,neg,98.96
PLT-B-PHH-Cel-ctrl,neg,101.15
PLT-B-PHH-Cel-ctrl,pos,11.15
PLT-B-PHH-Cel-ctrl,pos,9.16
PLT-B-PHH-Cel-ctrl,pos,10.2
PLT-B-PHH-Cel-ctrl,pos,9.88
PLT-B-PHH-Cel-ctrl,pos,10.3
PLT-B-PHH-Cel-ctrl,pos,11.63
PLT-B-PHH-LDH-ctrl,neg,97.54
PLT-B-PHH-LDH-ctrl,neg,98.53
PLT-B-PHH-LDH-ctrl,neg,98.3
PLT-B-PHH-LDH-ctrl,neg,102.28
PLT-B-PHH-LDH-ctrl,neg,102.03
PLT-B-PHH-LDH-ctrl,neg,102.54
PLT-B-PHH-LDH-ctrl,neg,98.43
PLT-B-PHH-LDH-ctrl,pos,9.36
PLT-B-PHH-LDH-ctrl,pos,9.4
PLT-B-PHH-LDH-ctrl,pos,9.44
PLT-B-PHH-LDH-ctrl,pos,9.47
PLT-B-PHH-LDH-ctrl,pos,9.93
PLT-B-PHH-LDH-ctrl,pos,9.33
PLT-B-PHH-LDH-ctrl,pos,7.91
PLT-B-PHH-ALT-ctrl,neg,102.23
PLT-B-PHH-ALT-ctrl,neg,99.99
PLT-B-PHH-ALT-ctrl,neg,94.99
PLT-B-PHH-ALT-ctrl,neg,97.91
PLT-B-PHH-ALT-ctrl,neg,101.16
PLT-B-PHH-ALT-ctrl,neg,98.92
PLT-B-PHH-ALT-ctrl,neg,101.57
PLT-B-PHH-ALT-ctrl,pos,9.03
PLT-B-PHH-ALT-ctrl,pos,10.31
PLT-B-PHH-ALT-ctrl,pos,10.35
PLT-B-PHH-ALT-ctrl,pos,10.63
PLT-B-PHH-ALT-ctrl,pos,9.48
PLT-B-PHH-ALT-ctrl,pos,10.62
PLT-B-PHH-ALT-ctrl,pos,11.21
PLT-B-PHH-ALT-ctrl,pos,8.18
PLT-B-PHH-Cas-ctrl,neg,102.13
PLT-B-PHH-Cas-ctrl,neg,101.22
PLT-B-PHH-Cas-ctrl,neg,101.21
PLT-B-PHH-Cas-ctrl,neg,97.55
PLT-B-PHH-Cas-ctrl,neg,101.01
PLT-B-PHH-Cas-ctrl,neg,102.73
PLT-B-PHH-Cas-ctrl,neg,97.11
PLT-B-PHH-Cas-ctrl,neg,99.37
PLT-B-PHH-Cas-ctrl,pos,10.08
PLT-B-PHH-Cas-ctrl,pos,11.15
PLT-B-PHH-Cas-ctrl,pos,10.58
PLT-B-PHH-Cas-ctrl,pos,10.32
PLT-B-PHH-Cas-ctrl,pos,10.65
PLT-B-PHH-Cas-ctrl,pos,10.61
PLT-B-PHH-Cas-ctrl,pos,10.03
PLT-B-PBM-IFN-ctrl,neg,101.27
PLT-B-PBM-IFN-ctrl,neg,105.43
PLT-B-PBM-IFN-ctrl,neg,102.61
PLT-B-PBM-IFN-ctrl,neg,103.74
PLT-B-PBM-IFN-ctrl,neg,96.31
PLT-B-PBM-IFN-ctrl,neg,102.15
PLT-B-PBM-IFN-ctrl,neg,98.1
PLT-B-PBM-IFN-ctrl,neg,103.35
PLT-B-PBM-IFN-ctrl,pos,11.09
PLT-B-PBM-IFN-ctrl,pos,10.48
PLT-B-PBM-IFN-ctrl,pos,9.41
PLT-B-PBM-IFN-ctrl,pos,9.61
PLT-B-PBM-IFN-ctrl,pos,9.68
PLT-B-PBM-IFN-ctrl,pos,10.61
PLT-B-PBM-IFN-ctrl,pos,10.32
PLT-B-PBM-IFN-ctrl,pos,11.14
PLT-B-PBM-IL6-ctrl,neg,100.17
PLT-B-PBM-IL6-ctrl,neg,94.9
PLT-B-PBM-IL6-ctrl,neg,96.38
PLT-B-PBM-IL6-ctrl,neg,104.19
PLT-B-PBM-IL6-ctrl,neg,99.28
PLT-B-PBM-IL6-ctrl,neg,100.02
PLT-B-PBM-IL6-ctrl,neg,102.83
PLT-B-PBM-IL6-ctrl,pos,8.47
PLT-B-PBM-IL6-ctrl,pos,11.06
PLT-B-PBM-IL6-ctrl,pos,11.01
PLT-B-PBM-IL6-ctrl,pos,10.0
PLT-B-PBM-IL6-ctrl,pos,10.33
PLT-B-PBM-IL6-ctrl,pos,9.7
PLT-B-PBM-IL6-ctrl,pos,8.65
PLT-B-PBM-IL6-ctrl,pos,10.46
PLT-B-PBM-TNF-ctrl,neg,98.13
PLT-B-PBM-TNF-ctrl,neg,99.84
PLT-B-PBM-TNF-ctrl,neg,96.49
PLT-B-PBM-TNF-ctrl,neg,98.35
PLT-B-PBM-TNF-ctrl,neg,99.69
PLT-B-PBM-TNF-ctrl,neg,100.79
PLT-B-PBM-TNF-ctrl,neg,103.01
PLT-B-PBM-TNF-ctrl,neg,99.05
PLT-B-PBM-TNF-ctrl,pos,10.03
PLT-B-PBM-TNF-ctrl,pos,8.51
PLT-B-PBM-TNF-ctrl,pos,10.27
PLT-B-PBM-TNF-ctrl,pos,9.27
PLT-B-PBM-TNF-ctrl,pos,9.75
PLT-B-PBM-TNF-ctrl,pos,10.38
PLT-B-PBM-TNF-ctrl,pos,10.41
PLT-B-PBM-TNF-ctrl,pos,8.84
PLT-B-PBM-C3a-ctrl,neg,99.46
PLT-B-PBM-C3a-ctrl,neg,100.18
PLT-B-PBM-C3a-ctrl,neg,103.14
PLT-B-PBM-C3a-ctrl,neg,101.62
PLT-B-PBM-C3a-ctrl,neg,99.85
PLT-B-PBM-C3a-ctrl,neg,98.27
PLT-B-PBM-C3a-ctrl,neg,98.54
PLT-B-PBM-C3a-ctrl,neg,101.9
PLT-B-PBM-C3a-ctrl,pos,8.73
PLT-B-PBM-C3a-ctrl,pos,11.92
PLT-B-PBM-C3a-ctrl,pos,9.97
PLT-B-PBM-C3a-ctrl,pos,8.9
PLT-B-PBM-C3a-ctrl,pos,10.15
PLT-B-PBM-C3a-ctrl,pos,9.36
PLT-B-PBM-C3a-ctrl,pos,9.66
PLT-B-PBM-C3a-ctrl,pos,8.79
PLT-B-PBM-C5a-ctrl,neg,99.83
PLT-B-PBM-C5a-ctrl,neg,97.97
PLT-B-PBM-C5a-ctrl,neg,97.78
PLT-B-PBM-C5a-ctrl,neg,98.69
PLT-B-PBM-C5a-ctrl,neg,98.59
PLT-B-PBM-C5a-ctrl,neg,96.03
PLT-B-PBM-C5a-ctrl,neg,100.23
PLT-B-PBM-C5a-ctrl,pos,9.72
PLT-B-PBM-C5a-ctrl,pos,9.25
PLT-B-PBM-C5a-ctrl,pos,9.75
PLT-B-PBM-C5a-ctrl,pos,10.04
PLT-B-PBM-TLR-ctrl,neg,99.97
PLT-B-PBM-TLR-ctrl,neg,99.0
PLT-B-PBM-TLR-ctrl,neg,97.28
PLT-B-PBM-TLR-ctrl,neg,97.13
PLT-B-PBM-TLR-ctrl,neg,100.31
PLT-B-PBM-TLR-ctrl,neg,99.53
PLT-B-PBM-TLR-ctrl,neg,99.5
PLT-B-PBM-TLR-ctrl,pos,9.0
PLT-B-PBM-TLR-ctrl,pos,9.72
PLT-B-PBM-TLR-ctrl,pos,11.36
PLT-B-PBM-TLR-ctrl,pos,10.05
PLT-B-PBM-TLR-ctrl,pos,9.86
PLT-B-PBM-TLR-ctrl,pos,10.56
PLT-B-PBM-TLR-ctrl,pos,8.36
PLT-C-PHH-Cel-ctrl,neg,101.93
PLT-C-PHH-Cel-ctrl,neg,100.78
PLT-C-PHH-Cel-ctrl,neg,101.3
PLT-C-PHH-Cel-ctrl,neg,102.27
PLT-C-PHH-Cel-ctrl,neg,99.38
PLT-C-PHH-Cel-ctrl,neg,102.21
PLT-C-PHH-Cel-ctrl,neg,99.69
PLT-C-PHH-Cel-ctrl,pos,8.88
PLT-C-PHH-Cel-ctrl,pos,9.74
PLT-C-PHH-Cel-ctrl,pos,10.3
PLT-C-PHH-Cel-ctrl,pos,9.77
PLT-C-PHH-Cel-ctrl,pos,10.1
PLT-C-PHH-Cel-ctrl,pos,10.81
PLT-C-PHH-Cel-ctrl,pos,11.19
PLT-C-PHH-LDH-ctrl,neg,102.82
PLT-C-PHH-LDH-ctrl,neg,99.31
PLT-C-PHH-LDH-ctrl,neg,100.88
PLT-C-PHH-LDH-ctrl,neg,95.71
PLT-C-PHH-LDH-ctrl,neg,96.84
PLT-C-PHH-LDH-ctrl,neg,101.0
PLT-C-PHH-LDH-ctrl,neg,101.31
PLT-C-PHH-LDH-ctrl,neg,99.23
PLT-C-PHH-LDH-ctrl,pos,9.51
PLT-C-PHH-LDH-ctrl,pos,9.72
PLT-C-PHH-LDH-ctrl,pos,10.15
PLT-C-PHH-LDH-ctrl,pos,8.15
PLT-C-PHH-LDH-ctrl,pos,10.03
PLT-C-PHH-LDH-ctrl,pos,10.2
PLT-C-PHH-LDH-ctrl,pos,9.9
PLT-C-PHH-ALT-ctrl,neg,99.0
PLT-C-PHH-ALT-ctrl,neg,99.22
PLT-C-PHH-ALT-ctrl,neg,99.4
PLT-C-PHH-ALT-ctrl,neg,104.33
PLT-C-PHH-ALT-ctrl,neg,100.63
PLT-C-PHH-ALT-ctrl,neg,100.08
PLT-C-PHH-ALT-ctrl,neg,97.48
PLT-C-PHH-ALT-ctrl,neg,97.53
PLT-C-PHH-ALT-ctrl,pos,9.83
PLT-C-PHH-ALT-ctrl,pos,10.9
PLT-C-PHH-ALT-ctrl,pos,9.87
PLT-C-PHH-ALT-ctrl,pos,9.4
PLT-C-PHH-ALT-ctrl,pos,8.61
PLT-C-PHH-ALT-ctrl,pos,9.8
PLT-C-PHH-Cas-ctrl,neg,100.13
PLT-C-PHH-Cas-ctrl,neg,98.81
PLT-C-PHH-Cas-ctrl,neg,98.22
PLT-C-PHH-Cas-ctrl,neg,96.88
PLT-C-PHH-Cas-ctrl,neg,99.27
PLT-C-PHH-Cas-ctrl,neg,98.25
PLT-C-PHH-Cas-ctrl,neg,101.93
PLT-C-PHH-Cas-ctrl,neg,101.03
PLT-C-PHH-Cas-ctrl,pos,9.61
PLT-C-PHH-Cas-ctrl,pos,10.42
PLT-C-PHH-Cas-ctrl,pos,9.91
PLT-C-PHH-Cas-ctrl,pos,9.78
PLT-C-PHH-Cas-ctrl,pos,9.96
PLT-C-PHH-Cas-ctrl,pos,11.42
PLT-C-PHH-Cas-ctrl,pos,9.76
PLT-C-PBM-IFN-ctrl,neg,99.92
PLT-C-PBM-IFN-ctrl,neg,96.29
PLT-C-PBM-IFN-ctrl,neg,99.06
PLT-C-PBM-IFN-ctrl,neg,101.99
PLT-C-PBM-IFN-ctrl,neg,98.43
PLT-C-PBM-IFN-ctrl,neg,97.46
PLT-C-PBM-IFN-ctrl,neg,98.45
PLT-C-PBM-IFN-ctrl,neg,98.78
PLT-C-PBM-IFN-ctrl,pos,10.3
PLT-C-PBM-IFN-ctrl,pos,10.02
PLT-C-PBM-IFN-ctrl,pos,9.5
PLT-C-PBM-IFN-ctrl,pos,9.38
PLT-C-PBM-IFN-ctrl,pos,10.35
PLT-C-PBM-IFN-ctrl,pos,11.27
PLT-C-PBM-IL6-ctrl,neg,97.75
PLT-C-PBM-IL6-ctrl,neg,101.18
PLT-C-PBM-IL6-ctrl,neg,102.0
PLT-C-PBM-IL6-ctrl,neg,99.79
PLT-C-PBM-IL6-ctrl,neg,98.06
PLT-C-PBM-IL6-ctrl,neg,98.95
PLT-C-PBM-IL6-ctrl,neg,99.04
PLT-C-PBM-IL6-ctrl,pos,10.45
PLT-C-PBM-IL6-ctrl,pos,10.2
PLT-C-PBM-IL6-ctrl,pos,9.74
PLT-C-PBM-IL6-ctrl,pos,9.7
PLT-C-PBM-IL6-ctrl,pos,8.43
PLT-C-PBM-IL6-ctrl,pos,11.28
PLT-C-PBM-IL6-ctrl,pos,8.33
PLT-C-PBM-IL6-ctrl,pos,10.34
PLT-C-PBM-TNF-ctrl,neg,102.84
PLT-C-PBM-TNF-ctrl,neg,100.28
PLT-C-PBM-TNF-ctrl,neg,98.06
PLT-C-PBM-TNF-ctrl,neg,95.93
PLT-C-PBM-TNF-ctrl,neg,101.42
PLT-C-PBM-TNF-ctrl,neg,102.53
PLT-C-PBM-TNF-ctrl,neg,100.79
PLT-C-PBM-TNF-ctrl,neg,96.58
PLT-C-PBM-TNF-ctrl,pos,9.61
PLT-C-PBM-TNF-ctrl,pos,11.55
PLT-C-PBM-TNF-ctrl,pos,10.63
PLT-C-PBM-TNF-ctrl,pos,10.46
PLT-C-PBM-TNF-ctrl,pos,9.96
PLT-C-PBM-C3a-ctrl,neg,96.48
PLT-C-PBM-C3a-ctrl,neg,100.93
PLT-C-PBM-C3a-ctrl,neg,102.62
PLT-C-PBM-C3a-ctrl,neg,97.54
PLT-C-PBM-C3a-ctrl,neg,100.03
PLT-C-PBM-C3a-ctrl,neg,100.88
PLT-C-PBM-C3a-ctrl,neg,98.77
PLT-C-PBM-C3a-ctrl,neg,99.32
PLT-C-PBM-C3a-ctrl,pos,9.21
PLT-C-PBM-C3a-ctrl,pos,9.98
PLT-C-PBM-C3a-ctrl,pos,9.68
PLT-C-PBM-C3a-ctrl,pos,9.72
PLT-C-PBM-C3a-ctrl,pos,9.57
PLT-C-PBM-C5a-ctrl,neg,98.89
PLT-C-PBM-C5a-ctrl,neg,99.2
PLT-C-PBM-C5a-ctrl,neg,100.55
PLT-C-PBM-C5a-ctrl,neg,98.78
PLT-C-PBM-C5a-ctrl,neg,99.06
PLT-C-PBM-C5a-ctrl,neg,99.69
PLT-C-PBM-C5a-ctrl,neg,100.18
PLT-C-PBM-C5a-ctrl,neg,101.2
PLT-C-PBM-C5a-ctrl,pos,10.47
PLT-C-PBM-C5a-ctrl,pos,8.8
PLT-C-PBM-C5a-ctrl,pos,11.13
PLT-C-PBM-C5a-ctrl,pos,9.73
PLT-C-PBM-C5a-ctrl,pos,9.28
PLT-C-PBM-C5a-ctrl,pos,11.59
PLT-C-PBM-C5a-ctrl,pos,11.89
PLT-C-PBM-TLR-ctrl,neg,96.67
PLT-C-PBM-TLR-ctrl,neg,96.32
PLT-C-PBM-TLR-ctrl,neg,95.87
PLT-C-PBM-TLR-ctrl,neg,101.23
PLT-C-PBM-TLR-ctrl,neg,97.34
PLT-C-PBM-TLR-ctrl,neg,99.49
PLT-C-PBM-TLR-ctrl,neg,101.78
PLT-C-PBM-TLR-ctrl,neg,100.93
PLT-C-PBM-TLR-ctrl,pos,10.33
PLT-C-PBM-TLR-ctrl,pos,10.97
PLT-C-PBM-TLR-ctrl,pos,9.0
PLT-C-PBM-TLR-ctrl,pos,9.78
PLT-C-PBM-TLR-ctrl,pos,9.88
PLT-C-PBM-TLR-ctrl,pos,8.79
PLT-D-PHH-Cel-ctrl,neg,100.84
PLT-D-PHH-Cel-ctrl,neg,95.08
PLT-D-PHH-Cel-ctrl,neg,99.33
PLT-D-PHH-Cel-ctrl,neg,99.59
PLT-D-PHH-Cel-ctrl,neg,97.47
PLT-D-PHH-Cel-ctrl,neg,98.74
PLT-D-PHH-Cel-ctrl,neg,103.05
PLT-D-PHH-Cel-ctrl,neg,100.37
PLT-D-PHH-Cel-ctrl,pos,8.94
PLT-D-PHH-Cel-ctrl,pos,9.81
PLT-D-PHH-Cel-ctrl,pos,8.03
PLT-D-PHH-Cel-ctrl,pos,9.0
PLT-D-PHH-Cel-ctrl,pos,8.37
PLT-D-PHH-LDH-ctrl,neg,97.93
PLT-D-PHH-LDH-ctrl,neg,100.76
PLT-D-PHH-LDH-ctrl,neg,99.46
PLT-D-PHH-LDH-ctrl,neg,100.89
PLT-D-PHH-LDH-ctrl,neg,99.04
PLT-D-PHH-LDH-ctrl,neg,101.01
PLT-D-PHH-LDH-ctrl,neg,98.95
PLT-D-PHH-LDH-ctrl,neg,99.84
PLT-D-PHH-LDH-ctrl,pos,10.22
PLT-D-PHH-LDH-ctrl,pos,9.6
PLT-D-PHH-LDH-ctrl,pos,9.9
PLT-D-PHH-LDH-ctrl,pos,10.41
PLT-D-PHH-LDH-ctrl,pos,9.94
PLT-D-PHH-ALT-ctrl,neg,98.7
PLT-D-PHH-ALT-ctrl,neg,100.63
PLT-D-PHH-ALT-ctrl,neg,97.71
PLT-D-PHH-ALT-ctrl,neg,98.35
PLT-D-PHH-ALT-ctrl,neg,96.44
PLT-D-PHH-ALT-ctrl,neg,95.89
PLT-D-PHH-ALT-ctrl,neg,99.05
PLT-D-PHH-ALT-ctrl,neg,100.9
PLT-D-PHH-ALT-ctrl,pos,10.93
PLT-D-PHH-ALT-ctrl,pos,9.69
PLT-D-PHH-ALT-ctrl,pos,8.3
PLT-D-PHH-ALT-ctrl,pos,10.28
PLT-D-PHH-ALT-ctrl,pos,9.14
PLT-D-PHH-ALT-ctrl,pos,8.17
PLT-D-PHH-Cas-ctrl,neg,101.93
PLT-D-PHH-Cas-ctrl,neg,98.72
PLT-D-PHH-Cas-ctrl,neg,101.58
PLT-D-PHH-Cas-ctrl,neg,102.89
PLT-D-PHH-Cas-ctrl,neg,100.36
PLT-D-PHH-Cas-ctrl,neg,99.91
PLT-D-PHH-Cas-ctrl,neg,99.8
PLT-D-PHH-Cas-ctrl,neg,99.06
PLT-D-PHH-Cas-ctrl,pos,10.9
PLT-D-PHH-Cas-ctrl,pos,9.91
PLT-D-PHH-Cas-ctrl,pos,8.26
PLT-D-PHH-Cas-ctrl,pos,10.71
PLT-D-PHH-Cas-ctrl,pos,10.67
PLT-D-PHH-Cas-ctrl,pos,9.07
PLT-D-PBM-IFN-ctrl,neg,95.09
PLT-D-PBM-IFN-ctrl,neg,101.22
PLT-D-PBM-IFN-ctrl,neg,101.97
PLT-D-PBM-IFN-ctrl,neg,102.27
PLT-D-PBM-IFN-ctrl,neg,99.52
PLT-D-PBM-IFN-ctrl,neg,100.88
PLT-D-PBM-IFN-ctrl,neg,100.42
PLT-D-PBM-IFN-ctrl,neg,97.05
PLT-D-PBM-IFN-ctrl,pos,10.6
PLT-D-PBM-IFN-ctrl,pos,11.11
PLT-D-PBM-IFN-ctrl,pos,10.55
PLT-D-PBM-IFN-ctrl,pos,10.59
PLT-D-PBM-IFN-ctrl,pos,11.04
PLT-D-PBM-IFN-ctrl,pos,10.93
PLT-D-PBM-IFN-ctrl,pos,10.82
PLT-D-PBM-IL6-ctrl,neg,98.96
PLT-D-PBM-IL6-ctrl,neg,98.11
PLT-D-PBM-IL6-ctrl,neg,97.48
PLT-D-PBM-IL6-ctrl,neg,101.58
PLT-D-PBM-IL6-ctrl,neg,100.47
PLT-D-PBM-IL6-ctrl,neg,100.05
PLT-D-PBM-IL6-ctrl,neg,97.89
PLT-D-PBM-IL6-ctrl,pos,12.06
PLT-D-PBM-IL6-ctrl,pos,9.34
PLT-D-PBM-IL6-ctrl,pos,10.8
PLT-D-PBM-IL6-ctrl,pos,10.03
PLT-D-PBM-IL6-ctrl,pos,9.35
PLT-D-PBM-IL6-ctrl,pos,10.65
PLT-D-PBM-TNF-ctrl,neg,97.3
PLT-D-PBM-TNF-ctrl,neg,98.03
PLT-D-PBM-TNF-ctrl,neg,102.31
PLT-D-PBM-TNF-ctrl,neg,102.69
PLT-D-PBM-TNF-ctrl,neg,98.76
PLT-D-PBM-TNF-ctrl,neg,100.35
PLT-D-PBM-TNF-ctrl,neg,99.84
PLT-D-PBM-TNF-ctrl,neg,102.35
PLT-D-PBM-TNF-ctrl,pos,9.57
PLT-D-PBM-TNF-ctrl,pos,9.7
PLT-D-PBM-TNF-ctrl,pos,11.07
PLT-D-PBM-TNF-ctrl,pos,9.2
PLT-D-PBM-TNF-ctrl,pos,9.6
PLT-D-PBM-TNF-ctrl,pos,10.11
PLT-D-PBM-TNF-ctrl,pos,11.22
PLT-D-PBM-TNF-ctrl,pos,9.05
PLT-D-PBM-C3a-ctrl,neg,101.82
PLT-D-PBM-C3a-ctrl,neg,98.9
PLT-D-PBM-C3a-ctrl,neg,101.04
PLT-D-PBM-C3a-ctrl,neg,102.94
PLT-D-PBM-C3a-ctrl,neg,101.33
PLT-D-PBM-C3a-ctrl,neg,102.69
PLT-D-PBM-C3a-ctrl,neg,102.7
PLT-D-PBM-C3a-ctrl,neg,97.56
PLT-D-PBM-C3a-ctrl,pos,10.58
PLT-D-PBM-C3a-ctrl,pos,9.49
PLT-D-PBM-C3a-ctrl,pos,9.77
PLT-D-PBM-C3a-ctrl,pos,11.4
PLT-D-PBM-C3a-ctrl,pos,9.56
PLT-D-PBM-C3a-ctrl,pos,8.59
PLT-D-PBM-C3a-ctrl,pos,8.84
PLT-D-PBM-C5a-ctrl,neg,100.17
PLT-D-PBM-C5a-ctrl,neg,98.36
PLT-D-PBM-C5a-ctrl,neg,98.02
PLT-D-PBM-C5a-ctrl,neg,101.64
PLT-D-PBM-C5a-ctrl,neg,100.0
PLT-D-PBM-C5a-ctrl,neg,95.99
PLT-D-PBM-C5a-ctrl,pos,9.62
PLT-D-PBM-C5a-ctrl,pos,11.22
PLT-D-PBM-C5a-ctrl,pos,9.87
PLT-D-PBM-C5a-ctrl,pos,9.58
PLT-D-PBM-C5a-ctrl,pos,8.8
PLT-D-PBM-C5a-ctrl,pos,9.55
PLT-D-PBM-C5a-ctrl,pos,9.07
PLT-D-PBM-C5a-ctrl,pos,10.34
PLT-D-PBM-TLR-ctrl,neg,104.22
PLT-D-PBM-TLR-ctrl,neg,100.83
PLT-D-PBM-TLR-ctrl,neg,101.34
PLT-D-PBM-TLR-ctrl,neg,104.53
PLT-D-PBM-TLR-ctrl,neg,100.56
PLT-D-PBM-TLR-ctrl,neg,102.3
PLT-D-PBM-TLR-ctrl,neg,100.96
PLT-D-PBM-TLR-ctrl,neg,100.93
PLT-D-PBM-TLR-ctrl,pos,9.23
PLT-D-PBM-TLR-ctrl,pos,9.1
PLT-D-PBM-TLR-ctrl,pos,9.59
PLT-D-PBM-TLR-ctrl,pos,10.71
PLT-D-PBM-TLR-ctrl,pos,10.67
PLT-D-PBM-TLR-ctrl,pos,11.07
PLT-D-PBM-TLR-ctrl,pos,9.99
PLT-D-PBM-TLR-ctrl,pos,10.43
PLT-E-PHH-Cel-ctrl,neg,98.18
PLT-E-PHH-Cel-ctrl,neg,98.22
PLT-E-PHH-Cel-ctrl,neg,98.95
PLT-E-PHH-Cel-ctrl,neg,98.47
PLT-E-PHH-Cel-ctrl,neg,102.01
PLT-E-PHH-Cel-ctrl,neg,99.54
PLT-E-PHH-Cel-ctrl,neg,103.99
PLT-E-PHH-Cel-ctrl,pos,10.28
PLT-E-PHH-Cel-ctrl,pos,10.93
PLT-E-PHH-Cel-ctrl,pos,9.74
PLT-E-PHH-Cel-ctrl,pos,9.25
PLT-E-PHH-Cel-ctrl,pos,9.97
PLT-E-PHH-Cel-ctrl,pos,8.4
PLT-E-PHH-Cel-ctrl,pos,10.81
PLT-E-PHH-LDH-ctrl,neg,102.2
PLT-E-PHH-LDH-ctrl,neg,103.77
PLT-E-PHH-LDH-ctrl,neg,101.28
PLT-E-PHH-LDH-ctrl,neg,100.52
PLT-E-PHH-LDH-ctrl,neg,101.16
PLT-E-PHH-LDH-ctrl,neg,98.89
PLT-E-PHH-LDH-ctrl,neg,101.73
PLT-E-PHH-LDH-ctrl,pos,10.21
PLT-E-PHH-LDH-ctrl,pos,10.93
PLT-E-PHH-LDH-ctrl,pos,9.22
PLT-E-PHH-LDH-ctrl,pos,8.61
PLT-E-PHH-LDH-ctrl,pos,8.56
PLT-E-PHH-LDH-ctrl,pos,9.51
PLT-E-PHH-ALT-ctrl,neg,101.49
PLT-E-PHH-ALT-ctrl,neg,102.04
PLT-E-PHH-ALT-ctrl,neg,99.34
PLT-E-PHH-ALT-ctrl,neg,104.3
PLT-E-PHH-ALT-ctrl,neg,100.71
PLT-E-PHH-ALT-ctrl,neg,99.94
PLT-E-PHH-ALT-ctrl,neg,98.32
PLT-E-PHH-ALT-ctrl,neg,99.59
PLT-E-PHH-ALT-ctrl,pos,11.46
PLT-E-PHH-ALT-ctrl,pos,9.69
PLT-E-PHH-ALT-ctrl,pos,10.54
PLT-E-PHH-ALT-ctrl,pos,9.1
PLT-E-PHH-ALT-ctrl,pos,11.75
PLT-E-PHH-ALT-ctrl,pos,9.05
PLT-E-PHH-Cas-ctrl,neg,102.78
PLT-E-PHH-Cas-ctrl,neg,99.71
PLT-E-PHH-Cas-ctrl,neg,95.64
PLT-E-PHH-Cas-ctrl,neg,102.24
PLT-E-PHH-Cas-ctrl,neg,101.27
PLT-E-PHH-Cas-ctrl,neg,100.51
PLT-E-PHH-Cas-ctrl,neg,100.05
PLT-E-PHH-Cas-ctrl,pos,9.49
PLT-E-PHH-Cas-ctrl,pos,9.76
PLT-E-PHH-Cas-ctrl,pos,11.02
PLT-E-PBM-IFN-ctrl,neg,102.01
PLT-E-PBM-IFN-ctrl,neg,93.67
PLT-E-PBM-IFN-ctrl,neg,95.51
PLT-E-PBM-IFN-ctrl,neg,99.98
PLT-E-PBM-IFN-ctrl,neg,99.67
PLT-E-PBM-IFN-ctrl,neg,100.04
PLT-E-PBM-IFN-ctrl,neg,102.5
PLT-E-PBM-IFN-ctrl,neg,102.4
PLT-E-PBM-IFN-ctrl,pos,10.14
PLT-E-PBM-IFN-ctrl,pos,8.78
PLT-E-PBM-IFN-ctrl,pos,9.02
PLT-E-PBM-IFN-ctrl,pos,10.33
PLT-E-PBM-IFN-ctrl,pos,9.03
PLT-E-PBM-IFN-ctrl,pos,10.53
PLT-E-PBM-IFN-ctrl,pos,8.6
PLT-E-PBM-IL6-ctrl,neg,101.88
PLT-E-PBM-IL6-ctrl,neg,100.47
PLT-E-PBM-IL6-ctrl,neg,97.69
PLT-E-PBM-IL6-ctrl,neg,101.78
PLT-E-PBM-IL6-ctrl,neg,96.2
PLT-E-PBM-IL6-ctrl,neg,92.97
PLT-E-PBM-IL6-ctrl,neg,101.4
PLT-E-PBM-IL6-ctrl,neg,100.89
PLT-E-PBM-IL6-ctrl,pos,10.3
PLT-E-PBM-IL6-ctrl,pos,11.11
PLT-E-PBM-IL6-ctrl,pos,9.98
PLT-E-PBM-IL6-ctrl,pos,9.7
PLT-E-PBM-IL6-ctrl,pos,10.64
PLT-E-PBM-IL6-ctrl,pos,9.43
PLT-E-PBM-IL6-ctrl,pos,9.81
PLT-E-PBM-TNF-ctrl,neg,95.53
PLT-E-PBM-TNF-ctrl,neg,102.46
PLT-E-PBM-TNF-ctrl,neg,100.75
PLT-E-PBM-TNF-ctrl,neg,98.27
PLT-E-PBM-TNF-ctrl,neg,101.47
PLT-E-PBM-TNF-ctrl,neg,98.81
PLT-E-PBM-TNF-ctrl,neg,99.53
PLT-E-PBM-TNF-ctrl,pos,10.81
PLT-E-PBM-TNF-ctrl,pos,9.62
PLT-E-PBM-TNF-ctrl,pos,10.52
PLT-E-PBM-TNF-ctrl,pos,9.96
PLT-E-PBM-TNF-ctrl,pos,10.86
PLT-E-PBM-C3a-ctrl,neg,98.51
PLT-E-PBM-C3a-ctrl,neg,101.2
PLT-E-PBM-C3a-ctrl,neg,99.38
PLT-E-PBM-C3a-ctrl,neg,101.99
PLT-E-PBM-C3a-ctrl,neg,95.53
PLT-E-PBM-C3a-ctrl,neg,98.53
PLT-E-PBM-C3a-ctrl,neg,100.91
PLT-E-PBM-C3a-ctrl,neg,100.88
PLT-E-PBM-C3a-ctrl,pos,9.08
PLT-E-PBM-C3a-ctrl,pos,9.38
PLT-E-PBM-C3a-ctrl,pos,11.85
PLT-E-PBM-C3a-ctrl,pos,8.99
PLT-E-PBM-C5a-ctrl,neg,101.19
PLT-E-PBM-C5a-ctrl,neg,100.35
PLT-E-PBM-C5a-ctrl,neg,99.42
PLT-E-PBM-C5a-ctrl,neg,104.01
PLT-E-PBM-C5a-ctrl,neg,99.62
PLT-E-PBM-C5a-ctrl,neg,100.3
PLT-E-PBM-C5a-ctrl,neg,96.7
PLT-E-PBM-C5a-ctrl,pos,9.49
PLT-E-PBM-C5a-ctrl,pos,10.39
PLT-E-PBM-C5a-ctrl,pos,9.38
PLT-E-PBM-C5a-ctrl,pos,10.04
PLT-E-PBM-C5a-ctrl,pos,9.51
PLT-E-PBM-C5a-ctrl,pos,9.12
PLT-E-PBM-C5a-ctrl,pos,9.09
PLT-E-PBM-TLR-ctrl,neg,100.81
PLT-E-PBM-TLR-ctrl,neg,98.08
PLT-E-PBM-TLR-ctrl,neg,100.43
PLT-E-PBM-TLR-ctrl,neg,100.94
PLT-E-PBM-TLR-ctrl,neg,100.21
PLT-E-PBM-TLR-ctrl,neg,99.21
PLT-E-PBM-TLR-ctrl,neg,99.9
PLT-E-PBM-TLR-ctrl,pos,9.09
PLT-E-PBM-TLR-ctrl,pos,10.49
PLT-E-PBM-TLR-ctrl,pos,8.85
PLT-E-PBM-TLR-ctrl,pos,10.55
PLT-E-PBM-TLR-ctrl,pos,10.23
PLT-E-PBM-TLR-ctrl,pos,9.61
PLT-E-PBM-TLR-ctrl,pos,8.63
PLT-A-PHH-Cel-ctrl,neg,100.76
PLT-A-PHH-Cel-ctrl,neg,99.4
PLT-A-PHH-Cel-ctrl,neg,94.77
PLT-A-PHH-Cel-ctrl,neg,99.22
PLT-A-PHH-Cel-ctrl,neg,96.61
PLT-A-PHH-Cel-ctrl,neg,97.54
PLT-A-PHH-Cel-ctrl,neg,99.5
PLT-A-PHH-Cel-ctrl,neg,99.85
PLT-A-PHH-Cel-ctrl,pos,9.33
PLT-A-PHH-Cel-ctrl,pos,10.42
PLT-A-PHH-Cel-ctrl,pos,9.91
PLT-A-PHH-Cel-ctrl,pos,10.96
PLT-A-PHH-Cel-ctrl,pos,8.28
PLT-A-PHH-Cel-ctrl,pos,11.04
PLT-A-PHH-LDH-ctrl,neg,102.66
PLT-A-PHH-LDH-ctrl,neg,100.99
PLT-A-PHH-LDH-ctrl,neg,98.89
PLT-A-PHH-LDH-ctrl,neg,99.71
PLT-A-PHH-LDH-ctrl,neg,98.88
PLT-A-PHH-LDH-ctrl,neg,100.52
PLT-A-PHH-LDH-ctrl,neg,101.97
PLT-A-PHH-LDH-ctrl,pos,10.68
PLT-A-PHH-LDH-ctrl,pos,11.02
PLT-A-PHH-LDH-ctrl,pos,11.2
PLT-A-PHH-LDH-ctrl,pos,9.06
PLT-A-PHH-LDH-ctrl,pos,10.57
PLT-A-PHH-LDH-ctrl,pos,8.95
PLT-A-PHH-ALT-ctrl,neg,99.47
PLT-A-PHH-ALT-ctrl,neg,98.82
PLT-A-PHH-ALT-ctrl,neg,100.02
PLT-A-PHH-ALT-ctrl,neg,99.91
PLT-A-PHH-ALT-ctrl,neg,101.25
PLT-A-PHH-ALT-ctrl,neg,95.32
PLT-A-PHH-ALT-ctrl,neg,98.53
PLT-A-PHH-ALT-ctrl,neg,97.98
PLT-A-PHH-ALT-ctrl,pos,9.6
PLT-A-PHH-ALT-ctrl,pos,8.8
PLT-A-PHH-ALT-ctrl,pos,9.69
PLT-A-PHH-ALT-ctrl,pos,10.36
PLT-A-PHH-ALT-ctrl,pos,9.8
PLT-A-PHH-ALT-ctrl,pos,8.65
PLT-A-PHH-Cas-ctrl,neg,99.84
PLT-A-PHH-Cas-ctrl,neg,98.5
PLT-A-PHH-Cas-ctrl,neg,96.53
PLT-A-PHH-Cas-ctrl,neg,99.66
PLT-A-PHH-Cas-ctrl,neg,98.48
PLT-A-PHH-Cas-ctrl,neg,101.62
PLT-A-PHH-Cas-ctrl,neg,101.03
PLT-A-PHH-Cas-ctrl,neg,103.89
PLT-A-PHH-Cas-ctrl,pos,10.09
PLT-A-PHH-Cas-ctrl,pos,9.71
PLT-A-PHH-Cas-ctrl,pos,11.37
PLT-A-PHH-Cas-ctrl,pos,10.01
PLT-A-PHH-Cas-ctrl,pos,9.48
PLT-A-PBM-IFN-ctrl,neg,101.27
PLT-A-PBM-IFN-ctrl,neg,98.59
PLT-A-PBM-IFN-ctrl,neg,97.93
PLT-A-PBM-IFN-ctrl,neg,101.52
PLT-A-PBM-IFN-ctrl,neg,99.15
PLT-A-PBM-IFN-ctrl,neg,98.32
PLT-A-PBM-IFN-ctrl,neg,101.62
PLT-A-PBM-IFN-ctrl,neg,100.92
PLT-A-PBM-IFN-ctrl,pos,9.83
PLT-A-PBM-IFN-ctrl,pos,10.3
PLT-A-PBM-IFN-ctrl,pos,10.17
PLT-A-PBM-IFN-ctrl,pos,10.1
PLT-A-PBM-IFN-ctrl,pos,9.51
PLT-A-PBM-IFN-ctrl,pos,9.56
PLT-A-PBM-IL6-ctrl,neg,99.89
PLT-A-PBM-IL6-ctrl,neg,100.24
PLT-A-PBM-IL6-ctrl,neg,100.16
PLT-A-PBM-IL6-ctrl,neg,101.31
PLT-A-PBM-IL6-ctrl,neg,101.08
PLT-A-PBM-IL6-ctrl,neg,97.77
PLT-A-PBM-IL6-ctrl,neg,100.43
PLT-A-PBM-IL6-ctrl,pos,10.43
PLT-A-PBM-IL6-ctrl,pos,9.19
PLT-A-PBM-IL6-ctrl,pos,10.15
PLT-A-PBM-IL6-ctrl,pos,9.14
PLT-A-PBM-IL6-ctrl,pos,9.99
PLT-A-PBM-TNF-ctrl,neg,101.79
PLT-A-PBM-TNF-ctrl,neg,98.57
PLT-A-PBM-TNF-ctrl,neg,100.26
PLT-A-PBM-TNF-ctrl,neg,103.73
PLT-A-PBM-TNF-ctrl,neg,96.39
PLT-A-PBM-TNF-ctrl,neg,102.17
PLT-A-PBM-TNF-ctrl,neg,100.76
PLT-A-PBM-TNF-ctrl,pos,11.01
PLT-A-PBM-TNF-ctrl,pos,10.77
PLT-A-PBM-TNF-ctrl,pos,9.47
PLT-A-PBM-TNF-ctrl,pos,8.83
PLT-A-PBM-TNF-ctrl,pos,9.58
PLT-A-PBM-TNF-ctrl,pos,10.02
PLT-A-PBM-TNF-ctrl,pos,10.24
PLT-A-PBM-C3a-ctrl,neg,98.73
PLT-A-PBM-C3a-ctrl,neg,101.35
PLT-A-PBM-C3a-ctrl,neg,98.14
PLT-A-PBM-C3a-ctrl,neg,101.22
PLT-A-PBM-C3a-ctrl,neg,101.13
PLT-A-PBM-C3a-ctrl,neg,99.73
PLT-A-PBM-C3a-ctrl,neg,103.16
PLT-A-PBM-C3a-ctrl,pos,8.66
PLT-A-PBM-C3a-ctrl,pos,10.79
PLT-A-PBM-C3a-ctrl,pos,9.47
PLT-A-PBM-C3a-ctrl,pos,10.64
PLT-A-PBM-C3a-ctrl,pos,10.24
PLT-A-PBM-C3a-ctrl,pos,7.89
PLT-A-PBM-C3a-ctrl,pos,10.48
PLT-A-PBM-C5a-ctrl,neg,99.45
PLT-A-PBM-C5a-ctrl,neg,101.84
PLT-A-PBM-C5a-ctrl,neg,96.61
PLT-A-PBM-C5a-ctrl,neg,98.79
PLT-A-PBM-C5a-ctrl,neg,100.99
PLT-A-PBM-C5a-ctrl,neg,103.95
PLT-A-PBM-C5a-ctrl,neg,98.07
PLT-A-PBM-C5a-ctrl,neg,97.72
PLT-A-PBM-C5a-ctrl,pos,10.04
PLT-A-PBM-C5a-ctrl,pos,9.03
PLT-A-PBM-C5a-ctrl,pos,9.59
PLT-A-PBM-C5a-ctrl,pos,10.42
PLT-A-PBM-C5a-ctrl,pos,10.94
PLT-A-PBM-TLR-ctrl,neg,98.9
PLT-A-PBM-TLR-ctrl,neg,99.27
PLT-A-PBM-TLR-ctrl,neg,103.58
PLT-A-PBM-TLR-ctrl,neg,100.58
PLT-A-PBM-TLR-ctrl,neg,100.4
PLT-A-PBM-TLR-ctrl,neg,100.21
PLT-A-PBM-TLR-ctrl,pos,9.14
PLT-A-PBM-TLR-ctrl,pos,10.96
PLT-A-PBM-TLR-ctrl,pos,9.4
PLT-A-PBM-TLR-ctrl,pos,9.54
PLT-A-PBM-TLR-ctrl,pos,10.65
PLT-A-PBM-TLR-ctrl,pos,7.89
PLT-B-PHH-Cel-ctrl,neg,97.06
PLT-B-PHH-Cel-ctrl,neg,102.88
PLT-B-PHH-Cel-ctrl,neg,98.82
PLT-B-PHH-Cel-ctrl,neg,99.48
PLT-B-PHH-Cel-ctrl,neg,100.57
PLT-B-PHH-Cel-ctrl,neg,103.1
PLT-B-PHH-Cel-ctrl,neg,100.56
PLT-B-PHH-Cel-ctrl,neg,100.82
PLT-B-PHH-Cel-ctrl,pos,10.81
PLT-B-PHH-Cel-ctrl,pos,10.41
PLT-B-PHH-Cel-ctrl,pos,9.52
PLT-B-PHH-Cel-ctrl,pos,8.61
PLT-B-PHH-Cel-ctrl,pos,11.46
PLT-B-PHH-Cel-ctrl,pos,9.17
PLT-B-PHH-LDH-ctrl,neg,101.47
PLT-B-PHH-LDH-ctrl,neg,97.63
PLT-B-PHH-LDH-ctrl,neg,95.98
PLT-B-PHH-LDH-ctrl,neg,104.19
PLT-B-PHH-LDH-ctrl,neg,101.07
PLT-B-PHH-LDH-ctrl,neg,94.4
PLT-B-PHH-LDH-ctrl,neg,103.09
PLT-B-PHH-LDH-ctrl,pos,8.75
PLT-B-PHH-LDH-ctrl,pos,9.75
PLT-B-PHH-LDH-ctrl,pos,10.21
PLT-B-PHH-LDH-ctrl,pos,10.39
PLT-B-PHH-LDH-ctrl,pos,10.26
PLT-B-PHH-ALT-ctrl,neg,98.74
PLT-B-PHH-ALT-ctrl,neg,103.18
PLT-B-PHH-ALT-ctrl,neg,99.84
PLT-B-PHH-ALT-ctrl,neg,102.78
PLT-B-PHH-ALT-ctrl,neg,99.75
PLT-B-PHH-ALT-ctrl,neg,98.33
PLT-B-PHH-ALT-ctrl,neg,102.4
PLT-B-PHH-ALT-ctrl,pos,9.77
PLT-B-PHH-ALT-ctrl,pos,9.82
PLT-B-PHH-ALT-ctrl,pos,8.42
PLT-B-PHH-ALT-ctrl,pos,9.9
PLT-B-PHH-ALT-ctrl,pos,10.55
PLT-B-PHH-ALT-ctrl,pos,9.66
PLT-B-PHH-ALT-ctrl,pos,8.97
PLT-B-PHH-ALT-ctrl,pos,9.62
PLT-B-PHH-Cas-ctrl,neg,101.98
PLT-B-PHH-Cas-ctrl,neg,98.35
PLT-B-PHH-Cas-ctrl,neg,100.31
PLT-B-PHH-Cas-ctrl,neg,102.55
PLT-B-PHH-Cas-ctrl,neg,98.54
PLT-B-PHH-Cas-ctrl,neg,99.79
PLT-B-PHH-Cas-ctrl,neg,99.14
PLT-B-PHH-Cas-ctrl,pos,10.11
PLT-B-PHH-Cas-ctrl,pos,9.95
PLT-B-PHH-Cas-ctrl,pos,10.74
PLT-B-PHH-Cas-ctrl,pos,9.5
PLT-B-PHH-Cas-ctrl,pos,11.02
PLT-B-PHH-Cas-ctrl,pos,11.28
PLT-B-PHH-Cas-ctrl,pos,10.21
PLT-B-PHH-Cas-ctrl,pos,9.37
PLT-B-PBM-IFN-ctrl,neg,98.86
PLT-B-PBM-IFN-ctrl,neg,103.56
PLT-B-PBM-IFN-ctrl,neg,100.28
PLT-B-PBM-IFN-ctrl,neg,99.08
PLT-B-PBM-IFN-ctrl,neg,99.68
PLT-B-PBM-IFN-ctrl,neg,99.47
PLT-B-PBM-IFN-ctrl,neg,101.1
PLT-B-PBM-IFN-ctrl,pos,9.39
PLT-B-PBM-IFN-ctrl,pos,10.28
PLT-B-PBM-IFN-ctrl,pos,9.13
PLT-B-PBM-IFN-ctrl,pos,9.88
PLT-B-PBM-IFN-ctrl,pos,9.94
PLT-B-PBM-IL6-ctrl,neg,99.53
PLT-B-PBM-IL6-ctrl,neg,100.85
PLT-B-PBM-IL6-ctrl,neg,101.9
PLT-B-PBM-IL6-ctrl,neg,99.65
PLT-B-PBM-IL6-ctrl,neg,100.49
PLT-B-PBM-IL6-ctrl,neg,101.57
PLT-B-PBM-IL6-ctrl,neg,99.74
PLT-B-PBM-IL6-ctrl,neg,101.17
PLT-B-PBM-IL6-ctrl,pos,9.57
PLT-B-PBM-IL6-ctrl,pos,10.62
PLT-B-PBM-IL6-ctrl,pos,9.43
PLT-B-PBM-IL6-ctrl,pos,10.52
PLT-B-PBM-IL6-ctrl,pos,9.18
PLT-B-PBM-IL6-ctrl,pos,9.53
PLT-B-PBM-TNF-ctrl,neg,102.06
PLT-B-PBM-TNF-ctrl,neg,97.46
PLT-B-PBM-TNF-ctrl,neg,98.56
PLT-B-PBM-TNF-ctrl,neg,97.2
PLT-B-PBM-TNF-ctrl,neg,98.53
PLT-B-PBM-TNF-ctrl,neg,99.32
PLT-B-PBM-TNF-ctrl,neg,101.78
PLT-B-PBM-TNF-ctrl,neg,102.58
PLT-B-PBM-TNF-ctrl,pos,11.55
PLT-B-PBM-TNF-ctrl,pos,9.82
PLT-B-PBM-TNF-ctrl,pos,10.62
PLT-B-PBM-TNF-ctrl,pos,9.23
PLT-B-PBM-TNF-ctrl,pos,9.71
PLT-B-PBM-TNF-ctrl,pos,9.97
PLT-B-PBM-C3a-ctrl,neg,102.38
PLT-B-PBM-C3a-ctrl,neg,100.58
PLT-B-PBM-C3a-ctrl,neg,98.1
PLT-B-PBM-C3a-ctrl,neg,97.13
PLT-B-PBM-C3a-ctrl,neg,99.24
PLT-B-PBM-C3a-ctrl,neg,100.63
PLT-B-PBM-C3a-ctrl,neg,99.06
PLT-B-PBM-C3a-ctrl,neg,102.02
PLT-B-PBM-C3a-ctrl,pos,10.42
PLT-B-PBM-C3a-ctrl,pos,10.19
PLT-B-PBM-C3a-ctrl,pos,8.89
PLT-B-PBM-C3a-ctrl,pos,9.6
PLT-B-PBM-C3a-ctrl,pos,9.17
PLT-B-PBM-C3a-ctrl,pos,10.31
PLT-B-PBM-C3a-ctrl,pos,9.18
PLT-B-PBM-C5a-ctrl,neg,103.57
PLT-B-PBM-C5a-ctrl,neg,95.79
PLT-B-PBM-C5a-ctrl,neg,101.76
PLT-B-PBM-C5a-ctrl,neg,100.43
PLT-B-PBM-C5a-ctrl,neg,100.94
PLT-B-PBM-C5a-ctrl,neg,98.43
PLT-B-PBM-C5a-ctrl,neg,99.7
PLT-B-PBM-C5a-ctrl,neg,100.59
PLT-B-PBM-C5a-ctrl,pos,9.93
PLT-B-PBM-C5a-ctrl,pos,8.56
PLT-B-PBM-C5a-ctrl,pos,11.37
PLT-B-PBM-C5a-ctrl,pos,10.52
PLT-B-PBM-C5a-ctrl,pos,10.08
PLT-B-PBM-C5a-ctrl,pos,11.35
PLT-B-PBM-C5a-ctrl,pos,9.41
PLT-B-PBM-TLR-ctrl,neg,100.35
PLT-B-PBM-TLR-ctrl,neg,100.98
PLT-B-PBM-TLR-ctrl,neg,96.1
PLT-B-PBM-TLR-ctrl,neg,99.35
PLT-B-PBM-TLR-ctrl,neg,99.4
PLT-B-PBM-TLR-ctrl,neg,101.96
PLT-B-PBM-TLR-ctrl,neg,97.06
PLT-B-PBM-TLR-ctrl,neg,102.11
PLT-B-PBM-TLR-ctrl,pos,11.44
PLT-B-PBM-TLR-ctrl,pos,8.62
PLT-B-PBM-TLR-ctrl,pos,10.01
PLT-B-PBM-TLR-ctrl,pos,8.27
PLT-B-PBM-TLR-ctrl,pos,10.27
PLT-B-PBM-TLR-ctrl,pos,9.83
PLT-C-PHH-Cel-ctrl,neg,98.24
PLT-C-PHH-Cel-ctrl,neg,101.26
PLT-C-PHH-Cel-ctrl,neg,102.78
PLT-C-PHH-Cel-ctrl,neg,100.68
PLT-C-PHH-Cel-ctrl,neg,98.51
PLT-C-PHH-Cel-ctrl,neg,100.61
PLT-C-PHH-Cel-ctrl,neg,97.23
PLT-C-PHH-Cel-ctrl,neg,98.05
PLT-C-PHH-Cel-ctrl,pos,10.05
PLT-C-PHH-Cel-ctrl,pos,9.04
PLT-C-PHH-Cel-ctrl,pos,10.2
PLT-C-PHH-Cel-ctrl,pos,10.42
PLT-C-PHH-Cel-ctrl,pos,9.83
PLT-C-PHH-Cel-ctrl,pos,8.27
PLT-C-PHH-LDH-ctrl,neg,99.14
PLT-C-PHH-LDH-ctrl,neg,101.23
PLT-C-PHH-LDH-ctrl,neg,102.08
PLT-C-PHH-LDH-ctrl,neg,101.18
PLT-C-PHH-LDH-ctrl,neg,100.4
PLT-C-PHH-LDH-ctrl,neg,93.1
PLT-C-PHH-LDH-ctrl,neg,98.07
PLT-C-PHH-LDH-ctrl,neg,101.36
PLT-C-PHH-LDH-ctrl,pos,9.21
PLT-C-PHH-LDH-ctrl,pos,10.41
PLT-C-PHH-LDH-ctrl,pos,9.91
PLT-C-PHH-LDH-ctrl,pos,8.59
PLT-C-PHH-LDH-ctrl,pos,9.41
PLT-C-PHH-LDH-ctrl,pos,10.55
PLT-C-PHH-LDH-ctrl,pos,11.01
PLT-C-PHH-ALT-ctrl,neg,99.11
PLT-C-PHH-ALT-ctrl,neg,98.11
PLT-C-PHH-ALT-ctrl,neg,97.41
PLT-C-PHH-ALT-ctrl,neg,102.36
PLT-C-PHH-ALT-ctrl,neg,101.61
PLT-C-PHH-ALT-ctrl,neg,98.07
PLT-C-PHH-ALT-ctrl,neg,97.46
PLT-C-PHH-ALT-ctrl,pos,8.94
PLT-C-PHH-ALT-ctrl,pos,9.81
PLT-C-PHH-ALT-ctrl,pos,10.06
PLT-C-PHH-ALT-ctrl,pos,10.24
PLT-C-PHH-ALT-ctrl,pos,10.27
PLT-C-PHH-ALT-ctrl,pos,9.38
PLT-C-PHH-Cas-ctrl,neg,100.15
PLT-C-PHH-Cas-ctrl,neg,100.14
PLT-C-PHH-Cas-ctrl,neg,100.69
PLT-C-PHH-Cas-ctrl,neg,103.17
PLT-C-PHH-Cas-ctrl,neg,99.56
PLT-C-PHH-Cas-ctrl,neg,101.61
PLT-C-PHH-Cas-ctrl,neg,101.04
PLT-C-PHH-Cas-ctrl,pos,10.61
PLT-C-PHH-Cas-ctrl,pos,9.39
PLT-C-PHH-Cas-ctrl,pos,9.22
PLT-C-PHH-Cas-ctrl,pos,10.35
PLT-C-PHH-Cas-ctrl,pos,8.69
PLT-C-PBM-IFN-ctrl,neg,96.23
PLT-C-PBM-IFN-ctrl,neg,96.85
PLT-C-PBM-IFN-ctrl,neg,98.29
PLT-C-PBM-IFN-ctrl,neg,98.91
PLT-C-PBM-IFN-ctrl,neg,97.93
PLT-C-PBM-IFN-ctrl,neg,100.3
PLT-C-PBM-IFN-ctrl,neg,102.27
PLT-C-PBM-IFN-ctrl,pos,10.22
PLT-C-PBM-IFN-ctrl,pos,9.95
PLT-C-PBM-IFN-ctrl,pos,10.27
PLT-C-PBM-IFN-ctrl,pos,10.76
PLT-C-PBM-IFN-ctrl,pos,9.04
PLT-C-PBM-IFN-ctrl,pos,10.62
PLT-C-PBM-IL6-ctrl,neg,101.31
PLT-C-PBM-IL6-ctrl,neg,97.93
PLT-C-PBM-IL6-ctrl,neg,99.42
PLT-C-PBM-IL6-ctrl,neg,98.0
PLT-C-PBM-IL6-ctrl,neg,102.59
PLT-C-PBM-IL6-ctrl,neg,96.89
PLT-C-PBM-IL6-ctrl,neg,100.74
PLT-C-PBM-IL6-ctrl,neg,100.68
PLT-C-PBM-IL6-ctrl,pos,8.12
PLT-C-PBM-IL6-ctrl,pos,8.38
PLT-C-PBM-IL6-ctrl,pos,10.09
PLT-C-PBM-IL6-ctrl,pos,9.26
PLT-C-PBM-IL6-ctrl,pos,9.66
PLT-C-PBM-IL6-ctrl,pos,9.16
PLT-C-PBM-TNF-ctrl,neg,98.44
PLT-C-PBM-TNF-ctrl,neg,101.19
PLT-C-PBM-TNF-ctrl,neg,99.9
PLT-C-PBM-TNF-ctrl,neg,99.59
PLT-C-PBM-TNF-ctrl,neg,101.47
PLT-C-PBM-TNF-ctrl,neg,103.81
PLT-C-PBM-TNF-ctrl,neg,100.55
PLT-C-PBM-TNF-ctrl,neg,96.39
PLT-C-PBM-TNF-ctrl,pos,10.06
PLT-C-PBM-TNF-ctrl,pos,10.82
PLT-C-PBM-TNF-ctrl,pos,10.11
PLT-C-PBM-TNF-ctrl,pos,10.41
PLT-C-PBM-TNF-ctrl,pos,10.77
PLT-C-PBM-TNF-ctrl,pos,10.49
PLT-C-PBM-C3a-ctrl,neg,99.08
PLT-C-PBM-C3a-ctrl,neg,98.06
PLT-C-PBM-C3a-ctrl,neg,99.35
PLT-C-PBM-C3a-ctrl,neg,99.37
PLT-C-PBM-C3a-ctrl,neg,100.29
PLT-C-PBM-C3a-ctrl,neg,99.59
PLT-C-PBM-C3a-ctrl,neg,98.2
PLT-C-PBM-C3a-ctrl,neg,102.43
PLT-C-PBM-C3a-ctrl,pos,10.32
PLT-C-PBM-C3a-ctrl,pos,9.29
PLT-C-PBM-C3a-ctrl,pos,8.83
PLT-C-PBM-C3a-ctrl,pos,8.77
PLT-C-PBM-C3a-ctrl,pos,10.84
PLT-C-PBM-C3a-ctrl,pos,10.75
PLT-C-PBM-C3a-ctrl,pos,9.53
PLT-C-PBM-C5a-ctrl,neg,99.97
PLT-C-PBM-C5a-ctrl,neg,99.14
PLT-C-PBM-C5a-ctrl,neg,98.83
PLT-C-PBM-C5a-ctrl,neg,98.6
PLT-C-PBM-C5a-ctrl,neg,99.96
PLT-C-PBM-C5a-ctrl,neg,98.45
PLT-C-PBM-C5a-ctrl,neg,93.67
PLT-C-PBM-C5a-ctrl,pos,11.32
PLT-C-PBM-C5a-ctrl,pos,10.52
PLT-C-PBM-C5a-ctrl,pos,9.3
PLT-C-PBM-C5a-ctrl,pos,8.99
PLT-C-PBM-C5a-ctrl,pos,8.75
PLT-C-PBM-C5a-ctrl,pos,10.51
PLT-C-PBM-C5a-ctrl,pos,11.01
PLT-C-PBM-TLR-ctrl,neg,101.07
PLT-C-PBM-TLR-ctrl,neg,102.77
PLT-C-PBM-TLR-ctrl,neg,99.18
PLT-C-PBM-TLR-ctrl,neg,99.37
PLT-C-PBM-TLR-ctrl,neg,101.84
PLT-C-PBM-TLR-ctrl,neg,98.79
PLT-C-PBM-TLR-ctrl,neg,100.17
PLT-C-PBM-TLR-ctrl,neg,96.01
PLT-C-PBM-TLR-ctrl,pos,11.08
PLT-C-PBM-TLR-ctrl,pos,9.72
PLT-C-PBM-TLR-ctrl,pos,10.75
PLT-D-PHH-Cel-ctrl,neg,99.41
PLT-D-PHH-Cel-ctrl,neg,103.2
PLT-D-PHH-Cel-ctrl,neg,99.6
PLT-D-PHH-Cel-ctrl,neg,100.01
PLT-D-PHH-Cel-ctrl,neg,100.59
PLT-D-PHH-Cel-ctrl,neg,99.25
PLT-D-PHH-Cel-ctrl,neg,101.09
PLT-D-PHH-Cel-ctrl,pos,9.11
PLT-D-PHH-Cel-ctrl,pos,9.61
PLT-D-PHH-Cel-ctrl,pos,10.22
PLT-D-PHH-Cel-ctrl,pos,10.14
PLT-D-PHH-Cel-ctrl,pos,9.42
PLT-D-PHH-LDH-ctrl,neg,103.36
PLT-D-PHH-LDH-ctrl,neg,102.28
PLT-D-PHH-LDH-ctrl,neg,99.14
PLT-D-PHH-LDH-ctrl,neg,98.91
PLT-D-PHH-LDH-ctrl,neg,100.78
PLT-D-PHH-LDH-ctrl,pos,8.96
PLT-D-PHH-LDH-ctrl,pos,10.53
PLT-D-PHH-LDH-ctrl,pos,9.56
PLT-D-PHH-LDH-ctrl,pos,9.39
PLT-D-PHH-LDH-ctrl,pos,11.58
PLT-D-PHH-LDH-ctrl,pos,9.97
PLT-D-PHH-ALT-ctrl,neg,98.53
PLT-D-PHH-ALT-ctrl,neg,100.6
PLT-D-PHH-ALT-ctrl,neg,101.27
PLT-D-PHH-ALT-ctrl,neg,97.58
PLT-D-PHH-ALT-ctrl,neg,98.97
PLT-D-PHH-ALT-ctrl,neg,96.21
PLT-D-PHH-ALT-ctrl,neg,95.22
PLT-D-PHH-ALT-ctrl,neg,100.97
PLT-D-PHH-ALT-ctrl,pos,10.25
PLT-D-PHH-ALT-ctrl,pos,10.14
PLT-D-PHH-ALT-ctrl,pos,11.27
PLT-D-PHH-ALT-ctrl,pos,8.66
PLT-D-PHH-ALT-ctrl,pos,8.34
PLT-D-PHH-ALT-ctrl,pos,9.1
PLT-D-PHH-ALT-ctrl,pos,9.51
PLT-D-PHH-Cas-ctrl,neg,96.49
PLT-D-PHH-Cas-ctrl,neg,99.01
PLT-D-PHH-Cas-ctrl,neg,98.93
PLT-D-PHH-Cas-ctrl,neg,99.88
PLT-D-PHH-Cas-ctrl,neg,101.23
PLT-D-PHH-Cas-ctrl,neg,103.42
PLT-D-PHH-Cas-ctrl,neg,100.86
PLT-D-PHH-Cas-ctrl,neg,98.03
PLT-D-PHH-Cas-ctrl,pos,10.53
PLT-D-PHH-Cas-ctrl,pos,11.12
PLT-D-PHH-Cas-ctrl,pos,9.1
PLT-D-PHH-Cas-ctrl,pos,9.15
PLT-D-PHH-Cas-ctrl,pos,8.86
PLT-D-PHH-Cas-ctrl,pos,9.55
PLT-D-PHH-Cas-ctrl,pos,10.3
PLT-D-PBM-IFN-ctrl,neg,98.48
PLT-D-PBM-IFN-ctrl,neg,97.58
PLT-D-PBM-IFN-ctrl,neg,97.59
PLT-D-PBM-IFN-ctrl,neg,101.64
PLT-D-PBM-IFN-ctrl,neg,105.29
PLT-D-PBM-IFN-ctrl,neg,98.39
PLT-D-PBM-IFN-ctrl,neg,100.43
PLT-D-PBM-IFN-ctrl,neg,100.62
PLT-D-PBM-IFN-ctrl,pos,9.58
PLT-D-PBM-IFN-ctrl,pos,11.13
PLT-D-PBM-IFN-ctrl,pos,11.76
PLT-D-PBM-IFN-ctrl,pos,9.56
PLT-D-PBM-IFN-ctrl,pos,9.22
PLT-D-PBM-IL6-ctrl,neg,100.48
PLT-D-PBM-IL6-ctrl,neg,100.39
PLT-D-PBM-IL6-ctrl,neg,100.64
PLT-D-PBM-IL6-ctrl,neg,98.83
PLT-D-PBM-IL6-ctrl,neg,101.98
PLT-D-PBM-IL6-ctrl,neg,98.17
PLT-D-PBM-IL6-ctrl,neg,100.85
PLT-D-PBM-IL6-ctrl,neg,102.44
PLT-D-PBM-IL6-ctrl,pos,11.45
PLT-D-PBM-IL6-ctrl,pos,9.51
PLT-D-PBM-IL6-ctrl,pos,9.04
PLT-D-PBM-IL6-ctrl,pos,7.82
PLT-D-PBM-TNF-ctrl,neg,101.56
PLT-D-PBM-TNF-ctrl,neg,98.74
PLT-D-PBM-TNF-ctrl,neg,101.35
PLT-D-PBM-TNF-ctrl,neg,100.57
PLT-D-PBM-TNF-ctrl,neg,100.27
PLT-D-PBM-TNF-ctrl,neg,100.17
PLT-D-PBM-TNF-ctrl,pos,10.69
PLT-D-PBM-TNF-ctrl,pos,10.25
PLT-D-PBM-TNF-ctrl,pos,9.64
PLT-D-PBM-TNF-ctrl,pos,9.89
PLT-D-PBM-C3a-ctrl,neg,100.99
PLT-D-PBM-C3a-ctrl,neg,99.03
PLT-D-PBM-C3a-ctrl,neg,98.86
PLT-D-PBM-C3a-ctrl,neg,101.2
PLT-D-PBM-C3a-ctrl,neg,100.26
PLT-D-PBM-C3a-ctrl,neg,98.51
PLT-D-PBM-C3a-ctrl,neg,101.68
PLT-D-PBM-C3a-ctrl,pos,11.25
PLT-D-PBM-C3a-ctrl,pos,10.73
PLT-D-PBM-C3a-ctrl,pos,8.15
PLT-D-PBM-C3a-ctrl,pos,10.19
PLT-D-PBM-C3a-ctrl,pos,9.89
PLT-D-PBM-C3a-ctrl,pos,8.37
PLT-D-PBM-C3a-ctrl,pos,8.97
PLT-D-PBM-C3a-ctrl,pos,10.64
PLT-D-PBM-C5a-ctrl,neg,99.75
PLT-D-PBM-C5a-ctrl,neg,98.6
PLT-D-PBM-C5a-ctrl,neg,101.74
PLT-D-PBM-C5a-ctrl,neg,100.52
PLT-D-PBM-C5a-ctrl,neg,98.63
PLT-D-PBM-C5a-ctrl,neg,100.93
PLT-D-PBM-C5a-ctrl,neg,100.56
PLT-D-PBM-C5a-ctrl,pos,11.77
PLT-D-PBM-C5a-ctrl,pos,10.59
PLT-D-PBM-C5a-ctrl,pos,11.02
PLT-D-PBM-C5a-ctrl,pos,10.75
PLT-D-PBM-TLR-ctrl,neg,99.08
PLT-D-PBM-TLR-ctrl,neg,101.58
PLT-D-PBM-TLR-ctrl,neg,97.18
PLT-D-PBM-TLR-ctrl,neg,100.67
PLT-D-PBM-TLR-ctrl,neg,98.16
PLT-D-PBM-TLR-ctrl,neg,98.3
PLT-D-PBM-TLR-ctrl,neg,98.48
PLT-D-PBM-TLR-ctrl,neg,100.94
PLT-D-PBM-TLR-ctrl,pos,8.19
PLT-D-PBM-TLR-ctrl,pos,10.04
PLT-D-PBM-TLR-ctrl,pos,9.22
PLT-D-PBM-TLR-ctrl,pos,10.15
PLT-D-PBM-TLR-ctrl,pos,9.03
PLT-D-PBM-TLR-ctrl,pos,9.96
PLT-E-PHH-Cel-ctrl,neg,100.69
PLT-E-PHH-Cel-ctrl,neg,98.39
PLT-E-PHH-Cel-ctrl,neg,98.88
PLT-E-PHH-Cel-ctrl,neg,100.26
PLT-E-PHH-Cel-ctrl,neg,98.23
PLT-E-PHH-Cel-ctrl,neg,99.53
PLT-E-PHH-Cel-ctrl,neg,97.8
PLT-E-PHH-Cel-ctrl,neg,101.31
PLT-E-PHH-Cel-ctrl,pos,11.31
PLT-E-PHH-Cel-ctrl,pos,11.76
PLT-E-PHH-Cel-ctrl,pos,9.17
PLT-E-PHH-Cel-ctrl,pos,9.31
PLT-E-PHH-Cel-ctrl,pos,9.96
PLT-E-PHH-Cel-ctrl,pos,10.66
PLT-E-PHH-Cel-ctrl,pos,9.93
PLT-E-PHH-LDH-ctrl,neg,99.53
PLT-E-PHH-LDH-ctrl,neg,99.64
PLT-E-PHH-LDH-ctrl,neg,98.45
PLT-E-PHH-LDH-ctrl,neg,100.49
PLT-E-PHH-LDH-ctrl,neg,104.13
PLT-E-PHH-LDH-ctrl,neg,103.19
PLT-E-PHH-LDH-ctrl,neg,100.17
PLT-E-PHH-LDH-ctrl,neg,100.24
PLT-E-PHH-LDH-ctrl,pos,10.56
PLT-E-PHH-LDH-ctrl,pos,10.25
PLT-E-PHH-LDH-ctrl,pos,10.27
PLT-E-PHH-LDH-ctrl,pos,10.12
PLT-E-PHH-LDH-ctrl,pos,9.53
PLT-E-PHH-LDH-ctrl,pos,10.33
PLT-E-PHH-LDH-ctrl,pos,8.23
PLT-E-PHH-ALT-ctrl,neg,102.91
PLT-E-PHH-ALT-ctrl,neg,104.03
PLT-E-PHH-ALT-ctrl,neg,100.01
PLT-E-PHH-ALT-ctrl,neg,99.8
PLT-E-PHH-ALT-ctrl,neg,98.78
PLT-E-PHH-ALT-ctrl,neg,100.75
PLT-E-PHH-ALT-ctrl,neg,102.54
PLT-E-PHH-ALT-ctrl,pos,8.01
PLT-E-PHH-ALT-ctrl,pos,9.86
PLT-E-PHH-ALT-ctrl,pos,11.19
PLT-E-PHH-ALT-ctrl,pos,10.31
PLT-E-PHH-ALT-ctrl,pos,10.33
PLT-E-PHH-ALT-ctrl,pos,8.72
PLT-E-PHH-Cas-ctrl,neg,99.58
PLT-E-PHH-Cas-ctrl,neg,98.52
PLT-E-PHH-Cas-ctrl,neg,100.86
PLT-E-PHH-Cas-ctrl,neg,97.15
PLT-E-PHH-Cas-ctrl,neg,102.61
PLT-E-PHH-Cas-ctrl,neg,101.14
PLT-E-PHH-Cas-ctrl,neg,98.28
PLT-E-PHH-Cas-ctrl,pos,12.51
PLT-E-PHH-Cas-ctrl,pos,8.89
PLT-E-PHH-Cas-ctrl,pos,10.5
PLT-E-PHH-Cas-ctrl,pos,9.36
PLT-E-PHH-Cas-ctrl,pos,11.42
PLT-E-PHH-Cas-ctrl,pos,9.58
PLT-E-PHH-Cas-ctrl,pos,9.77
PLT-E-PHH-Cas-ctrl,pos,8.55
PLT-E-PBM-IFN-ctrl,neg,98.05
PLT-E-PBM-IFN-ctrl,neg,95.34
PLT-E-PBM-IFN-ctrl,neg,100.02
PLT-E-PBM-IFN-ctrl,neg,101.01
PLT-E-PBM-IFN-ctrl,neg,96.97
PLT-E-PBM-IFN-ctrl,neg,96.03
PLT-E-PBM-IFN-ctrl,neg,99.01
PLT-E-PBM-IFN-ctrl,neg,98.74
PLT-E-PBM-IFN-ctrl,pos,11.1
PLT-E-PBM-IFN-ctrl,pos,10.01
PLT-E-PBM-IFN-ctrl,pos,10.59
PLT-E-PBM-IFN-ctrl,pos,10.17
PLT-E-PBM-IFN-ctrl,pos,11.25
PLT-E-PBM-IFN-ctrl,pos,9.29
PLT-E-PBM-IFN-ctrl,pos,9.93
PLT-E-PBM-IFN-ctrl,pos,8.74
PLT-E-PBM-IL6-ctrl,neg,98.42
PLT-E-PBM-IL6-ctrl,neg,98.32
PLT-E-PBM-IL6-ctrl,neg,97.76
PLT-E-PBM-IL6-ctrl,neg,100.83
PLT-E-PBM-IL6-ctrl,neg,98.0
PLT-E-PBM-IL6-ctrl,neg,97.52
PLT-E-PBM-IL6-ctrl,neg,97.85
PLT-E-PBM-IL6-ctrl,pos,10.54
PLT-E-PBM-IL6-ctrl,pos,10.6
PLT-E-PBM-IL6-ctrl,pos,10.17
PLT-E-PBM-IL6-ctrl,pos,10.43
PLT-E-PBM-IL6-ctrl,pos,9.96
PLT-E-PBM-IL6-ctrl,pos,10.36
PLT-E-PBM-IL6-ctrl,pos,10.35
PLT-E-PBM-TNF-ctrl,neg,99.35
PLT-E-PBM-TNF-ctrl,neg,101.82
PLT-E-PBM-TNF-ctrl,neg,98.13
PLT-E-PBM-TNF-ctrl,neg,101.28
PLT-E-PBM-TNF-ctrl,neg,100.24
PLT-E-PBM-TNF-ctrl,neg,100.71
PLT-E-PBM-TNF-ctrl,neg,99.57
PLT-E-PBM-TNF-ctrl,pos,9.22
PLT-E-PBM-TNF-ctrl,pos,9.94
PLT-E-PBM-TNF-ctrl,pos,9.14
PLT-E-PBM-TNF-ctrl,pos,10.18
PLT-E-PBM-TNF-ctrl,pos,12.74
PLT-E-PBM-TNF-ctrl,pos,11.32
PLT-E-PBM-C3a-ctrl,neg,102.54
PLT-E-PBM-C3a-ctrl,neg,98.59
PLT-E-PBM-C3a-ctrl,neg,98.67
PLT-E-PBM-C3a-ctrl,neg,98.06
PLT-E-PBM-C3a-ctrl,neg,97.42
PLT-E-PBM-C3a-ctrl,neg,100.56
PLT-E-PBM-C3a-ctrl,neg,99.02
PLT-E-PBM-C3a-ctrl,pos,9.57
PLT-E-PBM-C3a-ctrl,pos,10.19
PLT-E-PBM-C3a-ctrl,pos,10.31
PLT-E-PBM-C3a-ctrl,pos,8.5
PLT-E-PBM-C3a-ctrl,pos,9.39
PLT-E-PBM-C3a-ctrl,pos,9.93
PLT-E-PBM-C5a-ctrl,neg,96.93
PLT-E-PBM-C5a-ctrl,neg,101.28
PLT-E-PBM-C5a-ctrl,neg,96.92
PLT-E-PBM-C5a-ctrl,neg,101.3
PLT-E-PBM-C5a-ctrl,neg,99.38
PLT-E-PBM-C5a-ctrl,neg,98.09
PLT-E-PBM-C5a-ctrl,neg,102.81
PLT-E-PBM-C5a-ctrl,neg,97.1
PLT-E-PBM-C5a-ctrl,pos,9.47
PLT-E-PBM-C5a-ctrl,pos,10.12
PLT-E-PBM-C5a-ctrl,pos,8.9
PLT-E-PBM-C5a-ctrl,pos,13.27
PLT-E-PBM-C5a-ctrl,pos,9.15
PLT-E-PBM-TLR-ctrl,neg,98.36
PLT-E-PBM-TLR-ctrl,neg,101.02
PLT-E-PBM-TLR-ctrl,neg,102.2
PLT-E-PBM-TLR-ctrl,neg,99.86
PLT-E-PBM-TLR-ctrl,neg,98.63
PLT-E-PBM-TLR-ctrl,neg,96.67
PLT-E-PBM-TLR-ctrl,pos,10.22
PLT-E-PBM-TLR-ctrl,pos,10.24
PLT-E-PBM-TLR-ctrl,pos,10.79
PLT-E-PBM-TLR-ctrl,pos,10.71
PLT-E-PBM-TLR-ctrl,pos,11.65
PLT-E-PBM-TLR-ctrl,pos,9.54
PLT-E-PBM-TLR-ctrl,pos,10.28
